image_path,video_id,label,split
C:\Capstone\DeepfakeBench\datasets\rgb\FaceForensics++\original_sequences\youtube\c23\frames\651\000.png,651,0,train
C:\Capstone\DeepfakeBench\datasets\rgb\FaceForensics++\original_sequences\youtube\c23\frames\651\001.png,651,0,train
C:\Capstone\DeepfakeBench\datasets\rgb\FaceForensics++\original_sequences\youtube\c23\frames\651\002.png,651,0,train
C:\Capstone\DeepfakeBench\datasets\rgb\FaceForensics++\original_sequences\youtube\c23\frames\651\003.png,651,0,train
C:\Capstone\DeepfakeBench\datasets\rgb\FaceForensics++\original_sequences\youtube\c23\frames\651\004.png,651,0,train
C:\Capstone\DeepfakeBench\datasets\rgb\FaceForensics++\original_sequences\youtube\c23\frames\651\005.png,651,0,train
C:\Capstone\DeepfakeBench\datasets\rgb\FaceForensics++\original_sequences\youtube\c23\frames\651\006.png,651,0,train
C:\Capstone\DeepfakeBench\datasets\rgb\FaceForensics++\original_sequences\youtube\c23\frames\651\007.png,651,0,train
C:\Capstone\DeepfakeBench\datasets\rgb\FaceForensics++\original_sequences\youtube\c23\frames\651\008.png,651,0,train
C:\Capstone\DeepfakeBench\datasets\rgb\FaceForensics++\original_sequences\youtube\c23\frames\651\009.png,651,0,train
C:\Capstone\DeepfakeBench\datasets\rgb\FaceForensics++\original_sequences\youtube\c23\frames\651\010.png,651,0,train
C:\Capstone\DeepfakeBench\datasets\rgb\FaceForensics++\original_sequences\youtube\c23\frames\651\011.png,651,0,train
C:\Capstone\DeepfakeBench\datasets\rgb\FaceForensics++\original_sequences\youtube\c23\frames\651\012.png,651,0,train
C:\Capstone\DeepfakeBench\datasets\rgb\FaceForensics++\original_sequences\youtube\c23\frames\651\013.png,651,0,train
C:\Capstone\DeepfakeBench\datasets\rgb\FaceForensics++\original_sequences\youtube\c23\frames\651\014.png,651,0,train
C:\Capstone\DeepfakeBench\datasets\rgb\FaceForensics++\original_sequences\youtube\c23\frames\651\015.png,651,0,train
C:\Capstone\DeepfakeBench\datasets\rgb\FaceForensics++\original_sequences\youtube\c23\frames\651\016.png,651,0,train
C:\Capstone\DeepfakeBench\datasets\rgb\FaceForensics++\original_sequences\youtube\c23\frames\651\017.png,651,0,train
C:\Capstone\DeepfakeBench\datasets\rgb\FaceForensics++\original_sequences\youtube\c23\frames\651\018.png,651,0,train
C:\Capstone\DeepfakeBench\datasets\rgb\FaceForensics++\original_sequences\youtube\c23\frames\651\019.png,651,0,train
C:\Capstone\DeepfakeBench\datasets\rgb\FaceForensics++\original_sequences\youtube\c23\frames\651\020.png,651,0,train
C:\Capstone\DeepfakeBench\datasets\rgb\FaceForensics++\original_sequences\youtube\c23\frames\651\021.png,651,0,train
C:\Capstone\DeepfakeBench\datasets\rgb\FaceForensics++\original_sequences\youtube\c23\frames\651\022.png,651,0,train
C:\Capstone\DeepfakeBench\datasets\rgb\FaceForensics++\original_sequences\youtube\c23\frames\651\023.png,651,0,train
C:\Capstone\DeepfakeBench\datasets\rgb\FaceForensics++\original_sequences\youtube\c23\frames\651\024.png,651,0,train
C:\Capstone\DeepfakeBench\datasets\rgb\FaceForensics++\original_sequences\youtube\c23\frames\651\025.png,651,0,train
C:\Capstone\DeepfakeBench\datasets\rgb\FaceForensics++\original_sequences\youtube\c23\frames\651\026.png,651,0,train
C:\Capstone\DeepfakeBench\datasets\rgb\FaceForensics++\original_sequences\youtube\c23\frames\651\027.png,651,0,train
C:\Capstone\DeepfakeBench\datasets\rgb\FaceForensics++\original_sequences\youtube\c23\frames\651\028.png,651,0,train
C:\Capstone\DeepfakeBench\datasets\rgb\FaceForensics++\original_sequences\youtube\c23\frames\651\029.png,651,0,train
C:\Capstone\DeepfakeBench\datasets\rgb\FaceForensics++\original_sequences\youtube\c23\frames\651\030.png,651,0,train
C:\Capstone\DeepfakeBench\datasets\rgb\FaceForensics++\original_sequences\youtube\c23\frames\651\031.png,651,0,train
C:\Capstone\DeepfakeBench\datasets\rgb\FaceForensics++\manipulated_sequences\Deepfakes\c23\frames\917_924\000.png,917_924,1,train
C:\Capstone\DeepfakeBench\datasets\rgb\FaceForensics++\manipulated_sequences\Deepfakes\c23\frames\917_924\001.png,917_924,1,train
C:\Capstone\DeepfakeBench\datasets\rgb\FaceForensics++\manipulated_sequences\Deepfakes\c23\frames\917_924\002.png,917_924,1,train
C:\Capstone\DeepfakeBench\datasets\rgb\FaceForensics++\manipulated_sequences\Deepfakes\c23\frames\917_924\003.png,917_924,1,train
C:\Capstone\DeepfakeBench\datasets\rgb\FaceForensics++\manipulated_sequences\Deepfakes\c23\frames\917_924\004.png,917_924,1,train
C:\Capstone\DeepfakeBench\datasets\rgb\FaceForensics++\manipulated_sequences\Deepfakes\c23\frames\917_924\005.png,917_924,1,train
C:\Capstone\DeepfakeBench\datasets\rgb\FaceForensics++\manipulated_sequences\Deepfakes\c23\frames\917_924\006.png,917_924,1,train
C:\Capstone\DeepfakeBench\datasets\rgb\FaceForensics++\manipulated_sequences\Deepfakes\c23\frames\917_924\007.png,917_924,1,train
C:\Capstone\DeepfakeBench\datasets\rgb\FaceForensics++\manipulated_sequences\Deepfakes\c23\frames\917_924\008.png,917_924,1,train
C:\Capstone\DeepfakeBench\datasets\rgb\FaceForensics++\manipulated_sequences\Deepfakes\c23\frames\917_924\009.png,917_924,1,train
C:\Capstone\DeepfakeBench\datasets\rgb\FaceForensics++\manipulated_sequences\Deepfakes\c23\frames\917_924\010.png,917_924,1,train
C:\Capstone\DeepfakeBench\datasets\rgb\FaceForensics++\manipulated_sequences\Deepfakes\c23\frames\917_924\011.png,917_924,1,train
C:\Capstone\DeepfakeBench\datasets\rgb\FaceForensics++\manipulated_sequences\Deepfakes\c23\frames\917_924\012.png,917_924,1,train
C:\Capstone\DeepfakeBench\datasets\rgb\FaceForensics++\manipulated_sequences\Deepfakes\c23\frames\917_924\013.png,917_924,1,train
C:\Capstone\DeepfakeBench\datasets\rgb\FaceForensics++\manipulated_sequences\Deepfakes\c23\frames\917_924\014.png,917_924,1,train
C:\Capstone\DeepfakeBench\datasets\rgb\FaceForensics++\manipulated_sequences\Deepfakes\c23\frames\917_924\015.png,917_924,1,train
C:\Capstone\DeepfakeBench\datasets\rgb\FaceForensics++\manipulated_sequences\Deepfakes\c23\frames\917_924\016.png,917_924,1,train
C:\Capstone\DeepfakeBench\datasets\rgb\FaceForensics++\manipulated_sequences\Deepfakes\c23\frames\917_924\017.png,917_924,1,train
C:\Capstone\DeepfakeBench\datasets\rgb\FaceForensics++\manipulated_sequences\Deepfakes\c23\frames\917_924\018.png,917_924,1,train
C:\Capstone\DeepfakeBench\datasets\rgb\FaceForensics++\manipulated_sequences\Deepfakes\c23\frames\917_924\019.png,917_924,1,train
C:\Capstone\DeepfakeBench\datasets\rgb\FaceForensics++\manipulated_sequences\Deepfakes\c23\frames\917_924\020.png,917_924,1,train
C:\Capstone\DeepfakeBench\datasets\rgb\FaceForensics++\manipulated_sequences\Deepfakes\c23\frames\917_924\021.png,917_924,1,train
C:\Capstone\DeepfakeBench\datasets\rgb\FaceForensics++\manipulated_sequences\Deepfakes\c23\frames\917_924\022.png,917_924,1,train
C:\Capstone\DeepfakeBench\datasets\rgb\FaceForensics++\manipulated_sequences\Deepfakes\c23\frames\917_924\023.png,917_924,1,train
C:\Capstone\DeepfakeBench\datasets\rgb\FaceForensics++\manipulated_sequences\Deepfakes\c23\frames\917_924\024.png,917_924,1,train
C:\Capstone\DeepfakeBench\datasets\rgb\FaceForensics++\manipulated_sequences\Deepfakes\c23\frames\917_924\025.png,917_924,1,train
C:\Capstone\DeepfakeBench\datasets\rgb\FaceForensics++\manipulated_sequences\Deepfakes\c23\frames\917_924\026.png,917_924,1,train
C:\Capstone\DeepfakeBench\datasets\rgb\FaceForensics++\manipulated_sequences\Deepfakes\c23\frames\917_924\027.png,917_924,1,train
C:\Capstone\DeepfakeBench\datasets\rgb\FaceForensics++\manipulated_sequences\Deepfakes\c23\frames\917_924\028.png,917_924,1,train
C:\Capstone\DeepfakeBench\datasets\rgb\FaceForensics++\manipulated_sequences\Deepfakes\c23\frames\917_924\029.png,917_924,1,train
C:\Capstone\DeepfakeBench\datasets\rgb\FaceForensics++\manipulated_sequences\Deepfakes\c23\frames\917_924\030.png,917_924,1,train
C:\Capstone\DeepfakeBench\datasets\rgb\FaceForensics++\manipulated_sequences\Deepfakes\c23\frames\917_924\031.png,917_924,1,train
C:\Capstone\DeepfakeBench\datasets\rgb\FaceForensics++\manipulated_sequences\Deepfakes\c23\frames\035_036\000.png,035_036,1,train
C:\Capstone\DeepfakeBench\datasets\rgb\FaceForensics++\manipulated_sequences\Deepfakes\c23\frames\035_036\001.png,035_036,1,train
C:\Capstone\DeepfakeBench\datasets\rgb\FaceForensics++\manipulated_sequences\Deepfakes\c23\frames\035_036\002.png,035_036,1,train
C:\Capstone\DeepfakeBench\datasets\rgb\FaceForensics++\manipulated_sequences\Deepfakes\c23\frames\035_036\003.png,035_036,1,train
C:\Capstone\DeepfakeBench\datasets\rgb\FaceForensics++\manipulated_sequences\Deepfakes\c23\frames\035_036\004.png,035_036,1,train
C:\Capstone\DeepfakeBench\datasets\rgb\FaceForensics++\manipulated_sequences\Deepfakes\c23\frames\035_036\005.png,035_036,1,train
C:\Capstone\DeepfakeBench\datasets\rgb\FaceForensics++\manipulated_sequences\Deepfakes\c23\frames\035_036\006.png,035_036,1,train
C:\Capstone\DeepfakeBench\datasets\rgb\FaceForensics++\manipulated_sequences\Deepfakes\c23\frames\035_036\007.png,035_036,1,train
C:\Capstone\DeepfakeBench\datasets\rgb\FaceForensics++\manipulated_sequences\Deepfakes\c23\frames\035_036\008.png,035_036,1,train
C:\Capstone\DeepfakeBench\datasets\rgb\FaceForensics++\manipulated_sequences\Deepfakes\c23\frames\035_036\009.png,035_036,1,train
C:\Capstone\DeepfakeBench\datasets\rgb\FaceForensics++\manipulated_sequences\Deepfakes\c23\frames\035_036\010.png,035_036,1,train
C:\Capstone\DeepfakeBench\datasets\rgb\FaceForensics++\manipulated_sequences\Deepfakes\c23\frames\035_036\011.png,035_036,1,train
C:\Capstone\DeepfakeBench\datasets\rgb\FaceForensics++\manipulated_sequences\Deepfakes\c23\frames\035_036\012.png,035_036,1,train
C:\Capstone\DeepfakeBench\datasets\rgb\FaceForensics++\manipulated_sequences\Deepfakes\c23\frames\035_036\013.png,035_036,1,train
C:\Capstone\DeepfakeBench\datasets\rgb\FaceForensics++\manipulated_sequences\Deepfakes\c23\frames\035_036\014.png,035_036,1,train
C:\Capstone\DeepfakeBench\datasets\rgb\FaceForensics++\manipulated_sequences\Deepfakes\c23\frames\035_036\015.png,035_036,1,train
C:\Capstone\DeepfakeBench\datasets\rgb\FaceForensics++\manipulated_sequences\Deepfakes\c23\frames\035_036\016.png,035_036,1,train
C:\Capstone\DeepfakeBench\datasets\rgb\FaceForensics++\manipulated_sequences\Deepfakes\c23\frames\035_036\017.png,035_036,1,train
C:\Capstone\DeepfakeBench\datasets\rgb\FaceForensics++\manipulated_sequences\Deepfakes\c23\frames\035_036\018.png,035_036,1,train
C:\Capstone\DeepfakeBench\datasets\rgb\FaceForensics++\manipulated_sequences\Deepfakes\c23\frames\035_036\019.png,035_036,1,train
C:\Capstone\DeepfakeBench\datasets\rgb\FaceForensics++\manipulated_sequences\Deepfakes\c23\frames\035_036\020.png,035_036,1,train
C:\Capstone\DeepfakeBench\datasets\rgb\FaceForensics++\manipulated_sequences\Deepfakes\c23\frames\035_036\021.png,035_036,1,train
C:\Capstone\DeepfakeBench\datasets\rgb\FaceForensics++\manipulated_sequences\Deepfakes\c23\frames\035_036\022.png,035_036,1,train
C:\Capstone\DeepfakeBench\datasets\rgb\FaceForensics++\manipulated_sequences\Deepfakes\c23\frames\035_036\023.png,035_036,1,train
C:\Capstone\DeepfakeBench\datasets\rgb\FaceForensics++\manipulated_sequences\Deepfakes\c23\frames\035_036\024.png,035_036,1,train
C:\Capstone\DeepfakeBench\datasets\rgb\FaceForensics++\manipulated_sequences\Deepfakes\c23\frames\035_036\025.png,035_036,1,train
C:\Capstone\DeepfakeBench\datasets\rgb\FaceForensics++\manipulated_sequences\Deepfakes\c23\frames\035_036\026.png,035_036,1,train
C:\Capstone\DeepfakeBench\datasets\rgb\FaceForensics++\manipulated_sequences\Deepfakes\c23\frames\035_036\027.png,035_036,1,train
C:\Capstone\DeepfakeBench\datasets\rgb\FaceForensics++\manipulated_sequences\Deepfakes\c23\frames\035_036\028.png,035_036,1,train
C:\Capstone\DeepfakeBench\datasets\rgb\FaceForensics++\manipulated_sequences\Deepfakes\c23\frames\035_036\029.png,035_036,1,train
C:\Capstone\DeepfakeBench\datasets\rgb\FaceForensics++\manipulated_sequences\Deepfakes\c23\frames\035_036\030.png,035_036,1,train
C:\Capstone\DeepfakeBench\datasets\rgb\FaceForensics++\manipulated_sequences\Deepfakes\c23\frames\035_036\031.png,035_036,1,train
C:\Capstone\DeepfakeBench\datasets\rgb\FaceForensics++\manipulated_sequences\Deepfakes\c23\frames\953_974\000.png,953_974,1,train
C:\Capstone\DeepfakeBench\datasets\rgb\FaceForensics++\manipulated_sequences\Deepfakes\c23\frames\953_974\001.png,953_974,1,train
C:\Capstone\DeepfakeBench\datasets\rgb\FaceForensics++\manipulated_sequences\Deepfakes\c23\frames\953_974\002.png,953_974,1,train
C:\Capstone\DeepfakeBench\datasets\rgb\FaceForensics++\manipulated_sequences\Deepfakes\c23\frames\953_974\003.png,953_974,1,train
C:\Capstone\DeepfakeBench\datasets\rgb\FaceForensics++\manipulated_sequences\Deepfakes\c23\frames\953_974\004.png,953_974,1,train
C:\Capstone\DeepfakeBench\datasets\rgb\FaceForensics++\manipulated_sequences\Deepfakes\c23\frames\953_974\005.png,953_974,1,train
C:\Capstone\DeepfakeBench\datasets\rgb\FaceForensics++\manipulated_sequences\Deepfakes\c23\frames\953_974\006.png,953_974,1,train
C:\Capstone\DeepfakeBench\datasets\rgb\FaceForensics++\manipulated_sequences\Deepfakes\c23\frames\953_974\007.png,953_974,1,train
C:\Capstone\DeepfakeBench\datasets\rgb\FaceForensics++\manipulated_sequences\Deepfakes\c23\frames\953_974\008.png,953_974,1,train
C:\Capstone\DeepfakeBench\datasets\rgb\FaceForensics++\manipulated_sequences\Deepfakes\c23\frames\953_974\009.png,953_974,1,train
C:\Capstone\DeepfakeBench\datasets\rgb\FaceForensics++\manipulated_sequences\Deepfakes\c23\frames\953_974\010.png,953_974,1,train
C:\Capstone\DeepfakeBench\datasets\rgb\FaceForensics++\manipulated_sequences\Deepfakes\c23\frames\953_974\011.png,953_974,1,train
C:\Capstone\DeepfakeBench\datasets\rgb\FaceForensics++\manipulated_sequences\Deepfakes\c23\frames\953_974\012.png,953_974,1,train
C:\Capstone\DeepfakeBench\datasets\rgb\FaceForensics++\manipulated_sequences\Deepfakes\c23\frames\953_974\013.png,953_974,1,train
C:\Capstone\DeepfakeBench\datasets\rgb\FaceForensics++\manipulated_sequences\Deepfakes\c23\frames\953_974\014.png,953_974,1,train
C:\Capstone\DeepfakeBench\datasets\rgb\FaceForensics++\manipulated_sequences\Deepfakes\c23\frames\953_974\015.png,953_974,1,train
C:\Capstone\DeepfakeBench\datasets\rgb\FaceForensics++\manipulated_sequences\Deepfakes\c23\frames\953_974\016.png,953_974,1,train
C:\Capstone\DeepfakeBench\datasets\rgb\FaceForensics++\manipulated_sequences\Deepfakes\c23\frames\953_974\017.png,953_974,1,train
C:\Capstone\DeepfakeBench\datasets\rgb\FaceForensics++\manipulated_sequences\Deepfakes\c23\frames\953_974\018.png,953_974,1,train
C:\Capstone\DeepfakeBench\datasets\rgb\FaceForensics++\manipulated_sequences\Deepfakes\c23\frames\953_974\019.png,953_974,1,train
C:\Capstone\DeepfakeBench\datasets\rgb\FaceForensics++\manipulated_sequences\Deepfakes\c23\frames\953_974\020.png,953_974,1,train
C:\Capstone\DeepfakeBench\datasets\rgb\FaceForensics++\manipulated_sequences\Deepfakes\c23\frames\953_974\021.png,953_974,1,train
C:\Capstone\DeepfakeBench\datasets\rgb\FaceForensics++\manipulated_sequences\Deepfakes\c23\frames\953_974\022.png,953_974,1,train
C:\Capstone\DeepfakeBench\datasets\rgb\FaceForensics++\manipulated_sequences\Deepfakes\c23\frames\953_974\023.png,953_974,1,train
C:\Capstone\DeepfakeBench\datasets\rgb\FaceForensics++\manipulated_sequences\Deepfakes\c23\frames\953_974\024.png,953_974,1,train
C:\Capstone\DeepfakeBench\datasets\rgb\FaceForensics++\manipulated_sequences\Deepfakes\c23\frames\953_974\025.png,953_974,1,train
C:\Capstone\DeepfakeBench\datasets\rgb\FaceForensics++\manipulated_sequences\Deepfakes\c23\frames\953_974\026.png,953_974,1,train
C:\Capstone\DeepfakeBench\datasets\rgb\FaceForensics++\manipulated_sequences\Deepfakes\c23\frames\953_974\027.png,953_974,1,train
C:\Capstone\DeepfakeBench\datasets\rgb\FaceForensics++\manipulated_sequences\Deepfakes\c23\frames\953_974\028.png,953_974,1,train
C:\Capstone\DeepfakeBench\datasets\rgb\FaceForensics++\manipulated_sequences\Deepfakes\c23\frames\953_974\029.png,953_974,1,train
C:\Capstone\DeepfakeBench\datasets\rgb\FaceForensics++\manipulated_sequences\Deepfakes\c23\frames\953_974\030.png,953_974,1,train
C:\Capstone\DeepfakeBench\datasets\rgb\FaceForensics++\manipulated_sequences\Deepfakes\c23\frames\953_974\031.png,953_974,1,train
C:\Capstone\DeepfakeBench\datasets\rgb\FaceForensics++\manipulated_sequences\Deepfakes\c23\frames\128_896\000.png,128_896,1,train
C:\Capstone\DeepfakeBench\datasets\rgb\FaceForensics++\manipulated_sequences\Deepfakes\c23\frames\128_896\001.png,128_896,1,train
C:\Capstone\DeepfakeBench\datasets\rgb\FaceForensics++\manipulated_sequences\Deepfakes\c23\frames\128_896\002.png,128_896,1,train
C:\Capstone\DeepfakeBench\datasets\rgb\FaceForensics++\manipulated_sequences\Deepfakes\c23\frames\128_896\003.png,128_896,1,train
C:\Capstone\DeepfakeBench\datasets\rgb\FaceForensics++\manipulated_sequences\Deepfakes\c23\frames\128_896\004.png,128_896,1,train
C:\Capstone\DeepfakeBench\datasets\rgb\FaceForensics++\manipulated_sequences\Deepfakes\c23\frames\128_896\005.png,128_896,1,train
C:\Capstone\DeepfakeBench\datasets\rgb\FaceForensics++\manipulated_sequences\Deepfakes\c23\frames\128_896\006.png,128_896,1,train
C:\Capstone\DeepfakeBench\datasets\rgb\FaceForensics++\manipulated_sequences\Deepfakes\c23\frames\128_896\007.png,128_896,1,train
C:\Capstone\DeepfakeBench\datasets\rgb\FaceForensics++\manipulated_sequences\Deepfakes\c23\frames\128_896\008.png,128_896,1,train
C:\Capstone\DeepfakeBench\datasets\rgb\FaceForensics++\manipulated_sequences\Deepfakes\c23\frames\128_896\009.png,128_896,1,train
C:\Capstone\DeepfakeBench\datasets\rgb\FaceForensics++\manipulated_sequences\Deepfakes\c23\frames\128_896\010.png,128_896,1,train
C:\Capstone\DeepfakeBench\datasets\rgb\FaceForensics++\manipulated_sequences\Deepfakes\c23\frames\128_896\011.png,128_896,1,train
C:\Capstone\DeepfakeBench\datasets\rgb\FaceForensics++\manipulated_sequences\Deepfakes\c23\frames\128_896\012.png,128_896,1,train
C:\Capstone\DeepfakeBench\datasets\rgb\FaceForensics++\manipulated_sequences\Deepfakes\c23\frames\128_896\013.png,128_896,1,train
C:\Capstone\DeepfakeBench\datasets\rgb\FaceForensics++\manipulated_sequences\Deepfakes\c23\frames\128_896\014.png,128_896,1,train
C:\Capstone\DeepfakeBench\datasets\rgb\FaceForensics++\manipulated_sequences\Deepfakes\c23\frames\128_896\015.png,128_896,1,train
C:\Capstone\DeepfakeBench\datasets\rgb\FaceForensics++\manipulated_sequences\Deepfakes\c23\frames\128_896\016.png,128_896,1,train
C:\Capstone\DeepfakeBench\datasets\rgb\FaceForensics++\manipulated_sequences\Deepfakes\c23\frames\128_896\017.png,128_896,1,train
C:\Capstone\DeepfakeBench\datasets\rgb\FaceForensics++\manipulated_sequences\Deepfakes\c23\frames\128_896\018.png,128_896,1,train
C:\Capstone\DeepfakeBench\datasets\rgb\FaceForensics++\manipulated_sequences\Deepfakes\c23\frames\128_896\019.png,128_896,1,train
C:\Capstone\DeepfakeBench\datasets\rgb\FaceForensics++\manipulated_sequences\Deepfakes\c23\frames\128_896\020.png,128_896,1,train
C:\Capstone\DeepfakeBench\datasets\rgb\FaceForensics++\manipulated_sequences\Deepfakes\c23\frames\128_896\021.png,128_896,1,train
C:\Capstone\DeepfakeBench\datasets\rgb\FaceForensics++\manipulated_sequences\Deepfakes\c23\frames\128_896\022.png,128_896,1,train
C:\Capstone\DeepfakeBench\datasets\rgb\FaceForensics++\manipulated_sequences\Deepfakes\c23\frames\128_896\023.png,128_896,1,train
C:\Capstone\DeepfakeBench\datasets\rgb\FaceForensics++\manipulated_sequences\Deepfakes\c23\frames\128_896\024.png,128_896,1,train
C:\Capstone\DeepfakeBench\datasets\rgb\FaceForensics++\manipulated_sequences\Deepfakes\c23\frames\128_896\025.png,128_896,1,train
C:\Capstone\DeepfakeBench\datasets\rgb\FaceForensics++\manipulated_sequences\Deepfakes\c23\frames\128_896\026.png,128_896,1,train
C:\Capstone\DeepfakeBench\datasets\rgb\FaceForensics++\manipulated_sequences\Deepfakes\c23\frames\128_896\027.png,128_896,1,train
C:\Capstone\DeepfakeBench\datasets\rgb\FaceForensics++\manipulated_sequences\Deepfakes\c23\frames\128_896\028.png,128_896,1,train
C:\Capstone\DeepfakeBench\datasets\rgb\FaceForensics++\manipulated_sequences\Deepfakes\c23\frames\128_896\029.png,128_896,1,train
C:\Capstone\DeepfakeBench\datasets\rgb\FaceForensics++\manipulated_sequences\Deepfakes\c23\frames\128_896\030.png,128_896,1,train
C:\Capstone\DeepfakeBench\datasets\rgb\FaceForensics++\manipulated_sequences\Deepfakes\c23\frames\206_221\000.png,206_221,1,train
C:\Capstone\DeepfakeBench\datasets\rgb\FaceForensics++\manipulated_sequences\Deepfakes\c23\frames\206_221\001.png,206_221,1,train
C:\Capstone\DeepfakeBench\datasets\rgb\FaceForensics++\manipulated_sequences\Deepfakes\c23\frames\206_221\002.png,206_221,1,train
C:\Capstone\DeepfakeBench\datasets\rgb\FaceForensics++\manipulated_sequences\Deepfakes\c23\frames\206_221\003.png,206_221,1,train
C:\Capstone\DeepfakeBench\datasets\rgb\FaceForensics++\manipulated_sequences\Deepfakes\c23\frames\206_221\004.png,206_221,1,train
C:\Capstone\DeepfakeBench\datasets\rgb\FaceForensics++\manipulated_sequences\Deepfakes\c23\frames\206_221\005.png,206_221,1,train
C:\Capstone\DeepfakeBench\datasets\rgb\FaceForensics++\manipulated_sequences\Deepfakes\c23\frames\206_221\006.png,206_221,1,train
C:\Capstone\DeepfakeBench\datasets\rgb\FaceForensics++\manipulated_sequences\Deepfakes\c23\frames\206_221\007.png,206_221,1,train
C:\Capstone\DeepfakeBench\datasets\rgb\FaceForensics++\manipulated_sequences\Deepfakes\c23\frames\206_221\008.png,206_221,1,train
C:\Capstone\DeepfakeBench\datasets\rgb\FaceForensics++\manipulated_sequences\Deepfakes\c23\frames\206_221\009.png,206_221,1,train
C:\Capstone\DeepfakeBench\datasets\rgb\FaceForensics++\manipulated_sequences\Deepfakes\c23\frames\206_221\010.png,206_221,1,train
C:\Capstone\DeepfakeBench\datasets\rgb\FaceForensics++\manipulated_sequences\Deepfakes\c23\frames\206_221\011.png,206_221,1,train
C:\Capstone\DeepfakeBench\datasets\rgb\FaceForensics++\manipulated_sequences\Deepfakes\c23\frames\206_221\012.png,206_221,1,train
C:\Capstone\DeepfakeBench\datasets\rgb\FaceForensics++\manipulated_sequences\Deepfakes\c23\frames\206_221\013.png,206_221,1,train
C:\Capstone\DeepfakeBench\datasets\rgb\FaceForensics++\manipulated_sequences\Deepfakes\c23\frames\206_221\014.png,206_221,1,train
C:\Capstone\DeepfakeBench\datasets\rgb\FaceForensics++\manipulated_sequences\Deepfakes\c23\frames\206_221\015.png,206_221,1,train
C:\Capstone\DeepfakeBench\datasets\rgb\FaceForensics++\manipulated_sequences\Deepfakes\c23\frames\206_221\016.png,206_221,1,train
C:\Capstone\DeepfakeBench\datasets\rgb\FaceForensics++\manipulated_sequences\Deepfakes\c23\frames\206_221\017.png,206_221,1,train
C:\Capstone\DeepfakeBench\datasets\rgb\FaceForensics++\manipulated_sequences\Deepfakes\c23\frames\206_221\018.png,206_221,1,train
C:\Capstone\DeepfakeBench\datasets\rgb\FaceForensics++\manipulated_sequences\Deepfakes\c23\frames\206_221\019.png,206_221,1,train
C:\Capstone\DeepfakeBench\datasets\rgb\FaceForensics++\manipulated_sequences\Deepfakes\c23\frames\206_221\020.png,206_221,1,train
C:\Capstone\DeepfakeBench\datasets\rgb\FaceForensics++\manipulated_sequences\Deepfakes\c23\frames\206_221\021.png,206_221,1,train
C:\Capstone\DeepfakeBench\datasets\rgb\FaceForensics++\manipulated_sequences\Deepfakes\c23\frames\206_221\022.png,206_221,1,train
C:\Capstone\DeepfakeBench\datasets\rgb\FaceForensics++\manipulated_sequences\Deepfakes\c23\frames\206_221\023.png,206_221,1,train
C:\Capstone\DeepfakeBench\datasets\rgb\FaceForensics++\manipulated_sequences\Deepfakes\c23\frames\206_221\024.png,206_221,1,train
C:\Capstone\DeepfakeBench\datasets\rgb\FaceForensics++\manipulated_sequences\Deepfakes\c23\frames\206_221\025.png,206_221,1,train
C:\Capstone\DeepfakeBench\datasets\rgb\FaceForensics++\manipulated_sequences\Deepfakes\c23\frames\206_221\026.png,206_221,1,train
C:\Capstone\DeepfakeBench\datasets\rgb\FaceForensics++\manipulated_sequences\Deepfakes\c23\frames\206_221\027.png,206_221,1,train
C:\Capstone\DeepfakeBench\datasets\rgb\FaceForensics++\manipulated_sequences\Deepfakes\c23\frames\206_221\028.png,206_221,1,train
C:\Capstone\DeepfakeBench\datasets\rgb\FaceForensics++\manipulated_sequences\Deepfakes\c23\frames\206_221\029.png,206_221,1,train
C:\Capstone\DeepfakeBench\datasets\rgb\FaceForensics++\manipulated_sequences\Deepfakes\c23\frames\206_221\030.png,206_221,1,train
C:\Capstone\DeepfakeBench\datasets\rgb\FaceForensics++\manipulated_sequences\Deepfakes\c23\frames\206_221\031.png,206_221,1,train
C:\Capstone\DeepfakeBench\datasets\rgb\FaceForensics++\original_sequences\youtube\c23\frames\147\000.png,147,0,train
C:\Capstone\DeepfakeBench\datasets\rgb\FaceForensics++\original_sequences\youtube\c23\frames\147\001.png,147,0,train
C:\Capstone\DeepfakeBench\datasets\rgb\FaceForensics++\original_sequences\youtube\c23\frames\147\002.png,147,0,train
C:\Capstone\DeepfakeBench\datasets\rgb\FaceForensics++\original_sequences\youtube\c23\frames\147\003.png,147,0,train
C:\Capstone\DeepfakeBench\datasets\rgb\FaceForensics++\original_sequences\youtube\c23\frames\147\004.png,147,0,train
C:\Capstone\DeepfakeBench\datasets\rgb\FaceForensics++\original_sequences\youtube\c23\frames\147\005.png,147,0,train
C:\Capstone\DeepfakeBench\datasets\rgb\FaceForensics++\original_sequences\youtube\c23\frames\147\006.png,147,0,train
C:\Capstone\DeepfakeBench\datasets\rgb\FaceForensics++\original_sequences\youtube\c23\frames\147\007.png,147,0,train
C:\Capstone\DeepfakeBench\datasets\rgb\FaceForensics++\original_sequences\youtube\c23\frames\147\008.png,147,0,train
C:\Capstone\DeepfakeBench\datasets\rgb\FaceForensics++\original_sequences\youtube\c23\frames\147\009.png,147,0,train
C:\Capstone\DeepfakeBench\datasets\rgb\FaceForensics++\original_sequences\youtube\c23\frames\147\010.png,147,0,train
C:\Capstone\DeepfakeBench\datasets\rgb\FaceForensics++\original_sequences\youtube\c23\frames\147\011.png,147,0,train
C:\Capstone\DeepfakeBench\datasets\rgb\FaceForensics++\original_sequences\youtube\c23\frames\147\012.png,147,0,train
C:\Capstone\DeepfakeBench\datasets\rgb\FaceForensics++\original_sequences\youtube\c23\frames\147\013.png,147,0,train
C:\Capstone\DeepfakeBench\datasets\rgb\FaceForensics++\original_sequences\youtube\c23\frames\147\014.png,147,0,train
C:\Capstone\DeepfakeBench\datasets\rgb\FaceForensics++\original_sequences\youtube\c23\frames\147\015.png,147,0,train
C:\Capstone\DeepfakeBench\datasets\rgb\FaceForensics++\original_sequences\youtube\c23\frames\147\016.png,147,0,train
C:\Capstone\DeepfakeBench\datasets\rgb\FaceForensics++\original_sequences\youtube\c23\frames\147\017.png,147,0,train
C:\Capstone\DeepfakeBench\datasets\rgb\FaceForensics++\original_sequences\youtube\c23\frames\147\018.png,147,0,train
C:\Capstone\DeepfakeBench\datasets\rgb\FaceForensics++\original_sequences\youtube\c23\frames\147\019.png,147,0,train
C:\Capstone\DeepfakeBench\datasets\rgb\FaceForensics++\original_sequences\youtube\c23\frames\147\020.png,147,0,train
C:\Capstone\DeepfakeBench\datasets\rgb\FaceForensics++\original_sequences\youtube\c23\frames\147\021.png,147,0,train
C:\Capstone\DeepfakeBench\datasets\rgb\FaceForensics++\original_sequences\youtube\c23\frames\147\022.png,147,0,train
C:\Capstone\DeepfakeBench\datasets\rgb\FaceForensics++\original_sequences\youtube\c23\frames\147\023.png,147,0,train
C:\Capstone\DeepfakeBench\datasets\rgb\FaceForensics++\original_sequences\youtube\c23\frames\147\024.png,147,0,train
C:\Capstone\DeepfakeBench\datasets\rgb\FaceForensics++\original_sequences\youtube\c23\frames\147\025.png,147,0,train
C:\Capstone\DeepfakeBench\datasets\rgb\FaceForensics++\original_sequences\youtube\c23\frames\147\026.png,147,0,train
C:\Capstone\DeepfakeBench\datasets\rgb\FaceForensics++\original_sequences\youtube\c23\frames\147\027.png,147,0,train
C:\Capstone\DeepfakeBench\datasets\rgb\FaceForensics++\original_sequences\youtube\c23\frames\147\028.png,147,0,train
C:\Capstone\DeepfakeBench\datasets\rgb\FaceForensics++\original_sequences\youtube\c23\frames\147\029.png,147,0,train
C:\Capstone\DeepfakeBench\datasets\rgb\FaceForensics++\original_sequences\youtube\c23\frames\147\030.png,147,0,train
C:\Capstone\DeepfakeBench\datasets\rgb\FaceForensics++\original_sequences\youtube\c23\frames\147\031.png,147,0,train
C:\Capstone\DeepfakeBench\datasets\rgb\FaceForensics++\original_sequences\youtube\c23\frames\036\000.png,036,0,train
C:\Capstone\DeepfakeBench\datasets\rgb\FaceForensics++\original_sequences\youtube\c23\frames\036\001.png,036,0,train
C:\Capstone\DeepfakeBench\datasets\rgb\FaceForensics++\original_sequences\youtube\c23\frames\036\002.png,036,0,train
C:\Capstone\DeepfakeBench\datasets\rgb\FaceForensics++\original_sequences\youtube\c23\frames\036\003.png,036,0,train
C:\Capstone\DeepfakeBench\datasets\rgb\FaceForensics++\original_sequences\youtube\c23\frames\036\004.png,036,0,train
C:\Capstone\DeepfakeBench\datasets\rgb\FaceForensics++\original_sequences\youtube\c23\frames\036\005.png,036,0,train
C:\Capstone\DeepfakeBench\datasets\rgb\FaceForensics++\original_sequences\youtube\c23\frames\036\006.png,036,0,train
C:\Capstone\DeepfakeBench\datasets\rgb\FaceForensics++\original_sequences\youtube\c23\frames\036\007.png,036,0,train
C:\Capstone\DeepfakeBench\datasets\rgb\FaceForensics++\original_sequences\youtube\c23\frames\036\008.png,036,0,train
C:\Capstone\DeepfakeBench\datasets\rgb\FaceForensics++\original_sequences\youtube\c23\frames\036\009.png,036,0,train
C:\Capstone\DeepfakeBench\datasets\rgb\FaceForensics++\original_sequences\youtube\c23\frames\036\010.png,036,0,train
C:\Capstone\DeepfakeBench\datasets\rgb\FaceForensics++\original_sequences\youtube\c23\frames\036\011.png,036,0,train
C:\Capstone\DeepfakeBench\datasets\rgb\FaceForensics++\original_sequences\youtube\c23\frames\036\012.png,036,0,train
C:\Capstone\DeepfakeBench\datasets\rgb\FaceForensics++\original_sequences\youtube\c23\frames\036\013.png,036,0,train
C:\Capstone\DeepfakeBench\datasets\rgb\FaceForensics++\original_sequences\youtube\c23\frames\036\014.png,036,0,train
C:\Capstone\DeepfakeBench\datasets\rgb\FaceForensics++\original_sequences\youtube\c23\frames\036\015.png,036,0,train
C:\Capstone\DeepfakeBench\datasets\rgb\FaceForensics++\original_sequences\youtube\c23\frames\036\016.png,036,0,train
C:\Capstone\DeepfakeBench\datasets\rgb\FaceForensics++\original_sequences\youtube\c23\frames\036\017.png,036,0,train
C:\Capstone\DeepfakeBench\datasets\rgb\FaceForensics++\original_sequences\youtube\c23\frames\036\018.png,036,0,train
C:\Capstone\DeepfakeBench\datasets\rgb\FaceForensics++\original_sequences\youtube\c23\frames\036\019.png,036,0,train
C:\Capstone\DeepfakeBench\datasets\rgb\FaceForensics++\original_sequences\youtube\c23\frames\036\020.png,036,0,train
C:\Capstone\DeepfakeBench\datasets\rgb\FaceForensics++\original_sequences\youtube\c23\frames\036\021.png,036,0,train
C:\Capstone\DeepfakeBench\datasets\rgb\FaceForensics++\original_sequences\youtube\c23\frames\036\022.png,036,0,train
C:\Capstone\DeepfakeBench\datasets\rgb\FaceForensics++\original_sequences\youtube\c23\frames\036\023.png,036,0,train
C:\Capstone\DeepfakeBench\datasets\rgb\FaceForensics++\original_sequences\youtube\c23\frames\036\024.png,036,0,train
C:\Capstone\DeepfakeBench\datasets\rgb\FaceForensics++\original_sequences\youtube\c23\frames\036\025.png,036,0,train
C:\Capstone\DeepfakeBench\datasets\rgb\FaceForensics++\original_sequences\youtube\c23\frames\036\026.png,036,0,train
C:\Capstone\DeepfakeBench\datasets\rgb\FaceForensics++\original_sequences\youtube\c23\frames\036\027.png,036,0,train
C:\Capstone\DeepfakeBench\datasets\rgb\FaceForensics++\original_sequences\youtube\c23\frames\036\028.png,036,0,train
C:\Capstone\DeepfakeBench\datasets\rgb\FaceForensics++\original_sequences\youtube\c23\frames\036\029.png,036,0,train
C:\Capstone\DeepfakeBench\datasets\rgb\FaceForensics++\original_sequences\youtube\c23\frames\036\030.png,036,0,train
C:\Capstone\DeepfakeBench\datasets\rgb\FaceForensics++\original_sequences\youtube\c23\frames\036\031.png,036,0,train
C:\Capstone\DeepfakeBench\datasets\rgb\FaceForensics++\original_sequences\youtube\c23\frames\644\000.png,644,0,train
C:\Capstone\DeepfakeBench\datasets\rgb\FaceForensics++\original_sequences\youtube\c23\frames\644\001.png,644,0,train
C:\Capstone\DeepfakeBench\datasets\rgb\FaceForensics++\original_sequences\youtube\c23\frames\644\002.png,644,0,train
C:\Capstone\DeepfakeBench\datasets\rgb\FaceForensics++\original_sequences\youtube\c23\frames\644\003.png,644,0,train
C:\Capstone\DeepfakeBench\datasets\rgb\FaceForensics++\original_sequences\youtube\c23\frames\644\004.png,644,0,train
C:\Capstone\DeepfakeBench\datasets\rgb\FaceForensics++\original_sequences\youtube\c23\frames\644\005.png,644,0,train
C:\Capstone\DeepfakeBench\datasets\rgb\FaceForensics++\original_sequences\youtube\c23\frames\644\006.png,644,0,train
C:\Capstone\DeepfakeBench\datasets\rgb\FaceForensics++\original_sequences\youtube\c23\frames\644\007.png,644,0,train
C:\Capstone\DeepfakeBench\datasets\rgb\FaceForensics++\original_sequences\youtube\c23\frames\644\008.png,644,0,train
C:\Capstone\DeepfakeBench\datasets\rgb\FaceForensics++\original_sequences\youtube\c23\frames\644\009.png,644,0,train
C:\Capstone\DeepfakeBench\datasets\rgb\FaceForensics++\original_sequences\youtube\c23\frames\644\010.png,644,0,train
C:\Capstone\DeepfakeBench\datasets\rgb\FaceForensics++\original_sequences\youtube\c23\frames\644\011.png,644,0,train
C:\Capstone\DeepfakeBench\datasets\rgb\FaceForensics++\original_sequences\youtube\c23\frames\644\012.png,644,0,train
C:\Capstone\DeepfakeBench\datasets\rgb\FaceForensics++\original_sequences\youtube\c23\frames\644\013.png,644,0,train
C:\Capstone\DeepfakeBench\datasets\rgb\FaceForensics++\original_sequences\youtube\c23\frames\644\014.png,644,0,train
C:\Capstone\DeepfakeBench\datasets\rgb\FaceForensics++\original_sequences\youtube\c23\frames\644\015.png,644,0,train
C:\Capstone\DeepfakeBench\datasets\rgb\FaceForensics++\original_sequences\youtube\c23\frames\644\016.png,644,0,train
C:\Capstone\DeepfakeBench\datasets\rgb\FaceForensics++\original_sequences\youtube\c23\frames\644\017.png,644,0,train
C:\Capstone\DeepfakeBench\datasets\rgb\FaceForensics++\original_sequences\youtube\c23\frames\644\018.png,644,0,train
C:\Capstone\DeepfakeBench\datasets\rgb\FaceForensics++\original_sequences\youtube\c23\frames\644\019.png,644,0,train
C:\Capstone\DeepfakeBench\datasets\rgb\FaceForensics++\original_sequences\youtube\c23\frames\644\020.png,644,0,train
C:\Capstone\DeepfakeBench\datasets\rgb\FaceForensics++\original_sequences\youtube\c23\frames\644\021.png,644,0,train
C:\Capstone\DeepfakeBench\datasets\rgb\FaceForensics++\original_sequences\youtube\c23\frames\644\022.png,644,0,train
C:\Capstone\DeepfakeBench\datasets\rgb\FaceForensics++\original_sequences\youtube\c23\frames\644\023.png,644,0,train
C:\Capstone\DeepfakeBench\datasets\rgb\FaceForensics++\original_sequences\youtube\c23\frames\644\024.png,644,0,train
C:\Capstone\DeepfakeBench\datasets\rgb\FaceForensics++\original_sequences\youtube\c23\frames\644\025.png,644,0,train
C:\Capstone\DeepfakeBench\datasets\rgb\FaceForensics++\original_sequences\youtube\c23\frames\644\026.png,644,0,train
C:\Capstone\DeepfakeBench\datasets\rgb\FaceForensics++\original_sequences\youtube\c23\frames\644\027.png,644,0,train
C:\Capstone\DeepfakeBench\datasets\rgb\FaceForensics++\original_sequences\youtube\c23\frames\644\028.png,644,0,train
C:\Capstone\DeepfakeBench\datasets\rgb\FaceForensics++\original_sequences\youtube\c23\frames\644\029.png,644,0,train
C:\Capstone\DeepfakeBench\datasets\rgb\FaceForensics++\original_sequences\youtube\c23\frames\644\030.png,644,0,train
C:\Capstone\DeepfakeBench\datasets\rgb\FaceForensics++\original_sequences\youtube\c23\frames\644\031.png,644,0,train
C:\Capstone\DeepfakeBench\datasets\rgb\FaceForensics++\original_sequences\youtube\c23\frames\435\000.png,435,0,train
C:\Capstone\DeepfakeBench\datasets\rgb\FaceForensics++\original_sequences\youtube\c23\frames\435\001.png,435,0,train
C:\Capstone\DeepfakeBench\datasets\rgb\FaceForensics++\original_sequences\youtube\c23\frames\435\002.png,435,0,train
C:\Capstone\DeepfakeBench\datasets\rgb\FaceForensics++\original_sequences\youtube\c23\frames\435\003.png,435,0,train
C:\Capstone\DeepfakeBench\datasets\rgb\FaceForensics++\original_sequences\youtube\c23\frames\435\004.png,435,0,train
C:\Capstone\DeepfakeBench\datasets\rgb\FaceForensics++\original_sequences\youtube\c23\frames\435\005.png,435,0,train
C:\Capstone\DeepfakeBench\datasets\rgb\FaceForensics++\original_sequences\youtube\c23\frames\435\006.png,435,0,train
C:\Capstone\DeepfakeBench\datasets\rgb\FaceForensics++\original_sequences\youtube\c23\frames\435\007.png,435,0,train
C:\Capstone\DeepfakeBench\datasets\rgb\FaceForensics++\original_sequences\youtube\c23\frames\435\008.png,435,0,train
C:\Capstone\DeepfakeBench\datasets\rgb\FaceForensics++\original_sequences\youtube\c23\frames\435\009.png,435,0,train
C:\Capstone\DeepfakeBench\datasets\rgb\FaceForensics++\original_sequences\youtube\c23\frames\435\010.png,435,0,train
C:\Capstone\DeepfakeBench\datasets\rgb\FaceForensics++\original_sequences\youtube\c23\frames\435\011.png,435,0,train
C:\Capstone\DeepfakeBench\datasets\rgb\FaceForensics++\original_sequences\youtube\c23\frames\435\012.png,435,0,train
C:\Capstone\DeepfakeBench\datasets\rgb\FaceForensics++\original_sequences\youtube\c23\frames\435\013.png,435,0,train
C:\Capstone\DeepfakeBench\datasets\rgb\FaceForensics++\original_sequences\youtube\c23\frames\435\014.png,435,0,train
C:\Capstone\DeepfakeBench\datasets\rgb\FaceForensics++\original_sequences\youtube\c23\frames\435\015.png,435,0,train
C:\Capstone\DeepfakeBench\datasets\rgb\FaceForensics++\original_sequences\youtube\c23\frames\435\016.png,435,0,train
C:\Capstone\DeepfakeBench\datasets\rgb\FaceForensics++\original_sequences\youtube\c23\frames\435\017.png,435,0,train
C:\Capstone\DeepfakeBench\datasets\rgb\FaceForensics++\original_sequences\youtube\c23\frames\435\018.png,435,0,train
C:\Capstone\DeepfakeBench\datasets\rgb\FaceForensics++\original_sequences\youtube\c23\frames\435\019.png,435,0,train
C:\Capstone\DeepfakeBench\datasets\rgb\FaceForensics++\original_sequences\youtube\c23\frames\435\020.png,435,0,train
C:\Capstone\DeepfakeBench\datasets\rgb\FaceForensics++\original_sequences\youtube\c23\frames\435\021.png,435,0,train
C:\Capstone\DeepfakeBench\datasets\rgb\FaceForensics++\original_sequences\youtube\c23\frames\435\022.png,435,0,train
C:\Capstone\DeepfakeBench\datasets\rgb\FaceForensics++\original_sequences\youtube\c23\frames\435\023.png,435,0,train
C:\Capstone\DeepfakeBench\datasets\rgb\FaceForensics++\original_sequences\youtube\c23\frames\435\024.png,435,0,train
C:\Capstone\DeepfakeBench\datasets\rgb\FaceForensics++\original_sequences\youtube\c23\frames\435\025.png,435,0,train
C:\Capstone\DeepfakeBench\datasets\rgb\FaceForensics++\original_sequences\youtube\c23\frames\435\026.png,435,0,train
C:\Capstone\DeepfakeBench\datasets\rgb\FaceForensics++\original_sequences\youtube\c23\frames\435\027.png,435,0,train
C:\Capstone\DeepfakeBench\datasets\rgb\FaceForensics++\original_sequences\youtube\c23\frames\435\028.png,435,0,train
C:\Capstone\DeepfakeBench\datasets\rgb\FaceForensics++\original_sequences\youtube\c23\frames\435\029.png,435,0,train
C:\Capstone\DeepfakeBench\datasets\rgb\FaceForensics++\original_sequences\youtube\c23\frames\435\030.png,435,0,train
C:\Capstone\DeepfakeBench\datasets\rgb\FaceForensics++\original_sequences\youtube\c23\frames\435\031.png,435,0,train
C:\Capstone\DeepfakeBench\datasets\rgb\FaceForensics++\manipulated_sequences\Deepfakes\c23\frames\321_288\000.png,321_288,1,train
C:\Capstone\DeepfakeBench\datasets\rgb\FaceForensics++\manipulated_sequences\Deepfakes\c23\frames\321_288\001.png,321_288,1,train
C:\Capstone\DeepfakeBench\datasets\rgb\FaceForensics++\manipulated_sequences\Deepfakes\c23\frames\321_288\002.png,321_288,1,train
C:\Capstone\DeepfakeBench\datasets\rgb\FaceForensics++\manipulated_sequences\Deepfakes\c23\frames\321_288\003.png,321_288,1,train
C:\Capstone\DeepfakeBench\datasets\rgb\FaceForensics++\manipulated_sequences\Deepfakes\c23\frames\321_288\004.png,321_288,1,train
C:\Capstone\DeepfakeBench\datasets\rgb\FaceForensics++\manipulated_sequences\Deepfakes\c23\frames\321_288\005.png,321_288,1,train
C:\Capstone\DeepfakeBench\datasets\rgb\FaceForensics++\manipulated_sequences\Deepfakes\c23\frames\321_288\006.png,321_288,1,train
C:\Capstone\DeepfakeBench\datasets\rgb\FaceForensics++\manipulated_sequences\Deepfakes\c23\frames\321_288\007.png,321_288,1,train
C:\Capstone\DeepfakeBench\datasets\rgb\FaceForensics++\manipulated_sequences\Deepfakes\c23\frames\321_288\008.png,321_288,1,train
C:\Capstone\DeepfakeBench\datasets\rgb\FaceForensics++\manipulated_sequences\Deepfakes\c23\frames\321_288\009.png,321_288,1,train
C:\Capstone\DeepfakeBench\datasets\rgb\FaceForensics++\manipulated_sequences\Deepfakes\c23\frames\321_288\010.png,321_288,1,train
C:\Capstone\DeepfakeBench\datasets\rgb\FaceForensics++\manipulated_sequences\Deepfakes\c23\frames\321_288\011.png,321_288,1,train
C:\Capstone\DeepfakeBench\datasets\rgb\FaceForensics++\manipulated_sequences\Deepfakes\c23\frames\321_288\012.png,321_288,1,train
C:\Capstone\DeepfakeBench\datasets\rgb\FaceForensics++\manipulated_sequences\Deepfakes\c23\frames\321_288\013.png,321_288,1,train
C:\Capstone\DeepfakeBench\datasets\rgb\FaceForensics++\manipulated_sequences\Deepfakes\c23\frames\321_288\014.png,321_288,1,train
C:\Capstone\DeepfakeBench\datasets\rgb\FaceForensics++\manipulated_sequences\Deepfakes\c23\frames\321_288\015.png,321_288,1,train
C:\Capstone\DeepfakeBench\datasets\rgb\FaceForensics++\manipulated_sequences\Deepfakes\c23\frames\321_288\016.png,321_288,1,train
C:\Capstone\DeepfakeBench\datasets\rgb\FaceForensics++\manipulated_sequences\Deepfakes\c23\frames\321_288\017.png,321_288,1,train
C:\Capstone\DeepfakeBench\datasets\rgb\FaceForensics++\manipulated_sequences\Deepfakes\c23\frames\321_288\018.png,321_288,1,train
C:\Capstone\DeepfakeBench\datasets\rgb\FaceForensics++\manipulated_sequences\Deepfakes\c23\frames\321_288\019.png,321_288,1,train
C:\Capstone\DeepfakeBench\datasets\rgb\FaceForensics++\manipulated_sequences\Deepfakes\c23\frames\321_288\020.png,321_288,1,train
C:\Capstone\DeepfakeBench\datasets\rgb\FaceForensics++\manipulated_sequences\Deepfakes\c23\frames\321_288\021.png,321_288,1,train
C:\Capstone\DeepfakeBench\datasets\rgb\FaceForensics++\manipulated_sequences\Deepfakes\c23\frames\321_288\022.png,321_288,1,train
C:\Capstone\DeepfakeBench\datasets\rgb\FaceForensics++\manipulated_sequences\Deepfakes\c23\frames\321_288\023.png,321_288,1,train
C:\Capstone\DeepfakeBench\datasets\rgb\FaceForensics++\manipulated_sequences\Deepfakes\c23\frames\321_288\024.png,321_288,1,train
C:\Capstone\DeepfakeBench\datasets\rgb\FaceForensics++\manipulated_sequences\Deepfakes\c23\frames\321_288\025.png,321_288,1,train
C:\Capstone\DeepfakeBench\datasets\rgb\FaceForensics++\manipulated_sequences\Deepfakes\c23\frames\321_288\026.png,321_288,1,train
C:\Capstone\DeepfakeBench\datasets\rgb\FaceForensics++\manipulated_sequences\Deepfakes\c23\frames\321_288\027.png,321_288,1,train
C:\Capstone\DeepfakeBench\datasets\rgb\FaceForensics++\manipulated_sequences\Deepfakes\c23\frames\321_288\028.png,321_288,1,train
C:\Capstone\DeepfakeBench\datasets\rgb\FaceForensics++\manipulated_sequences\Deepfakes\c23\frames\321_288\029.png,321_288,1,train
C:\Capstone\DeepfakeBench\datasets\rgb\FaceForensics++\manipulated_sequences\Deepfakes\c23\frames\321_288\030.png,321_288,1,train
C:\Capstone\DeepfakeBench\datasets\rgb\FaceForensics++\manipulated_sequences\Deepfakes\c23\frames\321_288\031.png,321_288,1,train
C:\Capstone\DeepfakeBench\datasets\rgb\FaceForensics++\manipulated_sequences\Deepfakes\c23\frames\672_720\000.png,672_720,1,train
C:\Capstone\DeepfakeBench\datasets\rgb\FaceForensics++\manipulated_sequences\Deepfakes\c23\frames\672_720\001.png,672_720,1,train
C:\Capstone\DeepfakeBench\datasets\rgb\FaceForensics++\manipulated_sequences\Deepfakes\c23\frames\672_720\002.png,672_720,1,train
C:\Capstone\DeepfakeBench\datasets\rgb\FaceForensics++\manipulated_sequences\Deepfakes\c23\frames\672_720\003.png,672_720,1,train
C:\Capstone\DeepfakeBench\datasets\rgb\FaceForensics++\manipulated_sequences\Deepfakes\c23\frames\672_720\004.png,672_720,1,train
C:\Capstone\DeepfakeBench\datasets\rgb\FaceForensics++\manipulated_sequences\Deepfakes\c23\frames\672_720\005.png,672_720,1,train
C:\Capstone\DeepfakeBench\datasets\rgb\FaceForensics++\manipulated_sequences\Deepfakes\c23\frames\672_720\006.png,672_720,1,train
C:\Capstone\DeepfakeBench\datasets\rgb\FaceForensics++\manipulated_sequences\Deepfakes\c23\frames\672_720\007.png,672_720,1,train
C:\Capstone\DeepfakeBench\datasets\rgb\FaceForensics++\manipulated_sequences\Deepfakes\c23\frames\672_720\008.png,672_720,1,train
C:\Capstone\DeepfakeBench\datasets\rgb\FaceForensics++\manipulated_sequences\Deepfakes\c23\frames\672_720\009.png,672_720,1,train
C:\Capstone\DeepfakeBench\datasets\rgb\FaceForensics++\manipulated_sequences\Deepfakes\c23\frames\672_720\010.png,672_720,1,train
C:\Capstone\DeepfakeBench\datasets\rgb\FaceForensics++\manipulated_sequences\Deepfakes\c23\frames\672_720\011.png,672_720,1,train
C:\Capstone\DeepfakeBench\datasets\rgb\FaceForensics++\manipulated_sequences\Deepfakes\c23\frames\672_720\012.png,672_720,1,train
C:\Capstone\DeepfakeBench\datasets\rgb\FaceForensics++\manipulated_sequences\Deepfakes\c23\frames\672_720\013.png,672_720,1,train
C:\Capstone\DeepfakeBench\datasets\rgb\FaceForensics++\manipulated_sequences\Deepfakes\c23\frames\672_720\014.png,672_720,1,train
C:\Capstone\DeepfakeBench\datasets\rgb\FaceForensics++\manipulated_sequences\Deepfakes\c23\frames\672_720\015.png,672_720,1,train
C:\Capstone\DeepfakeBench\datasets\rgb\FaceForensics++\manipulated_sequences\Deepfakes\c23\frames\672_720\016.png,672_720,1,train
C:\Capstone\DeepfakeBench\datasets\rgb\FaceForensics++\manipulated_sequences\Deepfakes\c23\frames\672_720\017.png,672_720,1,train
C:\Capstone\DeepfakeBench\datasets\rgb\FaceForensics++\manipulated_sequences\Deepfakes\c23\frames\672_720\018.png,672_720,1,train
C:\Capstone\DeepfakeBench\datasets\rgb\FaceForensics++\manipulated_sequences\Deepfakes\c23\frames\672_720\019.png,672_720,1,train
C:\Capstone\DeepfakeBench\datasets\rgb\FaceForensics++\manipulated_sequences\Deepfakes\c23\frames\672_720\020.png,672_720,1,train
C:\Capstone\DeepfakeBench\datasets\rgb\FaceForensics++\manipulated_sequences\Deepfakes\c23\frames\672_720\021.png,672_720,1,train
C:\Capstone\DeepfakeBench\datasets\rgb\FaceForensics++\manipulated_sequences\Deepfakes\c23\frames\672_720\022.png,672_720,1,train
C:\Capstone\DeepfakeBench\datasets\rgb\FaceForensics++\manipulated_sequences\Deepfakes\c23\frames\672_720\023.png,672_720,1,train
C:\Capstone\DeepfakeBench\datasets\rgb\FaceForensics++\manipulated_sequences\Deepfakes\c23\frames\672_720\024.png,672_720,1,train
C:\Capstone\DeepfakeBench\datasets\rgb\FaceForensics++\manipulated_sequences\Deepfakes\c23\frames\672_720\025.png,672_720,1,train
C:\Capstone\DeepfakeBench\datasets\rgb\FaceForensics++\manipulated_sequences\Deepfakes\c23\frames\672_720\026.png,672_720,1,train
C:\Capstone\DeepfakeBench\datasets\rgb\FaceForensics++\manipulated_sequences\Deepfakes\c23\frames\672_720\027.png,672_720,1,train
C:\Capstone\DeepfakeBench\datasets\rgb\FaceForensics++\manipulated_sequences\Deepfakes\c23\frames\672_720\028.png,672_720,1,train
C:\Capstone\DeepfakeBench\datasets\rgb\FaceForensics++\manipulated_sequences\Deepfakes\c23\frames\672_720\029.png,672_720,1,train
C:\Capstone\DeepfakeBench\datasets\rgb\FaceForensics++\manipulated_sequences\Deepfakes\c23\frames\672_720\030.png,672_720,1,train
C:\Capstone\DeepfakeBench\datasets\rgb\FaceForensics++\manipulated_sequences\Deepfakes\c23\frames\672_720\031.png,672_720,1,train
C:\Capstone\DeepfakeBench\datasets\rgb\FaceForensics++\manipulated_sequences\Deepfakes\c23\frames\254_261\000.png,254_261,1,train
C:\Capstone\DeepfakeBench\datasets\rgb\FaceForensics++\manipulated_sequences\Deepfakes\c23\frames\254_261\001.png,254_261,1,train
C:\Capstone\DeepfakeBench\datasets\rgb\FaceForensics++\manipulated_sequences\Deepfakes\c23\frames\254_261\002.png,254_261,1,train
C:\Capstone\DeepfakeBench\datasets\rgb\FaceForensics++\manipulated_sequences\Deepfakes\c23\frames\254_261\003.png,254_261,1,train
C:\Capstone\DeepfakeBench\datasets\rgb\FaceForensics++\manipulated_sequences\Deepfakes\c23\frames\254_261\004.png,254_261,1,train
C:\Capstone\DeepfakeBench\datasets\rgb\FaceForensics++\manipulated_sequences\Deepfakes\c23\frames\254_261\005.png,254_261,1,train
C:\Capstone\DeepfakeBench\datasets\rgb\FaceForensics++\manipulated_sequences\Deepfakes\c23\frames\254_261\006.png,254_261,1,train
C:\Capstone\DeepfakeBench\datasets\rgb\FaceForensics++\manipulated_sequences\Deepfakes\c23\frames\254_261\007.png,254_261,1,train
C:\Capstone\DeepfakeBench\datasets\rgb\FaceForensics++\manipulated_sequences\Deepfakes\c23\frames\254_261\008.png,254_261,1,train
C:\Capstone\DeepfakeBench\datasets\rgb\FaceForensics++\manipulated_sequences\Deepfakes\c23\frames\254_261\009.png,254_261,1,train
C:\Capstone\DeepfakeBench\datasets\rgb\FaceForensics++\manipulated_sequences\Deepfakes\c23\frames\254_261\010.png,254_261,1,train
C:\Capstone\DeepfakeBench\datasets\rgb\FaceForensics++\manipulated_sequences\Deepfakes\c23\frames\254_261\011.png,254_261,1,train
C:\Capstone\DeepfakeBench\datasets\rgb\FaceForensics++\manipulated_sequences\Deepfakes\c23\frames\254_261\012.png,254_261,1,train
C:\Capstone\DeepfakeBench\datasets\rgb\FaceForensics++\manipulated_sequences\Deepfakes\c23\frames\254_261\013.png,254_261,1,train
C:\Capstone\DeepfakeBench\datasets\rgb\FaceForensics++\manipulated_sequences\Deepfakes\c23\frames\254_261\014.png,254_261,1,train
C:\Capstone\DeepfakeBench\datasets\rgb\FaceForensics++\manipulated_sequences\Deepfakes\c23\frames\254_261\015.png,254_261,1,train
C:\Capstone\DeepfakeBench\datasets\rgb\FaceForensics++\manipulated_sequences\Deepfakes\c23\frames\254_261\016.png,254_261,1,train
C:\Capstone\DeepfakeBench\datasets\rgb\FaceForensics++\manipulated_sequences\Deepfakes\c23\frames\254_261\017.png,254_261,1,train
C:\Capstone\DeepfakeBench\datasets\rgb\FaceForensics++\manipulated_sequences\Deepfakes\c23\frames\254_261\018.png,254_261,1,train
C:\Capstone\DeepfakeBench\datasets\rgb\FaceForensics++\manipulated_sequences\Deepfakes\c23\frames\254_261\019.png,254_261,1,train
C:\Capstone\DeepfakeBench\datasets\rgb\FaceForensics++\manipulated_sequences\Deepfakes\c23\frames\254_261\020.png,254_261,1,train
C:\Capstone\DeepfakeBench\datasets\rgb\FaceForensics++\manipulated_sequences\Deepfakes\c23\frames\254_261\021.png,254_261,1,train
C:\Capstone\DeepfakeBench\datasets\rgb\FaceForensics++\manipulated_sequences\Deepfakes\c23\frames\254_261\022.png,254_261,1,train
C:\Capstone\DeepfakeBench\datasets\rgb\FaceForensics++\manipulated_sequences\Deepfakes\c23\frames\254_261\023.png,254_261,1,train
C:\Capstone\DeepfakeBench\datasets\rgb\FaceForensics++\manipulated_sequences\Deepfakes\c23\frames\254_261\024.png,254_261,1,train
C:\Capstone\DeepfakeBench\datasets\rgb\FaceForensics++\manipulated_sequences\Deepfakes\c23\frames\254_261\025.png,254_261,1,train
C:\Capstone\DeepfakeBench\datasets\rgb\FaceForensics++\manipulated_sequences\Deepfakes\c23\frames\254_261\026.png,254_261,1,train
C:\Capstone\DeepfakeBench\datasets\rgb\FaceForensics++\manipulated_sequences\Deepfakes\c23\frames\254_261\027.png,254_261,1,train
C:\Capstone\DeepfakeBench\datasets\rgb\FaceForensics++\manipulated_sequences\Deepfakes\c23\frames\254_261\028.png,254_261,1,train
C:\Capstone\DeepfakeBench\datasets\rgb\FaceForensics++\manipulated_sequences\Deepfakes\c23\frames\254_261\029.png,254_261,1,train
C:\Capstone\DeepfakeBench\datasets\rgb\FaceForensics++\manipulated_sequences\Deepfakes\c23\frames\254_261\030.png,254_261,1,train
C:\Capstone\DeepfakeBench\datasets\rgb\FaceForensics++\manipulated_sequences\Deepfakes\c23\frames\254_261\031.png,254_261,1,train
C:\Capstone\DeepfakeBench\datasets\rgb\FaceForensics++\original_sequences\youtube\c23\frames\779\000.png,779,0,train
C:\Capstone\DeepfakeBench\datasets\rgb\FaceForensics++\original_sequences\youtube\c23\frames\779\001.png,779,0,train
C:\Capstone\DeepfakeBench\datasets\rgb\FaceForensics++\original_sequences\youtube\c23\frames\779\002.png,779,0,train
C:\Capstone\DeepfakeBench\datasets\rgb\FaceForensics++\original_sequences\youtube\c23\frames\779\003.png,779,0,train
C:\Capstone\DeepfakeBench\datasets\rgb\FaceForensics++\original_sequences\youtube\c23\frames\779\004.png,779,0,train
C:\Capstone\DeepfakeBench\datasets\rgb\FaceForensics++\original_sequences\youtube\c23\frames\779\005.png,779,0,train
C:\Capstone\DeepfakeBench\datasets\rgb\FaceForensics++\original_sequences\youtube\c23\frames\779\006.png,779,0,train
C:\Capstone\DeepfakeBench\datasets\rgb\FaceForensics++\original_sequences\youtube\c23\frames\779\007.png,779,0,train
C:\Capstone\DeepfakeBench\datasets\rgb\FaceForensics++\original_sequences\youtube\c23\frames\779\008.png,779,0,train
C:\Capstone\DeepfakeBench\datasets\rgb\FaceForensics++\original_sequences\youtube\c23\frames\779\009.png,779,0,train
C:\Capstone\DeepfakeBench\datasets\rgb\FaceForensics++\original_sequences\youtube\c23\frames\779\010.png,779,0,train
C:\Capstone\DeepfakeBench\datasets\rgb\FaceForensics++\original_sequences\youtube\c23\frames\779\011.png,779,0,train
C:\Capstone\DeepfakeBench\datasets\rgb\FaceForensics++\original_sequences\youtube\c23\frames\779\012.png,779,0,train
C:\Capstone\DeepfakeBench\datasets\rgb\FaceForensics++\original_sequences\youtube\c23\frames\779\013.png,779,0,train
C:\Capstone\DeepfakeBench\datasets\rgb\FaceForensics++\original_sequences\youtube\c23\frames\779\014.png,779,0,train
C:\Capstone\DeepfakeBench\datasets\rgb\FaceForensics++\original_sequences\youtube\c23\frames\779\015.png,779,0,train
C:\Capstone\DeepfakeBench\datasets\rgb\FaceForensics++\original_sequences\youtube\c23\frames\779\016.png,779,0,train
C:\Capstone\DeepfakeBench\datasets\rgb\FaceForensics++\original_sequences\youtube\c23\frames\779\017.png,779,0,train
C:\Capstone\DeepfakeBench\datasets\rgb\FaceForensics++\original_sequences\youtube\c23\frames\779\018.png,779,0,train
C:\Capstone\DeepfakeBench\datasets\rgb\FaceForensics++\original_sequences\youtube\c23\frames\779\019.png,779,0,train
C:\Capstone\DeepfakeBench\datasets\rgb\FaceForensics++\original_sequences\youtube\c23\frames\779\020.png,779,0,train
C:\Capstone\DeepfakeBench\datasets\rgb\FaceForensics++\original_sequences\youtube\c23\frames\779\021.png,779,0,train
C:\Capstone\DeepfakeBench\datasets\rgb\FaceForensics++\original_sequences\youtube\c23\frames\779\022.png,779,0,train
C:\Capstone\DeepfakeBench\datasets\rgb\FaceForensics++\original_sequences\youtube\c23\frames\779\023.png,779,0,train
C:\Capstone\DeepfakeBench\datasets\rgb\FaceForensics++\original_sequences\youtube\c23\frames\779\024.png,779,0,train
C:\Capstone\DeepfakeBench\datasets\rgb\FaceForensics++\original_sequences\youtube\c23\frames\779\025.png,779,0,train
C:\Capstone\DeepfakeBench\datasets\rgb\FaceForensics++\original_sequences\youtube\c23\frames\779\026.png,779,0,train
C:\Capstone\DeepfakeBench\datasets\rgb\FaceForensics++\original_sequences\youtube\c23\frames\779\027.png,779,0,train
C:\Capstone\DeepfakeBench\datasets\rgb\FaceForensics++\original_sequences\youtube\c23\frames\779\028.png,779,0,train
C:\Capstone\DeepfakeBench\datasets\rgb\FaceForensics++\original_sequences\youtube\c23\frames\779\029.png,779,0,train
C:\Capstone\DeepfakeBench\datasets\rgb\FaceForensics++\original_sequences\youtube\c23\frames\779\030.png,779,0,train
C:\Capstone\DeepfakeBench\datasets\rgb\FaceForensics++\original_sequences\youtube\c23\frames\779\031.png,779,0,train
C:\Capstone\DeepfakeBench\datasets\rgb\FaceForensics++\manipulated_sequences\Deepfakes\c23\frames\585_599\000.png,585_599,1,train
C:\Capstone\DeepfakeBench\datasets\rgb\FaceForensics++\manipulated_sequences\Deepfakes\c23\frames\585_599\001.png,585_599,1,train
C:\Capstone\DeepfakeBench\datasets\rgb\FaceForensics++\manipulated_sequences\Deepfakes\c23\frames\585_599\002.png,585_599,1,train
C:\Capstone\DeepfakeBench\datasets\rgb\FaceForensics++\manipulated_sequences\Deepfakes\c23\frames\585_599\003.png,585_599,1,train
C:\Capstone\DeepfakeBench\datasets\rgb\FaceForensics++\manipulated_sequences\Deepfakes\c23\frames\585_599\004.png,585_599,1,train
C:\Capstone\DeepfakeBench\datasets\rgb\FaceForensics++\manipulated_sequences\Deepfakes\c23\frames\585_599\005.png,585_599,1,train
C:\Capstone\DeepfakeBench\datasets\rgb\FaceForensics++\manipulated_sequences\Deepfakes\c23\frames\585_599\006.png,585_599,1,train
C:\Capstone\DeepfakeBench\datasets\rgb\FaceForensics++\manipulated_sequences\Deepfakes\c23\frames\585_599\007.png,585_599,1,train
C:\Capstone\DeepfakeBench\datasets\rgb\FaceForensics++\manipulated_sequences\Deepfakes\c23\frames\585_599\008.png,585_599,1,train
C:\Capstone\DeepfakeBench\datasets\rgb\FaceForensics++\manipulated_sequences\Deepfakes\c23\frames\585_599\009.png,585_599,1,train
C:\Capstone\DeepfakeBench\datasets\rgb\FaceForensics++\manipulated_sequences\Deepfakes\c23\frames\585_599\010.png,585_599,1,train
C:\Capstone\DeepfakeBench\datasets\rgb\FaceForensics++\manipulated_sequences\Deepfakes\c23\frames\585_599\011.png,585_599,1,train
C:\Capstone\DeepfakeBench\datasets\rgb\FaceForensics++\manipulated_sequences\Deepfakes\c23\frames\585_599\012.png,585_599,1,train
C:\Capstone\DeepfakeBench\datasets\rgb\FaceForensics++\manipulated_sequences\Deepfakes\c23\frames\585_599\013.png,585_599,1,train
C:\Capstone\DeepfakeBench\datasets\rgb\FaceForensics++\manipulated_sequences\Deepfakes\c23\frames\585_599\014.png,585_599,1,train
C:\Capstone\DeepfakeBench\datasets\rgb\FaceForensics++\manipulated_sequences\Deepfakes\c23\frames\585_599\015.png,585_599,1,train
C:\Capstone\DeepfakeBench\datasets\rgb\FaceForensics++\manipulated_sequences\Deepfakes\c23\frames\585_599\016.png,585_599,1,train
C:\Capstone\DeepfakeBench\datasets\rgb\FaceForensics++\manipulated_sequences\Deepfakes\c23\frames\585_599\017.png,585_599,1,train
C:\Capstone\DeepfakeBench\datasets\rgb\FaceForensics++\manipulated_sequences\Deepfakes\c23\frames\585_599\018.png,585_599,1,train
C:\Capstone\DeepfakeBench\datasets\rgb\FaceForensics++\manipulated_sequences\Deepfakes\c23\frames\585_599\019.png,585_599,1,train
C:\Capstone\DeepfakeBench\datasets\rgb\FaceForensics++\manipulated_sequences\Deepfakes\c23\frames\585_599\020.png,585_599,1,train
C:\Capstone\DeepfakeBench\datasets\rgb\FaceForensics++\manipulated_sequences\Deepfakes\c23\frames\585_599\021.png,585_599,1,train
C:\Capstone\DeepfakeBench\datasets\rgb\FaceForensics++\manipulated_sequences\Deepfakes\c23\frames\585_599\022.png,585_599,1,train
C:\Capstone\DeepfakeBench\datasets\rgb\FaceForensics++\manipulated_sequences\Deepfakes\c23\frames\585_599\023.png,585_599,1,train
C:\Capstone\DeepfakeBench\datasets\rgb\FaceForensics++\manipulated_sequences\Deepfakes\c23\frames\585_599\024.png,585_599,1,train
C:\Capstone\DeepfakeBench\datasets\rgb\FaceForensics++\manipulated_sequences\Deepfakes\c23\frames\585_599\025.png,585_599,1,train
C:\Capstone\DeepfakeBench\datasets\rgb\FaceForensics++\manipulated_sequences\Deepfakes\c23\frames\585_599\026.png,585_599,1,train
C:\Capstone\DeepfakeBench\datasets\rgb\FaceForensics++\manipulated_sequences\Deepfakes\c23\frames\585_599\027.png,585_599,1,train
C:\Capstone\DeepfakeBench\datasets\rgb\FaceForensics++\manipulated_sequences\Deepfakes\c23\frames\585_599\028.png,585_599,1,train
C:\Capstone\DeepfakeBench\datasets\rgb\FaceForensics++\manipulated_sequences\Deepfakes\c23\frames\585_599\029.png,585_599,1,train
C:\Capstone\DeepfakeBench\datasets\rgb\FaceForensics++\manipulated_sequences\Deepfakes\c23\frames\585_599\030.png,585_599,1,train
C:\Capstone\DeepfakeBench\datasets\rgb\FaceForensics++\manipulated_sequences\Deepfakes\c23\frames\585_599\031.png,585_599,1,train
C:\Capstone\DeepfakeBench\datasets\rgb\FaceForensics++\manipulated_sequences\Deepfakes\c23\frames\654_648\000.png,654_648,1,train
C:\Capstone\DeepfakeBench\datasets\rgb\FaceForensics++\manipulated_sequences\Deepfakes\c23\frames\654_648\001.png,654_648,1,train
C:\Capstone\DeepfakeBench\datasets\rgb\FaceForensics++\manipulated_sequences\Deepfakes\c23\frames\654_648\002.png,654_648,1,train
C:\Capstone\DeepfakeBench\datasets\rgb\FaceForensics++\manipulated_sequences\Deepfakes\c23\frames\654_648\003.png,654_648,1,train
C:\Capstone\DeepfakeBench\datasets\rgb\FaceForensics++\manipulated_sequences\Deepfakes\c23\frames\654_648\004.png,654_648,1,train
C:\Capstone\DeepfakeBench\datasets\rgb\FaceForensics++\manipulated_sequences\Deepfakes\c23\frames\654_648\005.png,654_648,1,train
C:\Capstone\DeepfakeBench\datasets\rgb\FaceForensics++\manipulated_sequences\Deepfakes\c23\frames\654_648\006.png,654_648,1,train
C:\Capstone\DeepfakeBench\datasets\rgb\FaceForensics++\manipulated_sequences\Deepfakes\c23\frames\654_648\007.png,654_648,1,train
C:\Capstone\DeepfakeBench\datasets\rgb\FaceForensics++\manipulated_sequences\Deepfakes\c23\frames\654_648\008.png,654_648,1,train
C:\Capstone\DeepfakeBench\datasets\rgb\FaceForensics++\manipulated_sequences\Deepfakes\c23\frames\654_648\009.png,654_648,1,train
C:\Capstone\DeepfakeBench\datasets\rgb\FaceForensics++\manipulated_sequences\Deepfakes\c23\frames\654_648\010.png,654_648,1,train
C:\Capstone\DeepfakeBench\datasets\rgb\FaceForensics++\manipulated_sequences\Deepfakes\c23\frames\654_648\011.png,654_648,1,train
C:\Capstone\DeepfakeBench\datasets\rgb\FaceForensics++\manipulated_sequences\Deepfakes\c23\frames\654_648\012.png,654_648,1,train
C:\Capstone\DeepfakeBench\datasets\rgb\FaceForensics++\manipulated_sequences\Deepfakes\c23\frames\654_648\013.png,654_648,1,train
C:\Capstone\DeepfakeBench\datasets\rgb\FaceForensics++\manipulated_sequences\Deepfakes\c23\frames\654_648\014.png,654_648,1,train
C:\Capstone\DeepfakeBench\datasets\rgb\FaceForensics++\manipulated_sequences\Deepfakes\c23\frames\654_648\015.png,654_648,1,train
C:\Capstone\DeepfakeBench\datasets\rgb\FaceForensics++\manipulated_sequences\Deepfakes\c23\frames\654_648\016.png,654_648,1,train
C:\Capstone\DeepfakeBench\datasets\rgb\FaceForensics++\manipulated_sequences\Deepfakes\c23\frames\654_648\017.png,654_648,1,train
C:\Capstone\DeepfakeBench\datasets\rgb\FaceForensics++\manipulated_sequences\Deepfakes\c23\frames\654_648\018.png,654_648,1,train
C:\Capstone\DeepfakeBench\datasets\rgb\FaceForensics++\manipulated_sequences\Deepfakes\c23\frames\654_648\019.png,654_648,1,train
C:\Capstone\DeepfakeBench\datasets\rgb\FaceForensics++\manipulated_sequences\Deepfakes\c23\frames\654_648\020.png,654_648,1,train
C:\Capstone\DeepfakeBench\datasets\rgb\FaceForensics++\manipulated_sequences\Deepfakes\c23\frames\654_648\021.png,654_648,1,train
C:\Capstone\DeepfakeBench\datasets\rgb\FaceForensics++\manipulated_sequences\Deepfakes\c23\frames\654_648\022.png,654_648,1,train
C:\Capstone\DeepfakeBench\datasets\rgb\FaceForensics++\manipulated_sequences\Deepfakes\c23\frames\654_648\023.png,654_648,1,train
C:\Capstone\DeepfakeBench\datasets\rgb\FaceForensics++\manipulated_sequences\Deepfakes\c23\frames\654_648\024.png,654_648,1,train
C:\Capstone\DeepfakeBench\datasets\rgb\FaceForensics++\manipulated_sequences\Deepfakes\c23\frames\654_648\025.png,654_648,1,train
C:\Capstone\DeepfakeBench\datasets\rgb\FaceForensics++\manipulated_sequences\Deepfakes\c23\frames\654_648\026.png,654_648,1,train
C:\Capstone\DeepfakeBench\datasets\rgb\FaceForensics++\manipulated_sequences\Deepfakes\c23\frames\654_648\027.png,654_648,1,train
C:\Capstone\DeepfakeBench\datasets\rgb\FaceForensics++\manipulated_sequences\Deepfakes\c23\frames\654_648\028.png,654_648,1,train
C:\Capstone\DeepfakeBench\datasets\rgb\FaceForensics++\manipulated_sequences\Deepfakes\c23\frames\654_648\029.png,654_648,1,train
C:\Capstone\DeepfakeBench\datasets\rgb\FaceForensics++\manipulated_sequences\Deepfakes\c23\frames\654_648\030.png,654_648,1,train
C:\Capstone\DeepfakeBench\datasets\rgb\FaceForensics++\manipulated_sequences\Deepfakes\c23\frames\654_648\031.png,654_648,1,train
C:\Capstone\DeepfakeBench\datasets\rgb\FaceForensics++\original_sequences\youtube\c23\frames\437\000.png,437,0,train
C:\Capstone\DeepfakeBench\datasets\rgb\FaceForensics++\original_sequences\youtube\c23\frames\437\001.png,437,0,train
C:\Capstone\DeepfakeBench\datasets\rgb\FaceForensics++\original_sequences\youtube\c23\frames\437\002.png,437,0,train
C:\Capstone\DeepfakeBench\datasets\rgb\FaceForensics++\original_sequences\youtube\c23\frames\437\003.png,437,0,train
C:\Capstone\DeepfakeBench\datasets\rgb\FaceForensics++\original_sequences\youtube\c23\frames\437\004.png,437,0,train
C:\Capstone\DeepfakeBench\datasets\rgb\FaceForensics++\original_sequences\youtube\c23\frames\437\005.png,437,0,train
C:\Capstone\DeepfakeBench\datasets\rgb\FaceForensics++\original_sequences\youtube\c23\frames\437\006.png,437,0,train
C:\Capstone\DeepfakeBench\datasets\rgb\FaceForensics++\original_sequences\youtube\c23\frames\437\007.png,437,0,train
C:\Capstone\DeepfakeBench\datasets\rgb\FaceForensics++\original_sequences\youtube\c23\frames\437\008.png,437,0,train
C:\Capstone\DeepfakeBench\datasets\rgb\FaceForensics++\original_sequences\youtube\c23\frames\437\009.png,437,0,train
C:\Capstone\DeepfakeBench\datasets\rgb\FaceForensics++\original_sequences\youtube\c23\frames\437\010.png,437,0,train
C:\Capstone\DeepfakeBench\datasets\rgb\FaceForensics++\original_sequences\youtube\c23\frames\437\011.png,437,0,train
C:\Capstone\DeepfakeBench\datasets\rgb\FaceForensics++\original_sequences\youtube\c23\frames\437\012.png,437,0,train
C:\Capstone\DeepfakeBench\datasets\rgb\FaceForensics++\original_sequences\youtube\c23\frames\437\013.png,437,0,train
C:\Capstone\DeepfakeBench\datasets\rgb\FaceForensics++\original_sequences\youtube\c23\frames\437\014.png,437,0,train
C:\Capstone\DeepfakeBench\datasets\rgb\FaceForensics++\original_sequences\youtube\c23\frames\437\015.png,437,0,train
C:\Capstone\DeepfakeBench\datasets\rgb\FaceForensics++\original_sequences\youtube\c23\frames\437\016.png,437,0,train
C:\Capstone\DeepfakeBench\datasets\rgb\FaceForensics++\original_sequences\youtube\c23\frames\437\017.png,437,0,train
C:\Capstone\DeepfakeBench\datasets\rgb\FaceForensics++\original_sequences\youtube\c23\frames\437\018.png,437,0,train
C:\Capstone\DeepfakeBench\datasets\rgb\FaceForensics++\original_sequences\youtube\c23\frames\437\019.png,437,0,train
C:\Capstone\DeepfakeBench\datasets\rgb\FaceForensics++\original_sequences\youtube\c23\frames\437\020.png,437,0,train
C:\Capstone\DeepfakeBench\datasets\rgb\FaceForensics++\original_sequences\youtube\c23\frames\437\021.png,437,0,train
C:\Capstone\DeepfakeBench\datasets\rgb\FaceForensics++\original_sequences\youtube\c23\frames\437\022.png,437,0,train
C:\Capstone\DeepfakeBench\datasets\rgb\FaceForensics++\original_sequences\youtube\c23\frames\437\023.png,437,0,train
C:\Capstone\DeepfakeBench\datasets\rgb\FaceForensics++\original_sequences\youtube\c23\frames\437\024.png,437,0,train
C:\Capstone\DeepfakeBench\datasets\rgb\FaceForensics++\original_sequences\youtube\c23\frames\437\025.png,437,0,train
C:\Capstone\DeepfakeBench\datasets\rgb\FaceForensics++\original_sequences\youtube\c23\frames\437\026.png,437,0,train
C:\Capstone\DeepfakeBench\datasets\rgb\FaceForensics++\original_sequences\youtube\c23\frames\437\027.png,437,0,train
C:\Capstone\DeepfakeBench\datasets\rgb\FaceForensics++\original_sequences\youtube\c23\frames\437\028.png,437,0,train
C:\Capstone\DeepfakeBench\datasets\rgb\FaceForensics++\original_sequences\youtube\c23\frames\437\029.png,437,0,train
C:\Capstone\DeepfakeBench\datasets\rgb\FaceForensics++\original_sequences\youtube\c23\frames\437\030.png,437,0,train
C:\Capstone\DeepfakeBench\datasets\rgb\FaceForensics++\original_sequences\youtube\c23\frames\437\031.png,437,0,train
C:\Capstone\DeepfakeBench\datasets\rgb\FaceForensics++\manipulated_sequences\Deepfakes\c23\frames\261_254\000.png,261_254,1,train
C:\Capstone\DeepfakeBench\datasets\rgb\FaceForensics++\manipulated_sequences\Deepfakes\c23\frames\261_254\001.png,261_254,1,train
C:\Capstone\DeepfakeBench\datasets\rgb\FaceForensics++\manipulated_sequences\Deepfakes\c23\frames\261_254\002.png,261_254,1,train
C:\Capstone\DeepfakeBench\datasets\rgb\FaceForensics++\manipulated_sequences\Deepfakes\c23\frames\261_254\003.png,261_254,1,train
C:\Capstone\DeepfakeBench\datasets\rgb\FaceForensics++\manipulated_sequences\Deepfakes\c23\frames\261_254\004.png,261_254,1,train
C:\Capstone\DeepfakeBench\datasets\rgb\FaceForensics++\manipulated_sequences\Deepfakes\c23\frames\261_254\005.png,261_254,1,train
C:\Capstone\DeepfakeBench\datasets\rgb\FaceForensics++\manipulated_sequences\Deepfakes\c23\frames\261_254\006.png,261_254,1,train
C:\Capstone\DeepfakeBench\datasets\rgb\FaceForensics++\manipulated_sequences\Deepfakes\c23\frames\261_254\007.png,261_254,1,train
C:\Capstone\DeepfakeBench\datasets\rgb\FaceForensics++\manipulated_sequences\Deepfakes\c23\frames\261_254\008.png,261_254,1,train
C:\Capstone\DeepfakeBench\datasets\rgb\FaceForensics++\manipulated_sequences\Deepfakes\c23\frames\261_254\009.png,261_254,1,train
C:\Capstone\DeepfakeBench\datasets\rgb\FaceForensics++\manipulated_sequences\Deepfakes\c23\frames\261_254\010.png,261_254,1,train
C:\Capstone\DeepfakeBench\datasets\rgb\FaceForensics++\manipulated_sequences\Deepfakes\c23\frames\261_254\011.png,261_254,1,train
C:\Capstone\DeepfakeBench\datasets\rgb\FaceForensics++\manipulated_sequences\Deepfakes\c23\frames\261_254\012.png,261_254,1,train
C:\Capstone\DeepfakeBench\datasets\rgb\FaceForensics++\manipulated_sequences\Deepfakes\c23\frames\261_254\013.png,261_254,1,train
C:\Capstone\DeepfakeBench\datasets\rgb\FaceForensics++\manipulated_sequences\Deepfakes\c23\frames\261_254\014.png,261_254,1,train
C:\Capstone\DeepfakeBench\datasets\rgb\FaceForensics++\manipulated_sequences\Deepfakes\c23\frames\261_254\015.png,261_254,1,train
C:\Capstone\DeepfakeBench\datasets\rgb\FaceForensics++\manipulated_sequences\Deepfakes\c23\frames\261_254\016.png,261_254,1,train
C:\Capstone\DeepfakeBench\datasets\rgb\FaceForensics++\manipulated_sequences\Deepfakes\c23\frames\261_254\017.png,261_254,1,train
C:\Capstone\DeepfakeBench\datasets\rgb\FaceForensics++\manipulated_sequences\Deepfakes\c23\frames\261_254\018.png,261_254,1,train
C:\Capstone\DeepfakeBench\datasets\rgb\FaceForensics++\manipulated_sequences\Deepfakes\c23\frames\261_254\019.png,261_254,1,train
C:\Capstone\DeepfakeBench\datasets\rgb\FaceForensics++\manipulated_sequences\Deepfakes\c23\frames\261_254\020.png,261_254,1,train
C:\Capstone\DeepfakeBench\datasets\rgb\FaceForensics++\manipulated_sequences\Deepfakes\c23\frames\261_254\021.png,261_254,1,train
C:\Capstone\DeepfakeBench\datasets\rgb\FaceForensics++\manipulated_sequences\Deepfakes\c23\frames\261_254\022.png,261_254,1,train
C:\Capstone\DeepfakeBench\datasets\rgb\FaceForensics++\manipulated_sequences\Deepfakes\c23\frames\261_254\023.png,261_254,1,train
C:\Capstone\DeepfakeBench\datasets\rgb\FaceForensics++\manipulated_sequences\Deepfakes\c23\frames\261_254\024.png,261_254,1,train
C:\Capstone\DeepfakeBench\datasets\rgb\FaceForensics++\manipulated_sequences\Deepfakes\c23\frames\261_254\025.png,261_254,1,train
C:\Capstone\DeepfakeBench\datasets\rgb\FaceForensics++\manipulated_sequences\Deepfakes\c23\frames\261_254\026.png,261_254,1,train
C:\Capstone\DeepfakeBench\datasets\rgb\FaceForensics++\manipulated_sequences\Deepfakes\c23\frames\261_254\027.png,261_254,1,train
C:\Capstone\DeepfakeBench\datasets\rgb\FaceForensics++\manipulated_sequences\Deepfakes\c23\frames\261_254\028.png,261_254,1,train
C:\Capstone\DeepfakeBench\datasets\rgb\FaceForensics++\manipulated_sequences\Deepfakes\c23\frames\261_254\029.png,261_254,1,train
C:\Capstone\DeepfakeBench\datasets\rgb\FaceForensics++\manipulated_sequences\Deepfakes\c23\frames\261_254\030.png,261_254,1,train
C:\Capstone\DeepfakeBench\datasets\rgb\FaceForensics++\manipulated_sequences\Deepfakes\c23\frames\261_254\031.png,261_254,1,train
C:\Capstone\DeepfakeBench\datasets\rgb\FaceForensics++\original_sequences\youtube\c23\frames\261\000.png,261,0,train
C:\Capstone\DeepfakeBench\datasets\rgb\FaceForensics++\original_sequences\youtube\c23\frames\261\001.png,261,0,train
C:\Capstone\DeepfakeBench\datasets\rgb\FaceForensics++\original_sequences\youtube\c23\frames\261\002.png,261,0,train
C:\Capstone\DeepfakeBench\datasets\rgb\FaceForensics++\original_sequences\youtube\c23\frames\261\003.png,261,0,train
C:\Capstone\DeepfakeBench\datasets\rgb\FaceForensics++\original_sequences\youtube\c23\frames\261\004.png,261,0,train
C:\Capstone\DeepfakeBench\datasets\rgb\FaceForensics++\original_sequences\youtube\c23\frames\261\005.png,261,0,train
C:\Capstone\DeepfakeBench\datasets\rgb\FaceForensics++\original_sequences\youtube\c23\frames\261\006.png,261,0,train
C:\Capstone\DeepfakeBench\datasets\rgb\FaceForensics++\original_sequences\youtube\c23\frames\261\007.png,261,0,train
C:\Capstone\DeepfakeBench\datasets\rgb\FaceForensics++\original_sequences\youtube\c23\frames\261\008.png,261,0,train
C:\Capstone\DeepfakeBench\datasets\rgb\FaceForensics++\original_sequences\youtube\c23\frames\261\009.png,261,0,train
C:\Capstone\DeepfakeBench\datasets\rgb\FaceForensics++\original_sequences\youtube\c23\frames\261\010.png,261,0,train
C:\Capstone\DeepfakeBench\datasets\rgb\FaceForensics++\original_sequences\youtube\c23\frames\261\011.png,261,0,train
C:\Capstone\DeepfakeBench\datasets\rgb\FaceForensics++\original_sequences\youtube\c23\frames\261\012.png,261,0,train
C:\Capstone\DeepfakeBench\datasets\rgb\FaceForensics++\original_sequences\youtube\c23\frames\261\013.png,261,0,train
C:\Capstone\DeepfakeBench\datasets\rgb\FaceForensics++\original_sequences\youtube\c23\frames\261\014.png,261,0,train
C:\Capstone\DeepfakeBench\datasets\rgb\FaceForensics++\original_sequences\youtube\c23\frames\261\015.png,261,0,train
C:\Capstone\DeepfakeBench\datasets\rgb\FaceForensics++\original_sequences\youtube\c23\frames\261\016.png,261,0,train
C:\Capstone\DeepfakeBench\datasets\rgb\FaceForensics++\original_sequences\youtube\c23\frames\261\017.png,261,0,train
C:\Capstone\DeepfakeBench\datasets\rgb\FaceForensics++\original_sequences\youtube\c23\frames\261\018.png,261,0,train
C:\Capstone\DeepfakeBench\datasets\rgb\FaceForensics++\original_sequences\youtube\c23\frames\261\019.png,261,0,train
C:\Capstone\DeepfakeBench\datasets\rgb\FaceForensics++\original_sequences\youtube\c23\frames\261\020.png,261,0,train
C:\Capstone\DeepfakeBench\datasets\rgb\FaceForensics++\original_sequences\youtube\c23\frames\261\021.png,261,0,train
C:\Capstone\DeepfakeBench\datasets\rgb\FaceForensics++\original_sequences\youtube\c23\frames\261\022.png,261,0,train
C:\Capstone\DeepfakeBench\datasets\rgb\FaceForensics++\original_sequences\youtube\c23\frames\261\023.png,261,0,train
C:\Capstone\DeepfakeBench\datasets\rgb\FaceForensics++\original_sequences\youtube\c23\frames\261\024.png,261,0,train
C:\Capstone\DeepfakeBench\datasets\rgb\FaceForensics++\original_sequences\youtube\c23\frames\261\025.png,261,0,train
C:\Capstone\DeepfakeBench\datasets\rgb\FaceForensics++\original_sequences\youtube\c23\frames\261\026.png,261,0,train
C:\Capstone\DeepfakeBench\datasets\rgb\FaceForensics++\original_sequences\youtube\c23\frames\261\027.png,261,0,train
C:\Capstone\DeepfakeBench\datasets\rgb\FaceForensics++\original_sequences\youtube\c23\frames\261\028.png,261,0,train
C:\Capstone\DeepfakeBench\datasets\rgb\FaceForensics++\original_sequences\youtube\c23\frames\261\029.png,261,0,train
C:\Capstone\DeepfakeBench\datasets\rgb\FaceForensics++\original_sequences\youtube\c23\frames\261\030.png,261,0,train
C:\Capstone\DeepfakeBench\datasets\rgb\FaceForensics++\original_sequences\youtube\c23\frames\261\031.png,261,0,train
C:\Capstone\DeepfakeBench\datasets\rgb\FaceForensics++\original_sequences\youtube\c23\frames\044\000.png,044,0,train
C:\Capstone\DeepfakeBench\datasets\rgb\FaceForensics++\original_sequences\youtube\c23\frames\044\001.png,044,0,train
C:\Capstone\DeepfakeBench\datasets\rgb\FaceForensics++\original_sequences\youtube\c23\frames\044\002.png,044,0,train
C:\Capstone\DeepfakeBench\datasets\rgb\FaceForensics++\original_sequences\youtube\c23\frames\044\003.png,044,0,train
C:\Capstone\DeepfakeBench\datasets\rgb\FaceForensics++\original_sequences\youtube\c23\frames\044\004.png,044,0,train
C:\Capstone\DeepfakeBench\datasets\rgb\FaceForensics++\original_sequences\youtube\c23\frames\044\005.png,044,0,train
C:\Capstone\DeepfakeBench\datasets\rgb\FaceForensics++\original_sequences\youtube\c23\frames\044\006.png,044,0,train
C:\Capstone\DeepfakeBench\datasets\rgb\FaceForensics++\original_sequences\youtube\c23\frames\044\007.png,044,0,train
C:\Capstone\DeepfakeBench\datasets\rgb\FaceForensics++\original_sequences\youtube\c23\frames\044\008.png,044,0,train
C:\Capstone\DeepfakeBench\datasets\rgb\FaceForensics++\original_sequences\youtube\c23\frames\044\009.png,044,0,train
C:\Capstone\DeepfakeBench\datasets\rgb\FaceForensics++\original_sequences\youtube\c23\frames\044\010.png,044,0,train
C:\Capstone\DeepfakeBench\datasets\rgb\FaceForensics++\original_sequences\youtube\c23\frames\044\011.png,044,0,train
C:\Capstone\DeepfakeBench\datasets\rgb\FaceForensics++\original_sequences\youtube\c23\frames\044\012.png,044,0,train
C:\Capstone\DeepfakeBench\datasets\rgb\FaceForensics++\original_sequences\youtube\c23\frames\044\013.png,044,0,train
C:\Capstone\DeepfakeBench\datasets\rgb\FaceForensics++\original_sequences\youtube\c23\frames\044\014.png,044,0,train
C:\Capstone\DeepfakeBench\datasets\rgb\FaceForensics++\original_sequences\youtube\c23\frames\044\015.png,044,0,train
C:\Capstone\DeepfakeBench\datasets\rgb\FaceForensics++\original_sequences\youtube\c23\frames\044\016.png,044,0,train
C:\Capstone\DeepfakeBench\datasets\rgb\FaceForensics++\original_sequences\youtube\c23\frames\044\017.png,044,0,train
C:\Capstone\DeepfakeBench\datasets\rgb\FaceForensics++\original_sequences\youtube\c23\frames\044\018.png,044,0,train
C:\Capstone\DeepfakeBench\datasets\rgb\FaceForensics++\original_sequences\youtube\c23\frames\044\019.png,044,0,train
C:\Capstone\DeepfakeBench\datasets\rgb\FaceForensics++\original_sequences\youtube\c23\frames\044\020.png,044,0,train
C:\Capstone\DeepfakeBench\datasets\rgb\FaceForensics++\original_sequences\youtube\c23\frames\044\021.png,044,0,train
C:\Capstone\DeepfakeBench\datasets\rgb\FaceForensics++\original_sequences\youtube\c23\frames\044\022.png,044,0,train
C:\Capstone\DeepfakeBench\datasets\rgb\FaceForensics++\original_sequences\youtube\c23\frames\044\023.png,044,0,train
C:\Capstone\DeepfakeBench\datasets\rgb\FaceForensics++\original_sequences\youtube\c23\frames\044\024.png,044,0,train
C:\Capstone\DeepfakeBench\datasets\rgb\FaceForensics++\original_sequences\youtube\c23\frames\044\025.png,044,0,train
C:\Capstone\DeepfakeBench\datasets\rgb\FaceForensics++\original_sequences\youtube\c23\frames\044\026.png,044,0,train
C:\Capstone\DeepfakeBench\datasets\rgb\FaceForensics++\original_sequences\youtube\c23\frames\044\027.png,044,0,train
C:\Capstone\DeepfakeBench\datasets\rgb\FaceForensics++\original_sequences\youtube\c23\frames\044\028.png,044,0,train
C:\Capstone\DeepfakeBench\datasets\rgb\FaceForensics++\original_sequences\youtube\c23\frames\044\029.png,044,0,train
C:\Capstone\DeepfakeBench\datasets\rgb\FaceForensics++\original_sequences\youtube\c23\frames\044\030.png,044,0,train
C:\Capstone\DeepfakeBench\datasets\rgb\FaceForensics++\original_sequences\youtube\c23\frames\044\031.png,044,0,train
C:\Capstone\DeepfakeBench\datasets\rgb\FaceForensics++\manipulated_sequences\Deepfakes\c23\frames\588_556\000.png,588_556,1,train
C:\Capstone\DeepfakeBench\datasets\rgb\FaceForensics++\manipulated_sequences\Deepfakes\c23\frames\588_556\001.png,588_556,1,train
C:\Capstone\DeepfakeBench\datasets\rgb\FaceForensics++\manipulated_sequences\Deepfakes\c23\frames\588_556\002.png,588_556,1,train
C:\Capstone\DeepfakeBench\datasets\rgb\FaceForensics++\manipulated_sequences\Deepfakes\c23\frames\588_556\003.png,588_556,1,train
C:\Capstone\DeepfakeBench\datasets\rgb\FaceForensics++\manipulated_sequences\Deepfakes\c23\frames\588_556\004.png,588_556,1,train
C:\Capstone\DeepfakeBench\datasets\rgb\FaceForensics++\manipulated_sequences\Deepfakes\c23\frames\588_556\005.png,588_556,1,train
C:\Capstone\DeepfakeBench\datasets\rgb\FaceForensics++\manipulated_sequences\Deepfakes\c23\frames\588_556\006.png,588_556,1,train
C:\Capstone\DeepfakeBench\datasets\rgb\FaceForensics++\manipulated_sequences\Deepfakes\c23\frames\588_556\007.png,588_556,1,train
C:\Capstone\DeepfakeBench\datasets\rgb\FaceForensics++\manipulated_sequences\Deepfakes\c23\frames\588_556\008.png,588_556,1,train
C:\Capstone\DeepfakeBench\datasets\rgb\FaceForensics++\manipulated_sequences\Deepfakes\c23\frames\588_556\009.png,588_556,1,train
C:\Capstone\DeepfakeBench\datasets\rgb\FaceForensics++\manipulated_sequences\Deepfakes\c23\frames\588_556\010.png,588_556,1,train
C:\Capstone\DeepfakeBench\datasets\rgb\FaceForensics++\manipulated_sequences\Deepfakes\c23\frames\588_556\011.png,588_556,1,train
C:\Capstone\DeepfakeBench\datasets\rgb\FaceForensics++\manipulated_sequences\Deepfakes\c23\frames\588_556\012.png,588_556,1,train
C:\Capstone\DeepfakeBench\datasets\rgb\FaceForensics++\manipulated_sequences\Deepfakes\c23\frames\588_556\013.png,588_556,1,train
C:\Capstone\DeepfakeBench\datasets\rgb\FaceForensics++\manipulated_sequences\Deepfakes\c23\frames\588_556\014.png,588_556,1,train
C:\Capstone\DeepfakeBench\datasets\rgb\FaceForensics++\manipulated_sequences\Deepfakes\c23\frames\588_556\015.png,588_556,1,train
C:\Capstone\DeepfakeBench\datasets\rgb\FaceForensics++\manipulated_sequences\Deepfakes\c23\frames\588_556\016.png,588_556,1,train
C:\Capstone\DeepfakeBench\datasets\rgb\FaceForensics++\manipulated_sequences\Deepfakes\c23\frames\588_556\017.png,588_556,1,train
C:\Capstone\DeepfakeBench\datasets\rgb\FaceForensics++\manipulated_sequences\Deepfakes\c23\frames\588_556\018.png,588_556,1,train
C:\Capstone\DeepfakeBench\datasets\rgb\FaceForensics++\manipulated_sequences\Deepfakes\c23\frames\588_556\019.png,588_556,1,train
C:\Capstone\DeepfakeBench\datasets\rgb\FaceForensics++\manipulated_sequences\Deepfakes\c23\frames\588_556\020.png,588_556,1,train
C:\Capstone\DeepfakeBench\datasets\rgb\FaceForensics++\manipulated_sequences\Deepfakes\c23\frames\588_556\021.png,588_556,1,train
C:\Capstone\DeepfakeBench\datasets\rgb\FaceForensics++\manipulated_sequences\Deepfakes\c23\frames\588_556\022.png,588_556,1,train
C:\Capstone\DeepfakeBench\datasets\rgb\FaceForensics++\manipulated_sequences\Deepfakes\c23\frames\588_556\023.png,588_556,1,train
C:\Capstone\DeepfakeBench\datasets\rgb\FaceForensics++\manipulated_sequences\Deepfakes\c23\frames\588_556\024.png,588_556,1,train
C:\Capstone\DeepfakeBench\datasets\rgb\FaceForensics++\manipulated_sequences\Deepfakes\c23\frames\588_556\025.png,588_556,1,train
C:\Capstone\DeepfakeBench\datasets\rgb\FaceForensics++\manipulated_sequences\Deepfakes\c23\frames\588_556\026.png,588_556,1,train
C:\Capstone\DeepfakeBench\datasets\rgb\FaceForensics++\manipulated_sequences\Deepfakes\c23\frames\588_556\027.png,588_556,1,train
C:\Capstone\DeepfakeBench\datasets\rgb\FaceForensics++\manipulated_sequences\Deepfakes\c23\frames\588_556\028.png,588_556,1,train
C:\Capstone\DeepfakeBench\datasets\rgb\FaceForensics++\manipulated_sequences\Deepfakes\c23\frames\588_556\029.png,588_556,1,train
C:\Capstone\DeepfakeBench\datasets\rgb\FaceForensics++\manipulated_sequences\Deepfakes\c23\frames\588_556\030.png,588_556,1,train
C:\Capstone\DeepfakeBench\datasets\rgb\FaceForensics++\manipulated_sequences\Deepfakes\c23\frames\588_556\031.png,588_556,1,train
C:\Capstone\DeepfakeBench\datasets\rgb\FaceForensics++\original_sequences\youtube\c23\frames\153\000.png,153,0,train
C:\Capstone\DeepfakeBench\datasets\rgb\FaceForensics++\original_sequences\youtube\c23\frames\153\001.png,153,0,train
C:\Capstone\DeepfakeBench\datasets\rgb\FaceForensics++\original_sequences\youtube\c23\frames\153\002.png,153,0,train
C:\Capstone\DeepfakeBench\datasets\rgb\FaceForensics++\original_sequences\youtube\c23\frames\153\003.png,153,0,train
C:\Capstone\DeepfakeBench\datasets\rgb\FaceForensics++\original_sequences\youtube\c23\frames\153\004.png,153,0,train
C:\Capstone\DeepfakeBench\datasets\rgb\FaceForensics++\original_sequences\youtube\c23\frames\153\005.png,153,0,train
C:\Capstone\DeepfakeBench\datasets\rgb\FaceForensics++\original_sequences\youtube\c23\frames\153\006.png,153,0,train
C:\Capstone\DeepfakeBench\datasets\rgb\FaceForensics++\original_sequences\youtube\c23\frames\153\007.png,153,0,train
C:\Capstone\DeepfakeBench\datasets\rgb\FaceForensics++\original_sequences\youtube\c23\frames\153\008.png,153,0,train
C:\Capstone\DeepfakeBench\datasets\rgb\FaceForensics++\original_sequences\youtube\c23\frames\153\009.png,153,0,train
C:\Capstone\DeepfakeBench\datasets\rgb\FaceForensics++\original_sequences\youtube\c23\frames\153\010.png,153,0,train
C:\Capstone\DeepfakeBench\datasets\rgb\FaceForensics++\original_sequences\youtube\c23\frames\153\011.png,153,0,train
C:\Capstone\DeepfakeBench\datasets\rgb\FaceForensics++\original_sequences\youtube\c23\frames\153\012.png,153,0,train
C:\Capstone\DeepfakeBench\datasets\rgb\FaceForensics++\original_sequences\youtube\c23\frames\153\013.png,153,0,train
C:\Capstone\DeepfakeBench\datasets\rgb\FaceForensics++\original_sequences\youtube\c23\frames\153\014.png,153,0,train
C:\Capstone\DeepfakeBench\datasets\rgb\FaceForensics++\original_sequences\youtube\c23\frames\153\015.png,153,0,train
C:\Capstone\DeepfakeBench\datasets\rgb\FaceForensics++\original_sequences\youtube\c23\frames\153\016.png,153,0,train
C:\Capstone\DeepfakeBench\datasets\rgb\FaceForensics++\original_sequences\youtube\c23\frames\153\017.png,153,0,train
C:\Capstone\DeepfakeBench\datasets\rgb\FaceForensics++\original_sequences\youtube\c23\frames\153\018.png,153,0,train
C:\Capstone\DeepfakeBench\datasets\rgb\FaceForensics++\original_sequences\youtube\c23\frames\153\019.png,153,0,train
C:\Capstone\DeepfakeBench\datasets\rgb\FaceForensics++\original_sequences\youtube\c23\frames\153\020.png,153,0,train
C:\Capstone\DeepfakeBench\datasets\rgb\FaceForensics++\original_sequences\youtube\c23\frames\153\021.png,153,0,train
C:\Capstone\DeepfakeBench\datasets\rgb\FaceForensics++\original_sequences\youtube\c23\frames\153\022.png,153,0,train
C:\Capstone\DeepfakeBench\datasets\rgb\FaceForensics++\original_sequences\youtube\c23\frames\153\023.png,153,0,train
C:\Capstone\DeepfakeBench\datasets\rgb\FaceForensics++\original_sequences\youtube\c23\frames\153\024.png,153,0,train
C:\Capstone\DeepfakeBench\datasets\rgb\FaceForensics++\original_sequences\youtube\c23\frames\153\025.png,153,0,train
C:\Capstone\DeepfakeBench\datasets\rgb\FaceForensics++\original_sequences\youtube\c23\frames\153\026.png,153,0,train
C:\Capstone\DeepfakeBench\datasets\rgb\FaceForensics++\original_sequences\youtube\c23\frames\153\027.png,153,0,train
C:\Capstone\DeepfakeBench\datasets\rgb\FaceForensics++\original_sequences\youtube\c23\frames\153\028.png,153,0,train
C:\Capstone\DeepfakeBench\datasets\rgb\FaceForensics++\original_sequences\youtube\c23\frames\153\029.png,153,0,train
C:\Capstone\DeepfakeBench\datasets\rgb\FaceForensics++\original_sequences\youtube\c23\frames\153\030.png,153,0,train
C:\Capstone\DeepfakeBench\datasets\rgb\FaceForensics++\original_sequences\youtube\c23\frames\153\031.png,153,0,train
C:\Capstone\DeepfakeBench\datasets\rgb\FaceForensics++\original_sequences\youtube\c23\frames\420\000.png,420,0,train
C:\Capstone\DeepfakeBench\datasets\rgb\FaceForensics++\original_sequences\youtube\c23\frames\420\001.png,420,0,train
C:\Capstone\DeepfakeBench\datasets\rgb\FaceForensics++\original_sequences\youtube\c23\frames\420\002.png,420,0,train
C:\Capstone\DeepfakeBench\datasets\rgb\FaceForensics++\original_sequences\youtube\c23\frames\420\003.png,420,0,train
C:\Capstone\DeepfakeBench\datasets\rgb\FaceForensics++\original_sequences\youtube\c23\frames\420\004.png,420,0,train
C:\Capstone\DeepfakeBench\datasets\rgb\FaceForensics++\original_sequences\youtube\c23\frames\420\005.png,420,0,train
C:\Capstone\DeepfakeBench\datasets\rgb\FaceForensics++\original_sequences\youtube\c23\frames\420\006.png,420,0,train
C:\Capstone\DeepfakeBench\datasets\rgb\FaceForensics++\original_sequences\youtube\c23\frames\420\007.png,420,0,train
C:\Capstone\DeepfakeBench\datasets\rgb\FaceForensics++\original_sequences\youtube\c23\frames\420\008.png,420,0,train
C:\Capstone\DeepfakeBench\datasets\rgb\FaceForensics++\original_sequences\youtube\c23\frames\420\009.png,420,0,train
C:\Capstone\DeepfakeBench\datasets\rgb\FaceForensics++\original_sequences\youtube\c23\frames\420\010.png,420,0,train
C:\Capstone\DeepfakeBench\datasets\rgb\FaceForensics++\original_sequences\youtube\c23\frames\420\011.png,420,0,train
C:\Capstone\DeepfakeBench\datasets\rgb\FaceForensics++\original_sequences\youtube\c23\frames\420\012.png,420,0,train
C:\Capstone\DeepfakeBench\datasets\rgb\FaceForensics++\original_sequences\youtube\c23\frames\420\013.png,420,0,train
C:\Capstone\DeepfakeBench\datasets\rgb\FaceForensics++\original_sequences\youtube\c23\frames\420\014.png,420,0,train
C:\Capstone\DeepfakeBench\datasets\rgb\FaceForensics++\original_sequences\youtube\c23\frames\420\015.png,420,0,train
C:\Capstone\DeepfakeBench\datasets\rgb\FaceForensics++\original_sequences\youtube\c23\frames\420\016.png,420,0,train
C:\Capstone\DeepfakeBench\datasets\rgb\FaceForensics++\original_sequences\youtube\c23\frames\420\017.png,420,0,train
C:\Capstone\DeepfakeBench\datasets\rgb\FaceForensics++\original_sequences\youtube\c23\frames\420\018.png,420,0,train
C:\Capstone\DeepfakeBench\datasets\rgb\FaceForensics++\original_sequences\youtube\c23\frames\420\019.png,420,0,train
C:\Capstone\DeepfakeBench\datasets\rgb\FaceForensics++\original_sequences\youtube\c23\frames\420\020.png,420,0,train
C:\Capstone\DeepfakeBench\datasets\rgb\FaceForensics++\original_sequences\youtube\c23\frames\420\021.png,420,0,train
C:\Capstone\DeepfakeBench\datasets\rgb\FaceForensics++\original_sequences\youtube\c23\frames\420\022.png,420,0,train
C:\Capstone\DeepfakeBench\datasets\rgb\FaceForensics++\original_sequences\youtube\c23\frames\420\023.png,420,0,train
C:\Capstone\DeepfakeBench\datasets\rgb\FaceForensics++\original_sequences\youtube\c23\frames\420\024.png,420,0,train
C:\Capstone\DeepfakeBench\datasets\rgb\FaceForensics++\original_sequences\youtube\c23\frames\420\025.png,420,0,train
C:\Capstone\DeepfakeBench\datasets\rgb\FaceForensics++\original_sequences\youtube\c23\frames\420\026.png,420,0,train
C:\Capstone\DeepfakeBench\datasets\rgb\FaceForensics++\original_sequences\youtube\c23\frames\420\027.png,420,0,train
C:\Capstone\DeepfakeBench\datasets\rgb\FaceForensics++\original_sequences\youtube\c23\frames\420\028.png,420,0,train
C:\Capstone\DeepfakeBench\datasets\rgb\FaceForensics++\original_sequences\youtube\c23\frames\420\029.png,420,0,train
C:\Capstone\DeepfakeBench\datasets\rgb\FaceForensics++\original_sequences\youtube\c23\frames\420\030.png,420,0,train
C:\Capstone\DeepfakeBench\datasets\rgb\FaceForensics++\original_sequences\youtube\c23\frames\420\031.png,420,0,train
C:\Capstone\DeepfakeBench\datasets\rgb\FaceForensics++\manipulated_sequences\Deepfakes\c23\frames\252_266\000.png,252_266,1,train
C:\Capstone\DeepfakeBench\datasets\rgb\FaceForensics++\manipulated_sequences\Deepfakes\c23\frames\252_266\001.png,252_266,1,train
C:\Capstone\DeepfakeBench\datasets\rgb\FaceForensics++\manipulated_sequences\Deepfakes\c23\frames\252_266\002.png,252_266,1,train
C:\Capstone\DeepfakeBench\datasets\rgb\FaceForensics++\manipulated_sequences\Deepfakes\c23\frames\252_266\003.png,252_266,1,train
C:\Capstone\DeepfakeBench\datasets\rgb\FaceForensics++\manipulated_sequences\Deepfakes\c23\frames\252_266\004.png,252_266,1,train
C:\Capstone\DeepfakeBench\datasets\rgb\FaceForensics++\manipulated_sequences\Deepfakes\c23\frames\252_266\005.png,252_266,1,train
C:\Capstone\DeepfakeBench\datasets\rgb\FaceForensics++\manipulated_sequences\Deepfakes\c23\frames\252_266\006.png,252_266,1,train
C:\Capstone\DeepfakeBench\datasets\rgb\FaceForensics++\manipulated_sequences\Deepfakes\c23\frames\252_266\007.png,252_266,1,train
C:\Capstone\DeepfakeBench\datasets\rgb\FaceForensics++\manipulated_sequences\Deepfakes\c23\frames\252_266\008.png,252_266,1,train
C:\Capstone\DeepfakeBench\datasets\rgb\FaceForensics++\manipulated_sequences\Deepfakes\c23\frames\252_266\009.png,252_266,1,train
C:\Capstone\DeepfakeBench\datasets\rgb\FaceForensics++\manipulated_sequences\Deepfakes\c23\frames\252_266\010.png,252_266,1,train
C:\Capstone\DeepfakeBench\datasets\rgb\FaceForensics++\manipulated_sequences\Deepfakes\c23\frames\252_266\011.png,252_266,1,train
C:\Capstone\DeepfakeBench\datasets\rgb\FaceForensics++\manipulated_sequences\Deepfakes\c23\frames\252_266\012.png,252_266,1,train
C:\Capstone\DeepfakeBench\datasets\rgb\FaceForensics++\manipulated_sequences\Deepfakes\c23\frames\252_266\013.png,252_266,1,train
C:\Capstone\DeepfakeBench\datasets\rgb\FaceForensics++\manipulated_sequences\Deepfakes\c23\frames\252_266\014.png,252_266,1,train
C:\Capstone\DeepfakeBench\datasets\rgb\FaceForensics++\manipulated_sequences\Deepfakes\c23\frames\252_266\015.png,252_266,1,train
C:\Capstone\DeepfakeBench\datasets\rgb\FaceForensics++\manipulated_sequences\Deepfakes\c23\frames\252_266\016.png,252_266,1,train
C:\Capstone\DeepfakeBench\datasets\rgb\FaceForensics++\manipulated_sequences\Deepfakes\c23\frames\252_266\017.png,252_266,1,train
C:\Capstone\DeepfakeBench\datasets\rgb\FaceForensics++\manipulated_sequences\Deepfakes\c23\frames\252_266\018.png,252_266,1,train
C:\Capstone\DeepfakeBench\datasets\rgb\FaceForensics++\manipulated_sequences\Deepfakes\c23\frames\252_266\019.png,252_266,1,train
C:\Capstone\DeepfakeBench\datasets\rgb\FaceForensics++\manipulated_sequences\Deepfakes\c23\frames\252_266\020.png,252_266,1,train
C:\Capstone\DeepfakeBench\datasets\rgb\FaceForensics++\manipulated_sequences\Deepfakes\c23\frames\252_266\021.png,252_266,1,train
C:\Capstone\DeepfakeBench\datasets\rgb\FaceForensics++\manipulated_sequences\Deepfakes\c23\frames\252_266\022.png,252_266,1,train
C:\Capstone\DeepfakeBench\datasets\rgb\FaceForensics++\manipulated_sequences\Deepfakes\c23\frames\252_266\023.png,252_266,1,train
C:\Capstone\DeepfakeBench\datasets\rgb\FaceForensics++\manipulated_sequences\Deepfakes\c23\frames\252_266\024.png,252_266,1,train
C:\Capstone\DeepfakeBench\datasets\rgb\FaceForensics++\manipulated_sequences\Deepfakes\c23\frames\252_266\025.png,252_266,1,train
C:\Capstone\DeepfakeBench\datasets\rgb\FaceForensics++\manipulated_sequences\Deepfakes\c23\frames\252_266\026.png,252_266,1,train
C:\Capstone\DeepfakeBench\datasets\rgb\FaceForensics++\manipulated_sequences\Deepfakes\c23\frames\252_266\027.png,252_266,1,train
C:\Capstone\DeepfakeBench\datasets\rgb\FaceForensics++\manipulated_sequences\Deepfakes\c23\frames\252_266\028.png,252_266,1,train
C:\Capstone\DeepfakeBench\datasets\rgb\FaceForensics++\manipulated_sequences\Deepfakes\c23\frames\252_266\029.png,252_266,1,train
C:\Capstone\DeepfakeBench\datasets\rgb\FaceForensics++\manipulated_sequences\Deepfakes\c23\frames\252_266\030.png,252_266,1,train
C:\Capstone\DeepfakeBench\datasets\rgb\FaceForensics++\manipulated_sequences\Deepfakes\c23\frames\252_266\031.png,252_266,1,train
C:\Capstone\DeepfakeBench\datasets\rgb\FaceForensics++\manipulated_sequences\Deepfakes\c23\frames\904_046\000.png,904_046,1,train
C:\Capstone\DeepfakeBench\datasets\rgb\FaceForensics++\manipulated_sequences\Deepfakes\c23\frames\904_046\001.png,904_046,1,train
C:\Capstone\DeepfakeBench\datasets\rgb\FaceForensics++\manipulated_sequences\Deepfakes\c23\frames\904_046\002.png,904_046,1,train
C:\Capstone\DeepfakeBench\datasets\rgb\FaceForensics++\manipulated_sequences\Deepfakes\c23\frames\904_046\003.png,904_046,1,train
C:\Capstone\DeepfakeBench\datasets\rgb\FaceForensics++\manipulated_sequences\Deepfakes\c23\frames\904_046\004.png,904_046,1,train
C:\Capstone\DeepfakeBench\datasets\rgb\FaceForensics++\manipulated_sequences\Deepfakes\c23\frames\904_046\005.png,904_046,1,train
C:\Capstone\DeepfakeBench\datasets\rgb\FaceForensics++\manipulated_sequences\Deepfakes\c23\frames\904_046\006.png,904_046,1,train
C:\Capstone\DeepfakeBench\datasets\rgb\FaceForensics++\manipulated_sequences\Deepfakes\c23\frames\904_046\007.png,904_046,1,train
C:\Capstone\DeepfakeBench\datasets\rgb\FaceForensics++\manipulated_sequences\Deepfakes\c23\frames\904_046\008.png,904_046,1,train
C:\Capstone\DeepfakeBench\datasets\rgb\FaceForensics++\manipulated_sequences\Deepfakes\c23\frames\904_046\009.png,904_046,1,train
C:\Capstone\DeepfakeBench\datasets\rgb\FaceForensics++\manipulated_sequences\Deepfakes\c23\frames\904_046\010.png,904_046,1,train
C:\Capstone\DeepfakeBench\datasets\rgb\FaceForensics++\manipulated_sequences\Deepfakes\c23\frames\904_046\011.png,904_046,1,train
C:\Capstone\DeepfakeBench\datasets\rgb\FaceForensics++\manipulated_sequences\Deepfakes\c23\frames\904_046\012.png,904_046,1,train
C:\Capstone\DeepfakeBench\datasets\rgb\FaceForensics++\manipulated_sequences\Deepfakes\c23\frames\904_046\013.png,904_046,1,train
C:\Capstone\DeepfakeBench\datasets\rgb\FaceForensics++\manipulated_sequences\Deepfakes\c23\frames\904_046\014.png,904_046,1,train
C:\Capstone\DeepfakeBench\datasets\rgb\FaceForensics++\manipulated_sequences\Deepfakes\c23\frames\904_046\015.png,904_046,1,train
C:\Capstone\DeepfakeBench\datasets\rgb\FaceForensics++\manipulated_sequences\Deepfakes\c23\frames\904_046\016.png,904_046,1,train
C:\Capstone\DeepfakeBench\datasets\rgb\FaceForensics++\manipulated_sequences\Deepfakes\c23\frames\904_046\017.png,904_046,1,train
C:\Capstone\DeepfakeBench\datasets\rgb\FaceForensics++\manipulated_sequences\Deepfakes\c23\frames\904_046\018.png,904_046,1,train
C:\Capstone\DeepfakeBench\datasets\rgb\FaceForensics++\manipulated_sequences\Deepfakes\c23\frames\904_046\019.png,904_046,1,train
C:\Capstone\DeepfakeBench\datasets\rgb\FaceForensics++\manipulated_sequences\Deepfakes\c23\frames\904_046\020.png,904_046,1,train
C:\Capstone\DeepfakeBench\datasets\rgb\FaceForensics++\manipulated_sequences\Deepfakes\c23\frames\904_046\021.png,904_046,1,train
C:\Capstone\DeepfakeBench\datasets\rgb\FaceForensics++\manipulated_sequences\Deepfakes\c23\frames\904_046\022.png,904_046,1,train
C:\Capstone\DeepfakeBench\datasets\rgb\FaceForensics++\manipulated_sequences\Deepfakes\c23\frames\904_046\023.png,904_046,1,train
C:\Capstone\DeepfakeBench\datasets\rgb\FaceForensics++\manipulated_sequences\Deepfakes\c23\frames\904_046\024.png,904_046,1,train
C:\Capstone\DeepfakeBench\datasets\rgb\FaceForensics++\manipulated_sequences\Deepfakes\c23\frames\904_046\025.png,904_046,1,train
C:\Capstone\DeepfakeBench\datasets\rgb\FaceForensics++\manipulated_sequences\Deepfakes\c23\frames\904_046\026.png,904_046,1,train
C:\Capstone\DeepfakeBench\datasets\rgb\FaceForensics++\manipulated_sequences\Deepfakes\c23\frames\904_046\027.png,904_046,1,train
C:\Capstone\DeepfakeBench\datasets\rgb\FaceForensics++\manipulated_sequences\Deepfakes\c23\frames\904_046\028.png,904_046,1,train
C:\Capstone\DeepfakeBench\datasets\rgb\FaceForensics++\manipulated_sequences\Deepfakes\c23\frames\904_046\029.png,904_046,1,train
C:\Capstone\DeepfakeBench\datasets\rgb\FaceForensics++\manipulated_sequences\Deepfakes\c23\frames\904_046\030.png,904_046,1,train
C:\Capstone\DeepfakeBench\datasets\rgb\FaceForensics++\manipulated_sequences\Deepfakes\c23\frames\904_046\031.png,904_046,1,train
C:\Capstone\DeepfakeBench\datasets\rgb\FaceForensics++\manipulated_sequences\Deepfakes\c23\frames\607_683\000.png,607_683,1,train
C:\Capstone\DeepfakeBench\datasets\rgb\FaceForensics++\manipulated_sequences\Deepfakes\c23\frames\607_683\001.png,607_683,1,train
C:\Capstone\DeepfakeBench\datasets\rgb\FaceForensics++\manipulated_sequences\Deepfakes\c23\frames\607_683\002.png,607_683,1,train
C:\Capstone\DeepfakeBench\datasets\rgb\FaceForensics++\manipulated_sequences\Deepfakes\c23\frames\607_683\003.png,607_683,1,train
C:\Capstone\DeepfakeBench\datasets\rgb\FaceForensics++\manipulated_sequences\Deepfakes\c23\frames\607_683\004.png,607_683,1,train
C:\Capstone\DeepfakeBench\datasets\rgb\FaceForensics++\manipulated_sequences\Deepfakes\c23\frames\607_683\005.png,607_683,1,train
C:\Capstone\DeepfakeBench\datasets\rgb\FaceForensics++\manipulated_sequences\Deepfakes\c23\frames\607_683\006.png,607_683,1,train
C:\Capstone\DeepfakeBench\datasets\rgb\FaceForensics++\manipulated_sequences\Deepfakes\c23\frames\607_683\007.png,607_683,1,train
C:\Capstone\DeepfakeBench\datasets\rgb\FaceForensics++\manipulated_sequences\Deepfakes\c23\frames\607_683\008.png,607_683,1,train
C:\Capstone\DeepfakeBench\datasets\rgb\FaceForensics++\manipulated_sequences\Deepfakes\c23\frames\607_683\009.png,607_683,1,train
C:\Capstone\DeepfakeBench\datasets\rgb\FaceForensics++\manipulated_sequences\Deepfakes\c23\frames\607_683\010.png,607_683,1,train
C:\Capstone\DeepfakeBench\datasets\rgb\FaceForensics++\manipulated_sequences\Deepfakes\c23\frames\607_683\011.png,607_683,1,train
C:\Capstone\DeepfakeBench\datasets\rgb\FaceForensics++\manipulated_sequences\Deepfakes\c23\frames\607_683\012.png,607_683,1,train
C:\Capstone\DeepfakeBench\datasets\rgb\FaceForensics++\manipulated_sequences\Deepfakes\c23\frames\607_683\013.png,607_683,1,train
C:\Capstone\DeepfakeBench\datasets\rgb\FaceForensics++\manipulated_sequences\Deepfakes\c23\frames\607_683\014.png,607_683,1,train
C:\Capstone\DeepfakeBench\datasets\rgb\FaceForensics++\manipulated_sequences\Deepfakes\c23\frames\607_683\015.png,607_683,1,train
C:\Capstone\DeepfakeBench\datasets\rgb\FaceForensics++\manipulated_sequences\Deepfakes\c23\frames\607_683\016.png,607_683,1,train
C:\Capstone\DeepfakeBench\datasets\rgb\FaceForensics++\manipulated_sequences\Deepfakes\c23\frames\607_683\017.png,607_683,1,train
C:\Capstone\DeepfakeBench\datasets\rgb\FaceForensics++\manipulated_sequences\Deepfakes\c23\frames\607_683\018.png,607_683,1,train
C:\Capstone\DeepfakeBench\datasets\rgb\FaceForensics++\manipulated_sequences\Deepfakes\c23\frames\607_683\019.png,607_683,1,train
C:\Capstone\DeepfakeBench\datasets\rgb\FaceForensics++\manipulated_sequences\Deepfakes\c23\frames\607_683\020.png,607_683,1,train
C:\Capstone\DeepfakeBench\datasets\rgb\FaceForensics++\manipulated_sequences\Deepfakes\c23\frames\607_683\021.png,607_683,1,train
C:\Capstone\DeepfakeBench\datasets\rgb\FaceForensics++\manipulated_sequences\Deepfakes\c23\frames\607_683\022.png,607_683,1,train
C:\Capstone\DeepfakeBench\datasets\rgb\FaceForensics++\manipulated_sequences\Deepfakes\c23\frames\607_683\023.png,607_683,1,train
C:\Capstone\DeepfakeBench\datasets\rgb\FaceForensics++\manipulated_sequences\Deepfakes\c23\frames\607_683\024.png,607_683,1,train
C:\Capstone\DeepfakeBench\datasets\rgb\FaceForensics++\manipulated_sequences\Deepfakes\c23\frames\607_683\025.png,607_683,1,train
C:\Capstone\DeepfakeBench\datasets\rgb\FaceForensics++\manipulated_sequences\Deepfakes\c23\frames\607_683\026.png,607_683,1,train
C:\Capstone\DeepfakeBench\datasets\rgb\FaceForensics++\manipulated_sequences\Deepfakes\c23\frames\607_683\027.png,607_683,1,train
C:\Capstone\DeepfakeBench\datasets\rgb\FaceForensics++\manipulated_sequences\Deepfakes\c23\frames\607_683\028.png,607_683,1,train
C:\Capstone\DeepfakeBench\datasets\rgb\FaceForensics++\manipulated_sequences\Deepfakes\c23\frames\607_683\029.png,607_683,1,train
C:\Capstone\DeepfakeBench\datasets\rgb\FaceForensics++\manipulated_sequences\Deepfakes\c23\frames\607_683\030.png,607_683,1,train
C:\Capstone\DeepfakeBench\datasets\rgb\FaceForensics++\manipulated_sequences\Deepfakes\c23\frames\607_683\031.png,607_683,1,train
C:\Capstone\DeepfakeBench\datasets\rgb\FaceForensics++\original_sequences\youtube\c23\frames\439\000.png,439,0,train
C:\Capstone\DeepfakeBench\datasets\rgb\FaceForensics++\original_sequences\youtube\c23\frames\439\001.png,439,0,train
C:\Capstone\DeepfakeBench\datasets\rgb\FaceForensics++\original_sequences\youtube\c23\frames\439\002.png,439,0,train
C:\Capstone\DeepfakeBench\datasets\rgb\FaceForensics++\original_sequences\youtube\c23\frames\439\003.png,439,0,train
C:\Capstone\DeepfakeBench\datasets\rgb\FaceForensics++\original_sequences\youtube\c23\frames\439\004.png,439,0,train
C:\Capstone\DeepfakeBench\datasets\rgb\FaceForensics++\original_sequences\youtube\c23\frames\439\005.png,439,0,train
C:\Capstone\DeepfakeBench\datasets\rgb\FaceForensics++\original_sequences\youtube\c23\frames\439\006.png,439,0,train
C:\Capstone\DeepfakeBench\datasets\rgb\FaceForensics++\original_sequences\youtube\c23\frames\439\007.png,439,0,train
C:\Capstone\DeepfakeBench\datasets\rgb\FaceForensics++\original_sequences\youtube\c23\frames\439\008.png,439,0,train
C:\Capstone\DeepfakeBench\datasets\rgb\FaceForensics++\original_sequences\youtube\c23\frames\439\009.png,439,0,train
C:\Capstone\DeepfakeBench\datasets\rgb\FaceForensics++\original_sequences\youtube\c23\frames\439\010.png,439,0,train
C:\Capstone\DeepfakeBench\datasets\rgb\FaceForensics++\original_sequences\youtube\c23\frames\439\011.png,439,0,train
C:\Capstone\DeepfakeBench\datasets\rgb\FaceForensics++\original_sequences\youtube\c23\frames\439\012.png,439,0,train
C:\Capstone\DeepfakeBench\datasets\rgb\FaceForensics++\original_sequences\youtube\c23\frames\439\013.png,439,0,train
C:\Capstone\DeepfakeBench\datasets\rgb\FaceForensics++\original_sequences\youtube\c23\frames\439\014.png,439,0,train
C:\Capstone\DeepfakeBench\datasets\rgb\FaceForensics++\original_sequences\youtube\c23\frames\439\015.png,439,0,train
C:\Capstone\DeepfakeBench\datasets\rgb\FaceForensics++\original_sequences\youtube\c23\frames\439\016.png,439,0,train
C:\Capstone\DeepfakeBench\datasets\rgb\FaceForensics++\original_sequences\youtube\c23\frames\439\017.png,439,0,train
C:\Capstone\DeepfakeBench\datasets\rgb\FaceForensics++\original_sequences\youtube\c23\frames\439\018.png,439,0,train
C:\Capstone\DeepfakeBench\datasets\rgb\FaceForensics++\original_sequences\youtube\c23\frames\439\019.png,439,0,train
C:\Capstone\DeepfakeBench\datasets\rgb\FaceForensics++\original_sequences\youtube\c23\frames\439\020.png,439,0,train
C:\Capstone\DeepfakeBench\datasets\rgb\FaceForensics++\original_sequences\youtube\c23\frames\439\021.png,439,0,train
C:\Capstone\DeepfakeBench\datasets\rgb\FaceForensics++\original_sequences\youtube\c23\frames\439\022.png,439,0,train
C:\Capstone\DeepfakeBench\datasets\rgb\FaceForensics++\original_sequences\youtube\c23\frames\439\023.png,439,0,train
C:\Capstone\DeepfakeBench\datasets\rgb\FaceForensics++\original_sequences\youtube\c23\frames\439\024.png,439,0,train
C:\Capstone\DeepfakeBench\datasets\rgb\FaceForensics++\original_sequences\youtube\c23\frames\439\025.png,439,0,train
C:\Capstone\DeepfakeBench\datasets\rgb\FaceForensics++\original_sequences\youtube\c23\frames\439\026.png,439,0,train
C:\Capstone\DeepfakeBench\datasets\rgb\FaceForensics++\original_sequences\youtube\c23\frames\439\027.png,439,0,train
C:\Capstone\DeepfakeBench\datasets\rgb\FaceForensics++\original_sequences\youtube\c23\frames\439\028.png,439,0,train
C:\Capstone\DeepfakeBench\datasets\rgb\FaceForensics++\original_sequences\youtube\c23\frames\439\029.png,439,0,train
C:\Capstone\DeepfakeBench\datasets\rgb\FaceForensics++\original_sequences\youtube\c23\frames\439\030.png,439,0,train
C:\Capstone\DeepfakeBench\datasets\rgb\FaceForensics++\original_sequences\youtube\c23\frames\439\031.png,439,0,train
C:\Capstone\DeepfakeBench\datasets\rgb\FaceForensics++\manipulated_sequences\Deepfakes\c23\frames\109_107\000.png,109_107,1,train
C:\Capstone\DeepfakeBench\datasets\rgb\FaceForensics++\manipulated_sequences\Deepfakes\c23\frames\109_107\001.png,109_107,1,train
C:\Capstone\DeepfakeBench\datasets\rgb\FaceForensics++\manipulated_sequences\Deepfakes\c23\frames\109_107\002.png,109_107,1,train
C:\Capstone\DeepfakeBench\datasets\rgb\FaceForensics++\manipulated_sequences\Deepfakes\c23\frames\109_107\003.png,109_107,1,train
C:\Capstone\DeepfakeBench\datasets\rgb\FaceForensics++\manipulated_sequences\Deepfakes\c23\frames\109_107\004.png,109_107,1,train
C:\Capstone\DeepfakeBench\datasets\rgb\FaceForensics++\manipulated_sequences\Deepfakes\c23\frames\109_107\005.png,109_107,1,train
C:\Capstone\DeepfakeBench\datasets\rgb\FaceForensics++\manipulated_sequences\Deepfakes\c23\frames\109_107\006.png,109_107,1,train
C:\Capstone\DeepfakeBench\datasets\rgb\FaceForensics++\manipulated_sequences\Deepfakes\c23\frames\109_107\007.png,109_107,1,train
C:\Capstone\DeepfakeBench\datasets\rgb\FaceForensics++\manipulated_sequences\Deepfakes\c23\frames\109_107\008.png,109_107,1,train
C:\Capstone\DeepfakeBench\datasets\rgb\FaceForensics++\manipulated_sequences\Deepfakes\c23\frames\109_107\009.png,109_107,1,train
C:\Capstone\DeepfakeBench\datasets\rgb\FaceForensics++\manipulated_sequences\Deepfakes\c23\frames\109_107\010.png,109_107,1,train
C:\Capstone\DeepfakeBench\datasets\rgb\FaceForensics++\manipulated_sequences\Deepfakes\c23\frames\109_107\011.png,109_107,1,train
C:\Capstone\DeepfakeBench\datasets\rgb\FaceForensics++\manipulated_sequences\Deepfakes\c23\frames\109_107\012.png,109_107,1,train
C:\Capstone\DeepfakeBench\datasets\rgb\FaceForensics++\manipulated_sequences\Deepfakes\c23\frames\109_107\013.png,109_107,1,train
C:\Capstone\DeepfakeBench\datasets\rgb\FaceForensics++\manipulated_sequences\Deepfakes\c23\frames\109_107\014.png,109_107,1,train
C:\Capstone\DeepfakeBench\datasets\rgb\FaceForensics++\manipulated_sequences\Deepfakes\c23\frames\109_107\015.png,109_107,1,train
C:\Capstone\DeepfakeBench\datasets\rgb\FaceForensics++\manipulated_sequences\Deepfakes\c23\frames\109_107\016.png,109_107,1,train
C:\Capstone\DeepfakeBench\datasets\rgb\FaceForensics++\manipulated_sequences\Deepfakes\c23\frames\109_107\017.png,109_107,1,train
C:\Capstone\DeepfakeBench\datasets\rgb\FaceForensics++\manipulated_sequences\Deepfakes\c23\frames\109_107\018.png,109_107,1,train
C:\Capstone\DeepfakeBench\datasets\rgb\FaceForensics++\manipulated_sequences\Deepfakes\c23\frames\109_107\019.png,109_107,1,train
C:\Capstone\DeepfakeBench\datasets\rgb\FaceForensics++\manipulated_sequences\Deepfakes\c23\frames\109_107\020.png,109_107,1,train
C:\Capstone\DeepfakeBench\datasets\rgb\FaceForensics++\manipulated_sequences\Deepfakes\c23\frames\109_107\021.png,109_107,1,train
C:\Capstone\DeepfakeBench\datasets\rgb\FaceForensics++\manipulated_sequences\Deepfakes\c23\frames\109_107\022.png,109_107,1,train
C:\Capstone\DeepfakeBench\datasets\rgb\FaceForensics++\manipulated_sequences\Deepfakes\c23\frames\109_107\023.png,109_107,1,train
C:\Capstone\DeepfakeBench\datasets\rgb\FaceForensics++\manipulated_sequences\Deepfakes\c23\frames\109_107\024.png,109_107,1,train
C:\Capstone\DeepfakeBench\datasets\rgb\FaceForensics++\manipulated_sequences\Deepfakes\c23\frames\109_107\025.png,109_107,1,train
C:\Capstone\DeepfakeBench\datasets\rgb\FaceForensics++\manipulated_sequences\Deepfakes\c23\frames\109_107\026.png,109_107,1,train
C:\Capstone\DeepfakeBench\datasets\rgb\FaceForensics++\manipulated_sequences\Deepfakes\c23\frames\109_107\027.png,109_107,1,train
C:\Capstone\DeepfakeBench\datasets\rgb\FaceForensics++\manipulated_sequences\Deepfakes\c23\frames\109_107\028.png,109_107,1,train
C:\Capstone\DeepfakeBench\datasets\rgb\FaceForensics++\manipulated_sequences\Deepfakes\c23\frames\109_107\029.png,109_107,1,train
C:\Capstone\DeepfakeBench\datasets\rgb\FaceForensics++\manipulated_sequences\Deepfakes\c23\frames\109_107\030.png,109_107,1,train
C:\Capstone\DeepfakeBench\datasets\rgb\FaceForensics++\manipulated_sequences\Deepfakes\c23\frames\109_107\031.png,109_107,1,train
C:\Capstone\DeepfakeBench\datasets\rgb\FaceForensics++\original_sequences\youtube\c23\frames\055\000.png,055,0,train
C:\Capstone\DeepfakeBench\datasets\rgb\FaceForensics++\original_sequences\youtube\c23\frames\055\001.png,055,0,train
C:\Capstone\DeepfakeBench\datasets\rgb\FaceForensics++\original_sequences\youtube\c23\frames\055\002.png,055,0,train
C:\Capstone\DeepfakeBench\datasets\rgb\FaceForensics++\original_sequences\youtube\c23\frames\055\003.png,055,0,train
C:\Capstone\DeepfakeBench\datasets\rgb\FaceForensics++\original_sequences\youtube\c23\frames\055\004.png,055,0,train
C:\Capstone\DeepfakeBench\datasets\rgb\FaceForensics++\original_sequences\youtube\c23\frames\055\005.png,055,0,train
C:\Capstone\DeepfakeBench\datasets\rgb\FaceForensics++\original_sequences\youtube\c23\frames\055\006.png,055,0,train
C:\Capstone\DeepfakeBench\datasets\rgb\FaceForensics++\original_sequences\youtube\c23\frames\055\007.png,055,0,train
C:\Capstone\DeepfakeBench\datasets\rgb\FaceForensics++\original_sequences\youtube\c23\frames\055\008.png,055,0,train
C:\Capstone\DeepfakeBench\datasets\rgb\FaceForensics++\original_sequences\youtube\c23\frames\055\009.png,055,0,train
C:\Capstone\DeepfakeBench\datasets\rgb\FaceForensics++\original_sequences\youtube\c23\frames\055\010.png,055,0,train
C:\Capstone\DeepfakeBench\datasets\rgb\FaceForensics++\original_sequences\youtube\c23\frames\055\011.png,055,0,train
C:\Capstone\DeepfakeBench\datasets\rgb\FaceForensics++\original_sequences\youtube\c23\frames\055\012.png,055,0,train
C:\Capstone\DeepfakeBench\datasets\rgb\FaceForensics++\original_sequences\youtube\c23\frames\055\013.png,055,0,train
C:\Capstone\DeepfakeBench\datasets\rgb\FaceForensics++\original_sequences\youtube\c23\frames\055\014.png,055,0,train
C:\Capstone\DeepfakeBench\datasets\rgb\FaceForensics++\original_sequences\youtube\c23\frames\055\015.png,055,0,train
C:\Capstone\DeepfakeBench\datasets\rgb\FaceForensics++\original_sequences\youtube\c23\frames\055\016.png,055,0,train
C:\Capstone\DeepfakeBench\datasets\rgb\FaceForensics++\original_sequences\youtube\c23\frames\055\017.png,055,0,train
C:\Capstone\DeepfakeBench\datasets\rgb\FaceForensics++\original_sequences\youtube\c23\frames\055\018.png,055,0,train
C:\Capstone\DeepfakeBench\datasets\rgb\FaceForensics++\original_sequences\youtube\c23\frames\055\019.png,055,0,train
C:\Capstone\DeepfakeBench\datasets\rgb\FaceForensics++\original_sequences\youtube\c23\frames\055\020.png,055,0,train
C:\Capstone\DeepfakeBench\datasets\rgb\FaceForensics++\original_sequences\youtube\c23\frames\055\021.png,055,0,train
C:\Capstone\DeepfakeBench\datasets\rgb\FaceForensics++\original_sequences\youtube\c23\frames\055\022.png,055,0,train
C:\Capstone\DeepfakeBench\datasets\rgb\FaceForensics++\original_sequences\youtube\c23\frames\055\023.png,055,0,train
C:\Capstone\DeepfakeBench\datasets\rgb\FaceForensics++\original_sequences\youtube\c23\frames\055\024.png,055,0,train
C:\Capstone\DeepfakeBench\datasets\rgb\FaceForensics++\original_sequences\youtube\c23\frames\055\025.png,055,0,train
C:\Capstone\DeepfakeBench\datasets\rgb\FaceForensics++\original_sequences\youtube\c23\frames\055\026.png,055,0,train
C:\Capstone\DeepfakeBench\datasets\rgb\FaceForensics++\original_sequences\youtube\c23\frames\055\027.png,055,0,train
C:\Capstone\DeepfakeBench\datasets\rgb\FaceForensics++\original_sequences\youtube\c23\frames\055\028.png,055,0,train
C:\Capstone\DeepfakeBench\datasets\rgb\FaceForensics++\original_sequences\youtube\c23\frames\055\029.png,055,0,train
C:\Capstone\DeepfakeBench\datasets\rgb\FaceForensics++\original_sequences\youtube\c23\frames\055\030.png,055,0,train
C:\Capstone\DeepfakeBench\datasets\rgb\FaceForensics++\original_sequences\youtube\c23\frames\055\031.png,055,0,train
C:\Capstone\DeepfakeBench\datasets\rgb\FaceForensics++\manipulated_sequences\Deepfakes\c23\frames\969_897\000.png,969_897,1,train
C:\Capstone\DeepfakeBench\datasets\rgb\FaceForensics++\manipulated_sequences\Deepfakes\c23\frames\969_897\001.png,969_897,1,train
C:\Capstone\DeepfakeBench\datasets\rgb\FaceForensics++\manipulated_sequences\Deepfakes\c23\frames\969_897\002.png,969_897,1,train
C:\Capstone\DeepfakeBench\datasets\rgb\FaceForensics++\manipulated_sequences\Deepfakes\c23\frames\969_897\003.png,969_897,1,train
C:\Capstone\DeepfakeBench\datasets\rgb\FaceForensics++\manipulated_sequences\Deepfakes\c23\frames\969_897\004.png,969_897,1,train
C:\Capstone\DeepfakeBench\datasets\rgb\FaceForensics++\manipulated_sequences\Deepfakes\c23\frames\969_897\005.png,969_897,1,train
C:\Capstone\DeepfakeBench\datasets\rgb\FaceForensics++\manipulated_sequences\Deepfakes\c23\frames\969_897\006.png,969_897,1,train
C:\Capstone\DeepfakeBench\datasets\rgb\FaceForensics++\manipulated_sequences\Deepfakes\c23\frames\969_897\007.png,969_897,1,train
C:\Capstone\DeepfakeBench\datasets\rgb\FaceForensics++\manipulated_sequences\Deepfakes\c23\frames\969_897\008.png,969_897,1,train
C:\Capstone\DeepfakeBench\datasets\rgb\FaceForensics++\manipulated_sequences\Deepfakes\c23\frames\969_897\009.png,969_897,1,train
C:\Capstone\DeepfakeBench\datasets\rgb\FaceForensics++\manipulated_sequences\Deepfakes\c23\frames\969_897\010.png,969_897,1,train
C:\Capstone\DeepfakeBench\datasets\rgb\FaceForensics++\manipulated_sequences\Deepfakes\c23\frames\969_897\011.png,969_897,1,train
C:\Capstone\DeepfakeBench\datasets\rgb\FaceForensics++\manipulated_sequences\Deepfakes\c23\frames\969_897\012.png,969_897,1,train
C:\Capstone\DeepfakeBench\datasets\rgb\FaceForensics++\manipulated_sequences\Deepfakes\c23\frames\969_897\013.png,969_897,1,train
C:\Capstone\DeepfakeBench\datasets\rgb\FaceForensics++\manipulated_sequences\Deepfakes\c23\frames\969_897\014.png,969_897,1,train
C:\Capstone\DeepfakeBench\datasets\rgb\FaceForensics++\manipulated_sequences\Deepfakes\c23\frames\969_897\015.png,969_897,1,train
C:\Capstone\DeepfakeBench\datasets\rgb\FaceForensics++\manipulated_sequences\Deepfakes\c23\frames\969_897\016.png,969_897,1,train
C:\Capstone\DeepfakeBench\datasets\rgb\FaceForensics++\manipulated_sequences\Deepfakes\c23\frames\969_897\017.png,969_897,1,train
C:\Capstone\DeepfakeBench\datasets\rgb\FaceForensics++\manipulated_sequences\Deepfakes\c23\frames\969_897\018.png,969_897,1,train
C:\Capstone\DeepfakeBench\datasets\rgb\FaceForensics++\manipulated_sequences\Deepfakes\c23\frames\969_897\019.png,969_897,1,train
C:\Capstone\DeepfakeBench\datasets\rgb\FaceForensics++\manipulated_sequences\Deepfakes\c23\frames\969_897\020.png,969_897,1,train
C:\Capstone\DeepfakeBench\datasets\rgb\FaceForensics++\manipulated_sequences\Deepfakes\c23\frames\969_897\021.png,969_897,1,train
C:\Capstone\DeepfakeBench\datasets\rgb\FaceForensics++\manipulated_sequences\Deepfakes\c23\frames\969_897\022.png,969_897,1,train
C:\Capstone\DeepfakeBench\datasets\rgb\FaceForensics++\manipulated_sequences\Deepfakes\c23\frames\969_897\023.png,969_897,1,train
C:\Capstone\DeepfakeBench\datasets\rgb\FaceForensics++\manipulated_sequences\Deepfakes\c23\frames\969_897\024.png,969_897,1,train
C:\Capstone\DeepfakeBench\datasets\rgb\FaceForensics++\manipulated_sequences\Deepfakes\c23\frames\969_897\025.png,969_897,1,train
C:\Capstone\DeepfakeBench\datasets\rgb\FaceForensics++\manipulated_sequences\Deepfakes\c23\frames\969_897\026.png,969_897,1,train
C:\Capstone\DeepfakeBench\datasets\rgb\FaceForensics++\manipulated_sequences\Deepfakes\c23\frames\969_897\027.png,969_897,1,train
C:\Capstone\DeepfakeBench\datasets\rgb\FaceForensics++\manipulated_sequences\Deepfakes\c23\frames\969_897\028.png,969_897,1,train
C:\Capstone\DeepfakeBench\datasets\rgb\FaceForensics++\manipulated_sequences\Deepfakes\c23\frames\969_897\029.png,969_897,1,train
C:\Capstone\DeepfakeBench\datasets\rgb\FaceForensics++\manipulated_sequences\Deepfakes\c23\frames\969_897\030.png,969_897,1,train
C:\Capstone\DeepfakeBench\datasets\rgb\FaceForensics++\manipulated_sequences\Deepfakes\c23\frames\969_897\031.png,969_897,1,train
C:\Capstone\DeepfakeBench\datasets\rgb\FaceForensics++\original_sequences\youtube\c23\frames\337\000.png,337,0,train
C:\Capstone\DeepfakeBench\datasets\rgb\FaceForensics++\original_sequences\youtube\c23\frames\337\001.png,337,0,train
C:\Capstone\DeepfakeBench\datasets\rgb\FaceForensics++\original_sequences\youtube\c23\frames\337\002.png,337,0,train
C:\Capstone\DeepfakeBench\datasets\rgb\FaceForensics++\original_sequences\youtube\c23\frames\337\003.png,337,0,train
C:\Capstone\DeepfakeBench\datasets\rgb\FaceForensics++\original_sequences\youtube\c23\frames\337\004.png,337,0,train
C:\Capstone\DeepfakeBench\datasets\rgb\FaceForensics++\original_sequences\youtube\c23\frames\337\005.png,337,0,train
C:\Capstone\DeepfakeBench\datasets\rgb\FaceForensics++\original_sequences\youtube\c23\frames\337\006.png,337,0,train
C:\Capstone\DeepfakeBench\datasets\rgb\FaceForensics++\original_sequences\youtube\c23\frames\337\007.png,337,0,train
C:\Capstone\DeepfakeBench\datasets\rgb\FaceForensics++\original_sequences\youtube\c23\frames\337\008.png,337,0,train
C:\Capstone\DeepfakeBench\datasets\rgb\FaceForensics++\original_sequences\youtube\c23\frames\337\009.png,337,0,train
C:\Capstone\DeepfakeBench\datasets\rgb\FaceForensics++\original_sequences\youtube\c23\frames\337\010.png,337,0,train
C:\Capstone\DeepfakeBench\datasets\rgb\FaceForensics++\original_sequences\youtube\c23\frames\337\011.png,337,0,train
C:\Capstone\DeepfakeBench\datasets\rgb\FaceForensics++\original_sequences\youtube\c23\frames\337\012.png,337,0,train
C:\Capstone\DeepfakeBench\datasets\rgb\FaceForensics++\original_sequences\youtube\c23\frames\337\013.png,337,0,train
C:\Capstone\DeepfakeBench\datasets\rgb\FaceForensics++\original_sequences\youtube\c23\frames\337\014.png,337,0,train
C:\Capstone\DeepfakeBench\datasets\rgb\FaceForensics++\original_sequences\youtube\c23\frames\337\015.png,337,0,train
C:\Capstone\DeepfakeBench\datasets\rgb\FaceForensics++\original_sequences\youtube\c23\frames\337\016.png,337,0,train
C:\Capstone\DeepfakeBench\datasets\rgb\FaceForensics++\original_sequences\youtube\c23\frames\337\017.png,337,0,train
C:\Capstone\DeepfakeBench\datasets\rgb\FaceForensics++\original_sequences\youtube\c23\frames\337\018.png,337,0,train
C:\Capstone\DeepfakeBench\datasets\rgb\FaceForensics++\original_sequences\youtube\c23\frames\337\019.png,337,0,train
C:\Capstone\DeepfakeBench\datasets\rgb\FaceForensics++\original_sequences\youtube\c23\frames\337\020.png,337,0,train
C:\Capstone\DeepfakeBench\datasets\rgb\FaceForensics++\original_sequences\youtube\c23\frames\337\021.png,337,0,train
C:\Capstone\DeepfakeBench\datasets\rgb\FaceForensics++\original_sequences\youtube\c23\frames\337\022.png,337,0,train
C:\Capstone\DeepfakeBench\datasets\rgb\FaceForensics++\original_sequences\youtube\c23\frames\337\023.png,337,0,train
C:\Capstone\DeepfakeBench\datasets\rgb\FaceForensics++\original_sequences\youtube\c23\frames\337\024.png,337,0,train
C:\Capstone\DeepfakeBench\datasets\rgb\FaceForensics++\original_sequences\youtube\c23\frames\337\025.png,337,0,train
C:\Capstone\DeepfakeBench\datasets\rgb\FaceForensics++\original_sequences\youtube\c23\frames\337\026.png,337,0,train
C:\Capstone\DeepfakeBench\datasets\rgb\FaceForensics++\original_sequences\youtube\c23\frames\337\027.png,337,0,train
C:\Capstone\DeepfakeBench\datasets\rgb\FaceForensics++\original_sequences\youtube\c23\frames\337\028.png,337,0,train
C:\Capstone\DeepfakeBench\datasets\rgb\FaceForensics++\original_sequences\youtube\c23\frames\337\029.png,337,0,train
C:\Capstone\DeepfakeBench\datasets\rgb\FaceForensics++\original_sequences\youtube\c23\frames\337\030.png,337,0,train
C:\Capstone\DeepfakeBench\datasets\rgb\FaceForensics++\original_sequences\youtube\c23\frames\337\031.png,337,0,train
C:\Capstone\DeepfakeBench\datasets\rgb\FaceForensics++\manipulated_sequences\Deepfakes\c23\frames\210_241\000.png,210_241,1,train
C:\Capstone\DeepfakeBench\datasets\rgb\FaceForensics++\manipulated_sequences\Deepfakes\c23\frames\210_241\001.png,210_241,1,train
C:\Capstone\DeepfakeBench\datasets\rgb\FaceForensics++\manipulated_sequences\Deepfakes\c23\frames\210_241\002.png,210_241,1,train
C:\Capstone\DeepfakeBench\datasets\rgb\FaceForensics++\manipulated_sequences\Deepfakes\c23\frames\210_241\003.png,210_241,1,train
C:\Capstone\DeepfakeBench\datasets\rgb\FaceForensics++\manipulated_sequences\Deepfakes\c23\frames\210_241\004.png,210_241,1,train
C:\Capstone\DeepfakeBench\datasets\rgb\FaceForensics++\manipulated_sequences\Deepfakes\c23\frames\210_241\005.png,210_241,1,train
C:\Capstone\DeepfakeBench\datasets\rgb\FaceForensics++\manipulated_sequences\Deepfakes\c23\frames\210_241\006.png,210_241,1,train
C:\Capstone\DeepfakeBench\datasets\rgb\FaceForensics++\manipulated_sequences\Deepfakes\c23\frames\210_241\007.png,210_241,1,train
C:\Capstone\DeepfakeBench\datasets\rgb\FaceForensics++\manipulated_sequences\Deepfakes\c23\frames\210_241\008.png,210_241,1,train
C:\Capstone\DeepfakeBench\datasets\rgb\FaceForensics++\manipulated_sequences\Deepfakes\c23\frames\210_241\009.png,210_241,1,train
C:\Capstone\DeepfakeBench\datasets\rgb\FaceForensics++\manipulated_sequences\Deepfakes\c23\frames\210_241\010.png,210_241,1,train
C:\Capstone\DeepfakeBench\datasets\rgb\FaceForensics++\manipulated_sequences\Deepfakes\c23\frames\210_241\011.png,210_241,1,train
C:\Capstone\DeepfakeBench\datasets\rgb\FaceForensics++\manipulated_sequences\Deepfakes\c23\frames\210_241\012.png,210_241,1,train
C:\Capstone\DeepfakeBench\datasets\rgb\FaceForensics++\manipulated_sequences\Deepfakes\c23\frames\210_241\013.png,210_241,1,train
C:\Capstone\DeepfakeBench\datasets\rgb\FaceForensics++\manipulated_sequences\Deepfakes\c23\frames\210_241\014.png,210_241,1,train
C:\Capstone\DeepfakeBench\datasets\rgb\FaceForensics++\manipulated_sequences\Deepfakes\c23\frames\210_241\015.png,210_241,1,train
C:\Capstone\DeepfakeBench\datasets\rgb\FaceForensics++\manipulated_sequences\Deepfakes\c23\frames\210_241\016.png,210_241,1,train
C:\Capstone\DeepfakeBench\datasets\rgb\FaceForensics++\manipulated_sequences\Deepfakes\c23\frames\210_241\017.png,210_241,1,train
C:\Capstone\DeepfakeBench\datasets\rgb\FaceForensics++\manipulated_sequences\Deepfakes\c23\frames\210_241\018.png,210_241,1,train
C:\Capstone\DeepfakeBench\datasets\rgb\FaceForensics++\manipulated_sequences\Deepfakes\c23\frames\210_241\019.png,210_241,1,train
C:\Capstone\DeepfakeBench\datasets\rgb\FaceForensics++\manipulated_sequences\Deepfakes\c23\frames\210_241\020.png,210_241,1,train
C:\Capstone\DeepfakeBench\datasets\rgb\FaceForensics++\manipulated_sequences\Deepfakes\c23\frames\210_241\021.png,210_241,1,train
C:\Capstone\DeepfakeBench\datasets\rgb\FaceForensics++\manipulated_sequences\Deepfakes\c23\frames\210_241\022.png,210_241,1,train
C:\Capstone\DeepfakeBench\datasets\rgb\FaceForensics++\manipulated_sequences\Deepfakes\c23\frames\210_241\023.png,210_241,1,train
C:\Capstone\DeepfakeBench\datasets\rgb\FaceForensics++\manipulated_sequences\Deepfakes\c23\frames\210_241\024.png,210_241,1,train
C:\Capstone\DeepfakeBench\datasets\rgb\FaceForensics++\manipulated_sequences\Deepfakes\c23\frames\210_241\025.png,210_241,1,train
C:\Capstone\DeepfakeBench\datasets\rgb\FaceForensics++\manipulated_sequences\Deepfakes\c23\frames\210_241\026.png,210_241,1,train
C:\Capstone\DeepfakeBench\datasets\rgb\FaceForensics++\manipulated_sequences\Deepfakes\c23\frames\210_241\027.png,210_241,1,train
C:\Capstone\DeepfakeBench\datasets\rgb\FaceForensics++\manipulated_sequences\Deepfakes\c23\frames\210_241\028.png,210_241,1,train
C:\Capstone\DeepfakeBench\datasets\rgb\FaceForensics++\manipulated_sequences\Deepfakes\c23\frames\210_241\029.png,210_241,1,train
C:\Capstone\DeepfakeBench\datasets\rgb\FaceForensics++\manipulated_sequences\Deepfakes\c23\frames\210_241\030.png,210_241,1,train
C:\Capstone\DeepfakeBench\datasets\rgb\FaceForensics++\manipulated_sequences\Deepfakes\c23\frames\210_241\031.png,210_241,1,train
C:\Capstone\DeepfakeBench\datasets\rgb\FaceForensics++\original_sequences\youtube\c23\frames\134\000.png,134,0,train
C:\Capstone\DeepfakeBench\datasets\rgb\FaceForensics++\original_sequences\youtube\c23\frames\134\001.png,134,0,train
C:\Capstone\DeepfakeBench\datasets\rgb\FaceForensics++\original_sequences\youtube\c23\frames\134\002.png,134,0,train
C:\Capstone\DeepfakeBench\datasets\rgb\FaceForensics++\original_sequences\youtube\c23\frames\134\003.png,134,0,train
C:\Capstone\DeepfakeBench\datasets\rgb\FaceForensics++\original_sequences\youtube\c23\frames\134\004.png,134,0,train
C:\Capstone\DeepfakeBench\datasets\rgb\FaceForensics++\original_sequences\youtube\c23\frames\134\005.png,134,0,train
C:\Capstone\DeepfakeBench\datasets\rgb\FaceForensics++\original_sequences\youtube\c23\frames\134\006.png,134,0,train
C:\Capstone\DeepfakeBench\datasets\rgb\FaceForensics++\original_sequences\youtube\c23\frames\134\007.png,134,0,train
C:\Capstone\DeepfakeBench\datasets\rgb\FaceForensics++\original_sequences\youtube\c23\frames\134\008.png,134,0,train
C:\Capstone\DeepfakeBench\datasets\rgb\FaceForensics++\original_sequences\youtube\c23\frames\134\009.png,134,0,train
C:\Capstone\DeepfakeBench\datasets\rgb\FaceForensics++\original_sequences\youtube\c23\frames\134\010.png,134,0,train
C:\Capstone\DeepfakeBench\datasets\rgb\FaceForensics++\original_sequences\youtube\c23\frames\134\011.png,134,0,train
C:\Capstone\DeepfakeBench\datasets\rgb\FaceForensics++\original_sequences\youtube\c23\frames\134\012.png,134,0,train
C:\Capstone\DeepfakeBench\datasets\rgb\FaceForensics++\original_sequences\youtube\c23\frames\134\013.png,134,0,train
C:\Capstone\DeepfakeBench\datasets\rgb\FaceForensics++\original_sequences\youtube\c23\frames\134\014.png,134,0,train
C:\Capstone\DeepfakeBench\datasets\rgb\FaceForensics++\original_sequences\youtube\c23\frames\134\015.png,134,0,train
C:\Capstone\DeepfakeBench\datasets\rgb\FaceForensics++\original_sequences\youtube\c23\frames\134\016.png,134,0,train
C:\Capstone\DeepfakeBench\datasets\rgb\FaceForensics++\original_sequences\youtube\c23\frames\134\017.png,134,0,train
C:\Capstone\DeepfakeBench\datasets\rgb\FaceForensics++\original_sequences\youtube\c23\frames\134\018.png,134,0,train
C:\Capstone\DeepfakeBench\datasets\rgb\FaceForensics++\original_sequences\youtube\c23\frames\134\019.png,134,0,train
C:\Capstone\DeepfakeBench\datasets\rgb\FaceForensics++\original_sequences\youtube\c23\frames\134\020.png,134,0,train
C:\Capstone\DeepfakeBench\datasets\rgb\FaceForensics++\original_sequences\youtube\c23\frames\134\021.png,134,0,train
C:\Capstone\DeepfakeBench\datasets\rgb\FaceForensics++\original_sequences\youtube\c23\frames\134\022.png,134,0,train
C:\Capstone\DeepfakeBench\datasets\rgb\FaceForensics++\original_sequences\youtube\c23\frames\134\023.png,134,0,train
C:\Capstone\DeepfakeBench\datasets\rgb\FaceForensics++\original_sequences\youtube\c23\frames\134\024.png,134,0,train
C:\Capstone\DeepfakeBench\datasets\rgb\FaceForensics++\original_sequences\youtube\c23\frames\134\025.png,134,0,train
C:\Capstone\DeepfakeBench\datasets\rgb\FaceForensics++\original_sequences\youtube\c23\frames\134\026.png,134,0,train
C:\Capstone\DeepfakeBench\datasets\rgb\FaceForensics++\original_sequences\youtube\c23\frames\134\027.png,134,0,train
C:\Capstone\DeepfakeBench\datasets\rgb\FaceForensics++\original_sequences\youtube\c23\frames\134\028.png,134,0,train
C:\Capstone\DeepfakeBench\datasets\rgb\FaceForensics++\original_sequences\youtube\c23\frames\134\029.png,134,0,train
C:\Capstone\DeepfakeBench\datasets\rgb\FaceForensics++\original_sequences\youtube\c23\frames\134\030.png,134,0,train
C:\Capstone\DeepfakeBench\datasets\rgb\FaceForensics++\original_sequences\youtube\c23\frames\134\031.png,134,0,train
C:\Capstone\DeepfakeBench\datasets\rgb\FaceForensics++\original_sequences\youtube\c23\frames\321\000.png,321,0,train
C:\Capstone\DeepfakeBench\datasets\rgb\FaceForensics++\original_sequences\youtube\c23\frames\321\001.png,321,0,train
C:\Capstone\DeepfakeBench\datasets\rgb\FaceForensics++\original_sequences\youtube\c23\frames\321\002.png,321,0,train
C:\Capstone\DeepfakeBench\datasets\rgb\FaceForensics++\original_sequences\youtube\c23\frames\321\003.png,321,0,train
C:\Capstone\DeepfakeBench\datasets\rgb\FaceForensics++\original_sequences\youtube\c23\frames\321\004.png,321,0,train
C:\Capstone\DeepfakeBench\datasets\rgb\FaceForensics++\original_sequences\youtube\c23\frames\321\005.png,321,0,train
C:\Capstone\DeepfakeBench\datasets\rgb\FaceForensics++\original_sequences\youtube\c23\frames\321\006.png,321,0,train
C:\Capstone\DeepfakeBench\datasets\rgb\FaceForensics++\original_sequences\youtube\c23\frames\321\007.png,321,0,train
C:\Capstone\DeepfakeBench\datasets\rgb\FaceForensics++\original_sequences\youtube\c23\frames\321\008.png,321,0,train
C:\Capstone\DeepfakeBench\datasets\rgb\FaceForensics++\original_sequences\youtube\c23\frames\321\009.png,321,0,train
C:\Capstone\DeepfakeBench\datasets\rgb\FaceForensics++\original_sequences\youtube\c23\frames\321\010.png,321,0,train
C:\Capstone\DeepfakeBench\datasets\rgb\FaceForensics++\original_sequences\youtube\c23\frames\321\011.png,321,0,train
C:\Capstone\DeepfakeBench\datasets\rgb\FaceForensics++\original_sequences\youtube\c23\frames\321\012.png,321,0,train
C:\Capstone\DeepfakeBench\datasets\rgb\FaceForensics++\original_sequences\youtube\c23\frames\321\013.png,321,0,train
C:\Capstone\DeepfakeBench\datasets\rgb\FaceForensics++\original_sequences\youtube\c23\frames\321\014.png,321,0,train
C:\Capstone\DeepfakeBench\datasets\rgb\FaceForensics++\original_sequences\youtube\c23\frames\321\015.png,321,0,train
C:\Capstone\DeepfakeBench\datasets\rgb\FaceForensics++\original_sequences\youtube\c23\frames\321\016.png,321,0,train
C:\Capstone\DeepfakeBench\datasets\rgb\FaceForensics++\original_sequences\youtube\c23\frames\321\017.png,321,0,train
C:\Capstone\DeepfakeBench\datasets\rgb\FaceForensics++\original_sequences\youtube\c23\frames\321\018.png,321,0,train
C:\Capstone\DeepfakeBench\datasets\rgb\FaceForensics++\original_sequences\youtube\c23\frames\321\019.png,321,0,train
C:\Capstone\DeepfakeBench\datasets\rgb\FaceForensics++\original_sequences\youtube\c23\frames\321\020.png,321,0,train
C:\Capstone\DeepfakeBench\datasets\rgb\FaceForensics++\original_sequences\youtube\c23\frames\321\021.png,321,0,train
C:\Capstone\DeepfakeBench\datasets\rgb\FaceForensics++\original_sequences\youtube\c23\frames\321\022.png,321,0,train
C:\Capstone\DeepfakeBench\datasets\rgb\FaceForensics++\original_sequences\youtube\c23\frames\321\023.png,321,0,train
C:\Capstone\DeepfakeBench\datasets\rgb\FaceForensics++\original_sequences\youtube\c23\frames\321\024.png,321,0,train
C:\Capstone\DeepfakeBench\datasets\rgb\FaceForensics++\original_sequences\youtube\c23\frames\321\025.png,321,0,train
C:\Capstone\DeepfakeBench\datasets\rgb\FaceForensics++\original_sequences\youtube\c23\frames\321\026.png,321,0,train
C:\Capstone\DeepfakeBench\datasets\rgb\FaceForensics++\original_sequences\youtube\c23\frames\321\027.png,321,0,train
C:\Capstone\DeepfakeBench\datasets\rgb\FaceForensics++\original_sequences\youtube\c23\frames\321\028.png,321,0,train
C:\Capstone\DeepfakeBench\datasets\rgb\FaceForensics++\original_sequences\youtube\c23\frames\321\029.png,321,0,train
C:\Capstone\DeepfakeBench\datasets\rgb\FaceForensics++\original_sequences\youtube\c23\frames\321\030.png,321,0,train
C:\Capstone\DeepfakeBench\datasets\rgb\FaceForensics++\original_sequences\youtube\c23\frames\321\031.png,321,0,train
C:\Capstone\DeepfakeBench\datasets\rgb\FaceForensics++\manipulated_sequences\Deepfakes\c23\frames\529_633\000.png,529_633,1,train
C:\Capstone\DeepfakeBench\datasets\rgb\FaceForensics++\manipulated_sequences\Deepfakes\c23\frames\529_633\001.png,529_633,1,train
C:\Capstone\DeepfakeBench\datasets\rgb\FaceForensics++\manipulated_sequences\Deepfakes\c23\frames\529_633\002.png,529_633,1,train
C:\Capstone\DeepfakeBench\datasets\rgb\FaceForensics++\manipulated_sequences\Deepfakes\c23\frames\529_633\003.png,529_633,1,train
C:\Capstone\DeepfakeBench\datasets\rgb\FaceForensics++\manipulated_sequences\Deepfakes\c23\frames\529_633\004.png,529_633,1,train
C:\Capstone\DeepfakeBench\datasets\rgb\FaceForensics++\manipulated_sequences\Deepfakes\c23\frames\529_633\005.png,529_633,1,train
C:\Capstone\DeepfakeBench\datasets\rgb\FaceForensics++\manipulated_sequences\Deepfakes\c23\frames\529_633\006.png,529_633,1,train
C:\Capstone\DeepfakeBench\datasets\rgb\FaceForensics++\manipulated_sequences\Deepfakes\c23\frames\529_633\007.png,529_633,1,train
C:\Capstone\DeepfakeBench\datasets\rgb\FaceForensics++\manipulated_sequences\Deepfakes\c23\frames\529_633\008.png,529_633,1,train
C:\Capstone\DeepfakeBench\datasets\rgb\FaceForensics++\manipulated_sequences\Deepfakes\c23\frames\529_633\009.png,529_633,1,train
C:\Capstone\DeepfakeBench\datasets\rgb\FaceForensics++\manipulated_sequences\Deepfakes\c23\frames\529_633\010.png,529_633,1,train
C:\Capstone\DeepfakeBench\datasets\rgb\FaceForensics++\manipulated_sequences\Deepfakes\c23\frames\529_633\011.png,529_633,1,train
C:\Capstone\DeepfakeBench\datasets\rgb\FaceForensics++\manipulated_sequences\Deepfakes\c23\frames\529_633\012.png,529_633,1,train
C:\Capstone\DeepfakeBench\datasets\rgb\FaceForensics++\manipulated_sequences\Deepfakes\c23\frames\529_633\013.png,529_633,1,train
C:\Capstone\DeepfakeBench\datasets\rgb\FaceForensics++\manipulated_sequences\Deepfakes\c23\frames\529_633\014.png,529_633,1,train
C:\Capstone\DeepfakeBench\datasets\rgb\FaceForensics++\manipulated_sequences\Deepfakes\c23\frames\529_633\015.png,529_633,1,train
C:\Capstone\DeepfakeBench\datasets\rgb\FaceForensics++\manipulated_sequences\Deepfakes\c23\frames\529_633\016.png,529_633,1,train
C:\Capstone\DeepfakeBench\datasets\rgb\FaceForensics++\manipulated_sequences\Deepfakes\c23\frames\529_633\017.png,529_633,1,train
C:\Capstone\DeepfakeBench\datasets\rgb\FaceForensics++\manipulated_sequences\Deepfakes\c23\frames\529_633\018.png,529_633,1,train
C:\Capstone\DeepfakeBench\datasets\rgb\FaceForensics++\manipulated_sequences\Deepfakes\c23\frames\529_633\019.png,529_633,1,train
C:\Capstone\DeepfakeBench\datasets\rgb\FaceForensics++\manipulated_sequences\Deepfakes\c23\frames\529_633\020.png,529_633,1,train
C:\Capstone\DeepfakeBench\datasets\rgb\FaceForensics++\manipulated_sequences\Deepfakes\c23\frames\529_633\021.png,529_633,1,train
C:\Capstone\DeepfakeBench\datasets\rgb\FaceForensics++\manipulated_sequences\Deepfakes\c23\frames\529_633\022.png,529_633,1,train
C:\Capstone\DeepfakeBench\datasets\rgb\FaceForensics++\manipulated_sequences\Deepfakes\c23\frames\529_633\023.png,529_633,1,train
C:\Capstone\DeepfakeBench\datasets\rgb\FaceForensics++\manipulated_sequences\Deepfakes\c23\frames\529_633\024.png,529_633,1,train
C:\Capstone\DeepfakeBench\datasets\rgb\FaceForensics++\manipulated_sequences\Deepfakes\c23\frames\529_633\025.png,529_633,1,train
C:\Capstone\DeepfakeBench\datasets\rgb\FaceForensics++\manipulated_sequences\Deepfakes\c23\frames\529_633\026.png,529_633,1,train
C:\Capstone\DeepfakeBench\datasets\rgb\FaceForensics++\manipulated_sequences\Deepfakes\c23\frames\529_633\027.png,529_633,1,train
C:\Capstone\DeepfakeBench\datasets\rgb\FaceForensics++\manipulated_sequences\Deepfakes\c23\frames\529_633\028.png,529_633,1,train
C:\Capstone\DeepfakeBench\datasets\rgb\FaceForensics++\manipulated_sequences\Deepfakes\c23\frames\529_633\029.png,529_633,1,train
C:\Capstone\DeepfakeBench\datasets\rgb\FaceForensics++\manipulated_sequences\Deepfakes\c23\frames\529_633\030.png,529_633,1,train
C:\Capstone\DeepfakeBench\datasets\rgb\FaceForensics++\manipulated_sequences\Deepfakes\c23\frames\529_633\031.png,529_633,1,train
C:\Capstone\DeepfakeBench\datasets\rgb\FaceForensics++\original_sequences\youtube\c23\frames\671\000.png,671,0,train
C:\Capstone\DeepfakeBench\datasets\rgb\FaceForensics++\original_sequences\youtube\c23\frames\671\001.png,671,0,train
C:\Capstone\DeepfakeBench\datasets\rgb\FaceForensics++\original_sequences\youtube\c23\frames\671\002.png,671,0,train
C:\Capstone\DeepfakeBench\datasets\rgb\FaceForensics++\original_sequences\youtube\c23\frames\671\003.png,671,0,train
C:\Capstone\DeepfakeBench\datasets\rgb\FaceForensics++\original_sequences\youtube\c23\frames\671\004.png,671,0,train
C:\Capstone\DeepfakeBench\datasets\rgb\FaceForensics++\original_sequences\youtube\c23\frames\671\005.png,671,0,train
C:\Capstone\DeepfakeBench\datasets\rgb\FaceForensics++\original_sequences\youtube\c23\frames\671\006.png,671,0,train
C:\Capstone\DeepfakeBench\datasets\rgb\FaceForensics++\original_sequences\youtube\c23\frames\671\007.png,671,0,train
C:\Capstone\DeepfakeBench\datasets\rgb\FaceForensics++\original_sequences\youtube\c23\frames\671\008.png,671,0,train
C:\Capstone\DeepfakeBench\datasets\rgb\FaceForensics++\original_sequences\youtube\c23\frames\671\009.png,671,0,train
C:\Capstone\DeepfakeBench\datasets\rgb\FaceForensics++\original_sequences\youtube\c23\frames\671\010.png,671,0,train
C:\Capstone\DeepfakeBench\datasets\rgb\FaceForensics++\original_sequences\youtube\c23\frames\671\011.png,671,0,train
C:\Capstone\DeepfakeBench\datasets\rgb\FaceForensics++\original_sequences\youtube\c23\frames\671\012.png,671,0,train
C:\Capstone\DeepfakeBench\datasets\rgb\FaceForensics++\original_sequences\youtube\c23\frames\671\013.png,671,0,train
C:\Capstone\DeepfakeBench\datasets\rgb\FaceForensics++\original_sequences\youtube\c23\frames\671\014.png,671,0,train
C:\Capstone\DeepfakeBench\datasets\rgb\FaceForensics++\original_sequences\youtube\c23\frames\671\015.png,671,0,train
C:\Capstone\DeepfakeBench\datasets\rgb\FaceForensics++\original_sequences\youtube\c23\frames\671\016.png,671,0,train
C:\Capstone\DeepfakeBench\datasets\rgb\FaceForensics++\original_sequences\youtube\c23\frames\671\017.png,671,0,train
C:\Capstone\DeepfakeBench\datasets\rgb\FaceForensics++\original_sequences\youtube\c23\frames\671\018.png,671,0,train
C:\Capstone\DeepfakeBench\datasets\rgb\FaceForensics++\original_sequences\youtube\c23\frames\671\019.png,671,0,train
C:\Capstone\DeepfakeBench\datasets\rgb\FaceForensics++\original_sequences\youtube\c23\frames\671\020.png,671,0,train
C:\Capstone\DeepfakeBench\datasets\rgb\FaceForensics++\original_sequences\youtube\c23\frames\671\021.png,671,0,train
C:\Capstone\DeepfakeBench\datasets\rgb\FaceForensics++\original_sequences\youtube\c23\frames\671\022.png,671,0,train
C:\Capstone\DeepfakeBench\datasets\rgb\FaceForensics++\original_sequences\youtube\c23\frames\671\023.png,671,0,train
C:\Capstone\DeepfakeBench\datasets\rgb\FaceForensics++\original_sequences\youtube\c23\frames\671\024.png,671,0,train
C:\Capstone\DeepfakeBench\datasets\rgb\FaceForensics++\original_sequences\youtube\c23\frames\671\025.png,671,0,train
C:\Capstone\DeepfakeBench\datasets\rgb\FaceForensics++\original_sequences\youtube\c23\frames\671\026.png,671,0,train
C:\Capstone\DeepfakeBench\datasets\rgb\FaceForensics++\original_sequences\youtube\c23\frames\671\027.png,671,0,train
C:\Capstone\DeepfakeBench\datasets\rgb\FaceForensics++\original_sequences\youtube\c23\frames\671\028.png,671,0,train
C:\Capstone\DeepfakeBench\datasets\rgb\FaceForensics++\original_sequences\youtube\c23\frames\671\029.png,671,0,train
C:\Capstone\DeepfakeBench\datasets\rgb\FaceForensics++\original_sequences\youtube\c23\frames\671\030.png,671,0,train
C:\Capstone\DeepfakeBench\datasets\rgb\FaceForensics++\original_sequences\youtube\c23\frames\671\031.png,671,0,train
C:\Capstone\DeepfakeBench\datasets\rgb\FaceForensics++\original_sequences\youtube\c23\frames\599\000.png,599,0,train
C:\Capstone\DeepfakeBench\datasets\rgb\FaceForensics++\original_sequences\youtube\c23\frames\599\001.png,599,0,train
C:\Capstone\DeepfakeBench\datasets\rgb\FaceForensics++\original_sequences\youtube\c23\frames\599\002.png,599,0,train
C:\Capstone\DeepfakeBench\datasets\rgb\FaceForensics++\original_sequences\youtube\c23\frames\599\003.png,599,0,train
C:\Capstone\DeepfakeBench\datasets\rgb\FaceForensics++\original_sequences\youtube\c23\frames\599\004.png,599,0,train
C:\Capstone\DeepfakeBench\datasets\rgb\FaceForensics++\original_sequences\youtube\c23\frames\599\005.png,599,0,train
C:\Capstone\DeepfakeBench\datasets\rgb\FaceForensics++\original_sequences\youtube\c23\frames\599\006.png,599,0,train
C:\Capstone\DeepfakeBench\datasets\rgb\FaceForensics++\original_sequences\youtube\c23\frames\599\007.png,599,0,train
C:\Capstone\DeepfakeBench\datasets\rgb\FaceForensics++\original_sequences\youtube\c23\frames\599\008.png,599,0,train
C:\Capstone\DeepfakeBench\datasets\rgb\FaceForensics++\original_sequences\youtube\c23\frames\599\009.png,599,0,train
C:\Capstone\DeepfakeBench\datasets\rgb\FaceForensics++\original_sequences\youtube\c23\frames\599\010.png,599,0,train
C:\Capstone\DeepfakeBench\datasets\rgb\FaceForensics++\original_sequences\youtube\c23\frames\599\011.png,599,0,train
C:\Capstone\DeepfakeBench\datasets\rgb\FaceForensics++\original_sequences\youtube\c23\frames\599\012.png,599,0,train
C:\Capstone\DeepfakeBench\datasets\rgb\FaceForensics++\original_sequences\youtube\c23\frames\599\013.png,599,0,train
C:\Capstone\DeepfakeBench\datasets\rgb\FaceForensics++\original_sequences\youtube\c23\frames\599\014.png,599,0,train
C:\Capstone\DeepfakeBench\datasets\rgb\FaceForensics++\original_sequences\youtube\c23\frames\599\015.png,599,0,train
C:\Capstone\DeepfakeBench\datasets\rgb\FaceForensics++\original_sequences\youtube\c23\frames\599\016.png,599,0,train
C:\Capstone\DeepfakeBench\datasets\rgb\FaceForensics++\original_sequences\youtube\c23\frames\599\017.png,599,0,train
C:\Capstone\DeepfakeBench\datasets\rgb\FaceForensics++\original_sequences\youtube\c23\frames\599\018.png,599,0,train
C:\Capstone\DeepfakeBench\datasets\rgb\FaceForensics++\original_sequences\youtube\c23\frames\599\019.png,599,0,train
C:\Capstone\DeepfakeBench\datasets\rgb\FaceForensics++\original_sequences\youtube\c23\frames\599\020.png,599,0,train
C:\Capstone\DeepfakeBench\datasets\rgb\FaceForensics++\original_sequences\youtube\c23\frames\599\021.png,599,0,train
C:\Capstone\DeepfakeBench\datasets\rgb\FaceForensics++\original_sequences\youtube\c23\frames\599\022.png,599,0,train
C:\Capstone\DeepfakeBench\datasets\rgb\FaceForensics++\original_sequences\youtube\c23\frames\599\023.png,599,0,train
C:\Capstone\DeepfakeBench\datasets\rgb\FaceForensics++\original_sequences\youtube\c23\frames\599\024.png,599,0,train
C:\Capstone\DeepfakeBench\datasets\rgb\FaceForensics++\original_sequences\youtube\c23\frames\599\025.png,599,0,train
C:\Capstone\DeepfakeBench\datasets\rgb\FaceForensics++\original_sequences\youtube\c23\frames\599\026.png,599,0,train
C:\Capstone\DeepfakeBench\datasets\rgb\FaceForensics++\original_sequences\youtube\c23\frames\599\027.png,599,0,train
C:\Capstone\DeepfakeBench\datasets\rgb\FaceForensics++\original_sequences\youtube\c23\frames\599\028.png,599,0,train
C:\Capstone\DeepfakeBench\datasets\rgb\FaceForensics++\original_sequences\youtube\c23\frames\599\029.png,599,0,train
C:\Capstone\DeepfakeBench\datasets\rgb\FaceForensics++\original_sequences\youtube\c23\frames\599\030.png,599,0,train
C:\Capstone\DeepfakeBench\datasets\rgb\FaceForensics++\original_sequences\youtube\c23\frames\599\031.png,599,0,train
C:\Capstone\DeepfakeBench\datasets\rgb\FaceForensics++\manipulated_sequences\Deepfakes\c23\frames\974_953\000.png,974_953,1,train
C:\Capstone\DeepfakeBench\datasets\rgb\FaceForensics++\manipulated_sequences\Deepfakes\c23\frames\974_953\001.png,974_953,1,train
C:\Capstone\DeepfakeBench\datasets\rgb\FaceForensics++\manipulated_sequences\Deepfakes\c23\frames\974_953\002.png,974_953,1,train
C:\Capstone\DeepfakeBench\datasets\rgb\FaceForensics++\manipulated_sequences\Deepfakes\c23\frames\974_953\003.png,974_953,1,train
C:\Capstone\DeepfakeBench\datasets\rgb\FaceForensics++\manipulated_sequences\Deepfakes\c23\frames\974_953\004.png,974_953,1,train
C:\Capstone\DeepfakeBench\datasets\rgb\FaceForensics++\manipulated_sequences\Deepfakes\c23\frames\974_953\005.png,974_953,1,train
C:\Capstone\DeepfakeBench\datasets\rgb\FaceForensics++\manipulated_sequences\Deepfakes\c23\frames\974_953\006.png,974_953,1,train
C:\Capstone\DeepfakeBench\datasets\rgb\FaceForensics++\manipulated_sequences\Deepfakes\c23\frames\974_953\007.png,974_953,1,train
C:\Capstone\DeepfakeBench\datasets\rgb\FaceForensics++\manipulated_sequences\Deepfakes\c23\frames\974_953\008.png,974_953,1,train
C:\Capstone\DeepfakeBench\datasets\rgb\FaceForensics++\manipulated_sequences\Deepfakes\c23\frames\974_953\009.png,974_953,1,train
C:\Capstone\DeepfakeBench\datasets\rgb\FaceForensics++\manipulated_sequences\Deepfakes\c23\frames\974_953\010.png,974_953,1,train
C:\Capstone\DeepfakeBench\datasets\rgb\FaceForensics++\manipulated_sequences\Deepfakes\c23\frames\974_953\011.png,974_953,1,train
C:\Capstone\DeepfakeBench\datasets\rgb\FaceForensics++\manipulated_sequences\Deepfakes\c23\frames\974_953\012.png,974_953,1,train
C:\Capstone\DeepfakeBench\datasets\rgb\FaceForensics++\manipulated_sequences\Deepfakes\c23\frames\974_953\013.png,974_953,1,train
C:\Capstone\DeepfakeBench\datasets\rgb\FaceForensics++\manipulated_sequences\Deepfakes\c23\frames\974_953\014.png,974_953,1,train
C:\Capstone\DeepfakeBench\datasets\rgb\FaceForensics++\manipulated_sequences\Deepfakes\c23\frames\974_953\015.png,974_953,1,train
C:\Capstone\DeepfakeBench\datasets\rgb\FaceForensics++\manipulated_sequences\Deepfakes\c23\frames\974_953\016.png,974_953,1,train
C:\Capstone\DeepfakeBench\datasets\rgb\FaceForensics++\manipulated_sequences\Deepfakes\c23\frames\974_953\017.png,974_953,1,train
C:\Capstone\DeepfakeBench\datasets\rgb\FaceForensics++\manipulated_sequences\Deepfakes\c23\frames\974_953\018.png,974_953,1,train
C:\Capstone\DeepfakeBench\datasets\rgb\FaceForensics++\manipulated_sequences\Deepfakes\c23\frames\974_953\019.png,974_953,1,train
C:\Capstone\DeepfakeBench\datasets\rgb\FaceForensics++\manipulated_sequences\Deepfakes\c23\frames\974_953\020.png,974_953,1,train
C:\Capstone\DeepfakeBench\datasets\rgb\FaceForensics++\manipulated_sequences\Deepfakes\c23\frames\974_953\021.png,974_953,1,train
C:\Capstone\DeepfakeBench\datasets\rgb\FaceForensics++\manipulated_sequences\Deepfakes\c23\frames\974_953\022.png,974_953,1,train
C:\Capstone\DeepfakeBench\datasets\rgb\FaceForensics++\manipulated_sequences\Deepfakes\c23\frames\974_953\023.png,974_953,1,train
C:\Capstone\DeepfakeBench\datasets\rgb\FaceForensics++\manipulated_sequences\Deepfakes\c23\frames\974_953\024.png,974_953,1,train
C:\Capstone\DeepfakeBench\datasets\rgb\FaceForensics++\manipulated_sequences\Deepfakes\c23\frames\974_953\025.png,974_953,1,train
C:\Capstone\DeepfakeBench\datasets\rgb\FaceForensics++\manipulated_sequences\Deepfakes\c23\frames\974_953\026.png,974_953,1,train
C:\Capstone\DeepfakeBench\datasets\rgb\FaceForensics++\manipulated_sequences\Deepfakes\c23\frames\974_953\027.png,974_953,1,train
C:\Capstone\DeepfakeBench\datasets\rgb\FaceForensics++\manipulated_sequences\Deepfakes\c23\frames\974_953\028.png,974_953,1,train
C:\Capstone\DeepfakeBench\datasets\rgb\FaceForensics++\manipulated_sequences\Deepfakes\c23\frames\974_953\029.png,974_953,1,train
C:\Capstone\DeepfakeBench\datasets\rgb\FaceForensics++\manipulated_sequences\Deepfakes\c23\frames\974_953\030.png,974_953,1,train
C:\Capstone\DeepfakeBench\datasets\rgb\FaceForensics++\manipulated_sequences\Deepfakes\c23\frames\974_953\031.png,974_953,1,train
C:\Capstone\DeepfakeBench\datasets\rgb\FaceForensics++\original_sequences\youtube\c23\frames\266\000.png,266,0,train
C:\Capstone\DeepfakeBench\datasets\rgb\FaceForensics++\original_sequences\youtube\c23\frames\266\001.png,266,0,train
C:\Capstone\DeepfakeBench\datasets\rgb\FaceForensics++\original_sequences\youtube\c23\frames\266\002.png,266,0,train
C:\Capstone\DeepfakeBench\datasets\rgb\FaceForensics++\original_sequences\youtube\c23\frames\266\003.png,266,0,train
C:\Capstone\DeepfakeBench\datasets\rgb\FaceForensics++\original_sequences\youtube\c23\frames\266\004.png,266,0,train
C:\Capstone\DeepfakeBench\datasets\rgb\FaceForensics++\original_sequences\youtube\c23\frames\266\005.png,266,0,train
C:\Capstone\DeepfakeBench\datasets\rgb\FaceForensics++\original_sequences\youtube\c23\frames\266\006.png,266,0,train
C:\Capstone\DeepfakeBench\datasets\rgb\FaceForensics++\original_sequences\youtube\c23\frames\266\007.png,266,0,train
C:\Capstone\DeepfakeBench\datasets\rgb\FaceForensics++\original_sequences\youtube\c23\frames\266\008.png,266,0,train
C:\Capstone\DeepfakeBench\datasets\rgb\FaceForensics++\original_sequences\youtube\c23\frames\266\009.png,266,0,train
C:\Capstone\DeepfakeBench\datasets\rgb\FaceForensics++\original_sequences\youtube\c23\frames\266\010.png,266,0,train
C:\Capstone\DeepfakeBench\datasets\rgb\FaceForensics++\original_sequences\youtube\c23\frames\266\011.png,266,0,train
C:\Capstone\DeepfakeBench\datasets\rgb\FaceForensics++\original_sequences\youtube\c23\frames\266\012.png,266,0,train
C:\Capstone\DeepfakeBench\datasets\rgb\FaceForensics++\original_sequences\youtube\c23\frames\266\013.png,266,0,train
C:\Capstone\DeepfakeBench\datasets\rgb\FaceForensics++\original_sequences\youtube\c23\frames\266\014.png,266,0,train
C:\Capstone\DeepfakeBench\datasets\rgb\FaceForensics++\original_sequences\youtube\c23\frames\266\015.png,266,0,train
C:\Capstone\DeepfakeBench\datasets\rgb\FaceForensics++\original_sequences\youtube\c23\frames\266\016.png,266,0,train
C:\Capstone\DeepfakeBench\datasets\rgb\FaceForensics++\original_sequences\youtube\c23\frames\266\017.png,266,0,train
C:\Capstone\DeepfakeBench\datasets\rgb\FaceForensics++\original_sequences\youtube\c23\frames\266\018.png,266,0,train
C:\Capstone\DeepfakeBench\datasets\rgb\FaceForensics++\original_sequences\youtube\c23\frames\266\019.png,266,0,train
C:\Capstone\DeepfakeBench\datasets\rgb\FaceForensics++\original_sequences\youtube\c23\frames\266\020.png,266,0,train
C:\Capstone\DeepfakeBench\datasets\rgb\FaceForensics++\original_sequences\youtube\c23\frames\266\021.png,266,0,train
C:\Capstone\DeepfakeBench\datasets\rgb\FaceForensics++\original_sequences\youtube\c23\frames\266\022.png,266,0,train
C:\Capstone\DeepfakeBench\datasets\rgb\FaceForensics++\original_sequences\youtube\c23\frames\266\023.png,266,0,train
C:\Capstone\DeepfakeBench\datasets\rgb\FaceForensics++\original_sequences\youtube\c23\frames\266\024.png,266,0,train
C:\Capstone\DeepfakeBench\datasets\rgb\FaceForensics++\original_sequences\youtube\c23\frames\266\025.png,266,0,train
C:\Capstone\DeepfakeBench\datasets\rgb\FaceForensics++\original_sequences\youtube\c23\frames\266\026.png,266,0,train
C:\Capstone\DeepfakeBench\datasets\rgb\FaceForensics++\original_sequences\youtube\c23\frames\266\027.png,266,0,train
C:\Capstone\DeepfakeBench\datasets\rgb\FaceForensics++\original_sequences\youtube\c23\frames\266\028.png,266,0,train
C:\Capstone\DeepfakeBench\datasets\rgb\FaceForensics++\original_sequences\youtube\c23\frames\266\029.png,266,0,train
C:\Capstone\DeepfakeBench\datasets\rgb\FaceForensics++\original_sequences\youtube\c23\frames\266\030.png,266,0,train
C:\Capstone\DeepfakeBench\datasets\rgb\FaceForensics++\original_sequences\youtube\c23\frames\266\031.png,266,0,train
C:\Capstone\DeepfakeBench\datasets\rgb\FaceForensics++\manipulated_sequences\Deepfakes\c23\frames\683_607\000.png,683_607,1,train
C:\Capstone\DeepfakeBench\datasets\rgb\FaceForensics++\manipulated_sequences\Deepfakes\c23\frames\683_607\001.png,683_607,1,train
C:\Capstone\DeepfakeBench\datasets\rgb\FaceForensics++\manipulated_sequences\Deepfakes\c23\frames\683_607\002.png,683_607,1,train
C:\Capstone\DeepfakeBench\datasets\rgb\FaceForensics++\manipulated_sequences\Deepfakes\c23\frames\683_607\003.png,683_607,1,train
C:\Capstone\DeepfakeBench\datasets\rgb\FaceForensics++\manipulated_sequences\Deepfakes\c23\frames\683_607\004.png,683_607,1,train
C:\Capstone\DeepfakeBench\datasets\rgb\FaceForensics++\manipulated_sequences\Deepfakes\c23\frames\683_607\005.png,683_607,1,train
C:\Capstone\DeepfakeBench\datasets\rgb\FaceForensics++\manipulated_sequences\Deepfakes\c23\frames\683_607\006.png,683_607,1,train
C:\Capstone\DeepfakeBench\datasets\rgb\FaceForensics++\manipulated_sequences\Deepfakes\c23\frames\683_607\007.png,683_607,1,train
C:\Capstone\DeepfakeBench\datasets\rgb\FaceForensics++\manipulated_sequences\Deepfakes\c23\frames\683_607\008.png,683_607,1,train
C:\Capstone\DeepfakeBench\datasets\rgb\FaceForensics++\manipulated_sequences\Deepfakes\c23\frames\683_607\009.png,683_607,1,train
C:\Capstone\DeepfakeBench\datasets\rgb\FaceForensics++\manipulated_sequences\Deepfakes\c23\frames\683_607\010.png,683_607,1,train
C:\Capstone\DeepfakeBench\datasets\rgb\FaceForensics++\manipulated_sequences\Deepfakes\c23\frames\683_607\011.png,683_607,1,train
C:\Capstone\DeepfakeBench\datasets\rgb\FaceForensics++\manipulated_sequences\Deepfakes\c23\frames\683_607\012.png,683_607,1,train
C:\Capstone\DeepfakeBench\datasets\rgb\FaceForensics++\manipulated_sequences\Deepfakes\c23\frames\683_607\013.png,683_607,1,train
C:\Capstone\DeepfakeBench\datasets\rgb\FaceForensics++\manipulated_sequences\Deepfakes\c23\frames\683_607\014.png,683_607,1,train
C:\Capstone\DeepfakeBench\datasets\rgb\FaceForensics++\manipulated_sequences\Deepfakes\c23\frames\683_607\015.png,683_607,1,train
C:\Capstone\DeepfakeBench\datasets\rgb\FaceForensics++\manipulated_sequences\Deepfakes\c23\frames\683_607\016.png,683_607,1,train
C:\Capstone\DeepfakeBench\datasets\rgb\FaceForensics++\manipulated_sequences\Deepfakes\c23\frames\683_607\017.png,683_607,1,train
C:\Capstone\DeepfakeBench\datasets\rgb\FaceForensics++\manipulated_sequences\Deepfakes\c23\frames\683_607\018.png,683_607,1,train
C:\Capstone\DeepfakeBench\datasets\rgb\FaceForensics++\manipulated_sequences\Deepfakes\c23\frames\683_607\019.png,683_607,1,train
C:\Capstone\DeepfakeBench\datasets\rgb\FaceForensics++\manipulated_sequences\Deepfakes\c23\frames\683_607\020.png,683_607,1,train
C:\Capstone\DeepfakeBench\datasets\rgb\FaceForensics++\manipulated_sequences\Deepfakes\c23\frames\683_607\021.png,683_607,1,train
C:\Capstone\DeepfakeBench\datasets\rgb\FaceForensics++\manipulated_sequences\Deepfakes\c23\frames\683_607\022.png,683_607,1,train
C:\Capstone\DeepfakeBench\datasets\rgb\FaceForensics++\manipulated_sequences\Deepfakes\c23\frames\683_607\023.png,683_607,1,train
C:\Capstone\DeepfakeBench\datasets\rgb\FaceForensics++\manipulated_sequences\Deepfakes\c23\frames\683_607\024.png,683_607,1,train
C:\Capstone\DeepfakeBench\datasets\rgb\FaceForensics++\manipulated_sequences\Deepfakes\c23\frames\683_607\025.png,683_607,1,train
C:\Capstone\DeepfakeBench\datasets\rgb\FaceForensics++\manipulated_sequences\Deepfakes\c23\frames\683_607\026.png,683_607,1,train
C:\Capstone\DeepfakeBench\datasets\rgb\FaceForensics++\manipulated_sequences\Deepfakes\c23\frames\683_607\027.png,683_607,1,train
C:\Capstone\DeepfakeBench\datasets\rgb\FaceForensics++\manipulated_sequences\Deepfakes\c23\frames\683_607\028.png,683_607,1,train
C:\Capstone\DeepfakeBench\datasets\rgb\FaceForensics++\manipulated_sequences\Deepfakes\c23\frames\683_607\029.png,683_607,1,train
C:\Capstone\DeepfakeBench\datasets\rgb\FaceForensics++\manipulated_sequences\Deepfakes\c23\frames\683_607\030.png,683_607,1,train
C:\Capstone\DeepfakeBench\datasets\rgb\FaceForensics++\manipulated_sequences\Deepfakes\c23\frames\683_607\031.png,683_607,1,train
C:\Capstone\DeepfakeBench\datasets\rgb\FaceForensics++\manipulated_sequences\Deepfakes\c23\frames\677_671\000.png,677_671,1,train
C:\Capstone\DeepfakeBench\datasets\rgb\FaceForensics++\manipulated_sequences\Deepfakes\c23\frames\677_671\001.png,677_671,1,train
C:\Capstone\DeepfakeBench\datasets\rgb\FaceForensics++\manipulated_sequences\Deepfakes\c23\frames\677_671\002.png,677_671,1,train
C:\Capstone\DeepfakeBench\datasets\rgb\FaceForensics++\manipulated_sequences\Deepfakes\c23\frames\677_671\003.png,677_671,1,train
C:\Capstone\DeepfakeBench\datasets\rgb\FaceForensics++\manipulated_sequences\Deepfakes\c23\frames\677_671\004.png,677_671,1,train
C:\Capstone\DeepfakeBench\datasets\rgb\FaceForensics++\manipulated_sequences\Deepfakes\c23\frames\677_671\005.png,677_671,1,train
C:\Capstone\DeepfakeBench\datasets\rgb\FaceForensics++\manipulated_sequences\Deepfakes\c23\frames\677_671\006.png,677_671,1,train
C:\Capstone\DeepfakeBench\datasets\rgb\FaceForensics++\manipulated_sequences\Deepfakes\c23\frames\677_671\007.png,677_671,1,train
C:\Capstone\DeepfakeBench\datasets\rgb\FaceForensics++\manipulated_sequences\Deepfakes\c23\frames\677_671\008.png,677_671,1,train
C:\Capstone\DeepfakeBench\datasets\rgb\FaceForensics++\manipulated_sequences\Deepfakes\c23\frames\677_671\009.png,677_671,1,train
C:\Capstone\DeepfakeBench\datasets\rgb\FaceForensics++\manipulated_sequences\Deepfakes\c23\frames\677_671\010.png,677_671,1,train
C:\Capstone\DeepfakeBench\datasets\rgb\FaceForensics++\manipulated_sequences\Deepfakes\c23\frames\677_671\011.png,677_671,1,train
C:\Capstone\DeepfakeBench\datasets\rgb\FaceForensics++\manipulated_sequences\Deepfakes\c23\frames\677_671\012.png,677_671,1,train
C:\Capstone\DeepfakeBench\datasets\rgb\FaceForensics++\manipulated_sequences\Deepfakes\c23\frames\677_671\013.png,677_671,1,train
C:\Capstone\DeepfakeBench\datasets\rgb\FaceForensics++\manipulated_sequences\Deepfakes\c23\frames\677_671\014.png,677_671,1,train
C:\Capstone\DeepfakeBench\datasets\rgb\FaceForensics++\manipulated_sequences\Deepfakes\c23\frames\677_671\015.png,677_671,1,train
C:\Capstone\DeepfakeBench\datasets\rgb\FaceForensics++\manipulated_sequences\Deepfakes\c23\frames\677_671\016.png,677_671,1,train
C:\Capstone\DeepfakeBench\datasets\rgb\FaceForensics++\manipulated_sequences\Deepfakes\c23\frames\677_671\017.png,677_671,1,train
C:\Capstone\DeepfakeBench\datasets\rgb\FaceForensics++\manipulated_sequences\Deepfakes\c23\frames\677_671\018.png,677_671,1,train
C:\Capstone\DeepfakeBench\datasets\rgb\FaceForensics++\manipulated_sequences\Deepfakes\c23\frames\677_671\019.png,677_671,1,train
C:\Capstone\DeepfakeBench\datasets\rgb\FaceForensics++\manipulated_sequences\Deepfakes\c23\frames\677_671\020.png,677_671,1,train
C:\Capstone\DeepfakeBench\datasets\rgb\FaceForensics++\manipulated_sequences\Deepfakes\c23\frames\677_671\021.png,677_671,1,train
C:\Capstone\DeepfakeBench\datasets\rgb\FaceForensics++\manipulated_sequences\Deepfakes\c23\frames\677_671\022.png,677_671,1,train
C:\Capstone\DeepfakeBench\datasets\rgb\FaceForensics++\manipulated_sequences\Deepfakes\c23\frames\677_671\023.png,677_671,1,train
C:\Capstone\DeepfakeBench\datasets\rgb\FaceForensics++\manipulated_sequences\Deepfakes\c23\frames\677_671\024.png,677_671,1,train
C:\Capstone\DeepfakeBench\datasets\rgb\FaceForensics++\manipulated_sequences\Deepfakes\c23\frames\677_671\025.png,677_671,1,train
C:\Capstone\DeepfakeBench\datasets\rgb\FaceForensics++\manipulated_sequences\Deepfakes\c23\frames\677_671\026.png,677_671,1,train
C:\Capstone\DeepfakeBench\datasets\rgb\FaceForensics++\manipulated_sequences\Deepfakes\c23\frames\677_671\027.png,677_671,1,train
C:\Capstone\DeepfakeBench\datasets\rgb\FaceForensics++\manipulated_sequences\Deepfakes\c23\frames\677_671\028.png,677_671,1,train
C:\Capstone\DeepfakeBench\datasets\rgb\FaceForensics++\manipulated_sequences\Deepfakes\c23\frames\677_671\029.png,677_671,1,train
C:\Capstone\DeepfakeBench\datasets\rgb\FaceForensics++\manipulated_sequences\Deepfakes\c23\frames\677_671\030.png,677_671,1,train
C:\Capstone\DeepfakeBench\datasets\rgb\FaceForensics++\manipulated_sequences\Deepfakes\c23\frames\677_671\031.png,677_671,1,train
C:\Capstone\DeepfakeBench\datasets\rgb\FaceForensics++\original_sequences\youtube\c23\frames\589\000.png,589,0,train
C:\Capstone\DeepfakeBench\datasets\rgb\FaceForensics++\original_sequences\youtube\c23\frames\589\001.png,589,0,train
C:\Capstone\DeepfakeBench\datasets\rgb\FaceForensics++\original_sequences\youtube\c23\frames\589\002.png,589,0,train
C:\Capstone\DeepfakeBench\datasets\rgb\FaceForensics++\original_sequences\youtube\c23\frames\589\003.png,589,0,train
C:\Capstone\DeepfakeBench\datasets\rgb\FaceForensics++\original_sequences\youtube\c23\frames\589\004.png,589,0,train
C:\Capstone\DeepfakeBench\datasets\rgb\FaceForensics++\original_sequences\youtube\c23\frames\589\005.png,589,0,train
C:\Capstone\DeepfakeBench\datasets\rgb\FaceForensics++\original_sequences\youtube\c23\frames\589\006.png,589,0,train
C:\Capstone\DeepfakeBench\datasets\rgb\FaceForensics++\original_sequences\youtube\c23\frames\589\007.png,589,0,train
C:\Capstone\DeepfakeBench\datasets\rgb\FaceForensics++\original_sequences\youtube\c23\frames\589\008.png,589,0,train
C:\Capstone\DeepfakeBench\datasets\rgb\FaceForensics++\original_sequences\youtube\c23\frames\589\009.png,589,0,train
C:\Capstone\DeepfakeBench\datasets\rgb\FaceForensics++\original_sequences\youtube\c23\frames\589\010.png,589,0,train
C:\Capstone\DeepfakeBench\datasets\rgb\FaceForensics++\original_sequences\youtube\c23\frames\589\011.png,589,0,train
C:\Capstone\DeepfakeBench\datasets\rgb\FaceForensics++\original_sequences\youtube\c23\frames\589\012.png,589,0,train
C:\Capstone\DeepfakeBench\datasets\rgb\FaceForensics++\original_sequences\youtube\c23\frames\589\013.png,589,0,train
C:\Capstone\DeepfakeBench\datasets\rgb\FaceForensics++\original_sequences\youtube\c23\frames\589\014.png,589,0,train
C:\Capstone\DeepfakeBench\datasets\rgb\FaceForensics++\original_sequences\youtube\c23\frames\589\015.png,589,0,train
C:\Capstone\DeepfakeBench\datasets\rgb\FaceForensics++\original_sequences\youtube\c23\frames\589\016.png,589,0,train
C:\Capstone\DeepfakeBench\datasets\rgb\FaceForensics++\original_sequences\youtube\c23\frames\589\017.png,589,0,train
C:\Capstone\DeepfakeBench\datasets\rgb\FaceForensics++\original_sequences\youtube\c23\frames\589\018.png,589,0,train
C:\Capstone\DeepfakeBench\datasets\rgb\FaceForensics++\original_sequences\youtube\c23\frames\589\019.png,589,0,train
C:\Capstone\DeepfakeBench\datasets\rgb\FaceForensics++\original_sequences\youtube\c23\frames\589\020.png,589,0,train
C:\Capstone\DeepfakeBench\datasets\rgb\FaceForensics++\original_sequences\youtube\c23\frames\589\021.png,589,0,train
C:\Capstone\DeepfakeBench\datasets\rgb\FaceForensics++\original_sequences\youtube\c23\frames\589\022.png,589,0,train
C:\Capstone\DeepfakeBench\datasets\rgb\FaceForensics++\original_sequences\youtube\c23\frames\589\023.png,589,0,train
C:\Capstone\DeepfakeBench\datasets\rgb\FaceForensics++\original_sequences\youtube\c23\frames\589\024.png,589,0,train
C:\Capstone\DeepfakeBench\datasets\rgb\FaceForensics++\original_sequences\youtube\c23\frames\589\025.png,589,0,train
C:\Capstone\DeepfakeBench\datasets\rgb\FaceForensics++\original_sequences\youtube\c23\frames\589\026.png,589,0,train
C:\Capstone\DeepfakeBench\datasets\rgb\FaceForensics++\original_sequences\youtube\c23\frames\589\027.png,589,0,train
C:\Capstone\DeepfakeBench\datasets\rgb\FaceForensics++\original_sequences\youtube\c23\frames\589\028.png,589,0,train
C:\Capstone\DeepfakeBench\datasets\rgb\FaceForensics++\original_sequences\youtube\c23\frames\589\029.png,589,0,train
C:\Capstone\DeepfakeBench\datasets\rgb\FaceForensics++\original_sequences\youtube\c23\frames\589\030.png,589,0,train
C:\Capstone\DeepfakeBench\datasets\rgb\FaceForensics++\original_sequences\youtube\c23\frames\589\031.png,589,0,train
C:\Capstone\DeepfakeBench\datasets\rgb\FaceForensics++\original_sequences\youtube\c23\frames\109\000.png,109,0,train
C:\Capstone\DeepfakeBench\datasets\rgb\FaceForensics++\original_sequences\youtube\c23\frames\109\001.png,109,0,train
C:\Capstone\DeepfakeBench\datasets\rgb\FaceForensics++\original_sequences\youtube\c23\frames\109\002.png,109,0,train
C:\Capstone\DeepfakeBench\datasets\rgb\FaceForensics++\original_sequences\youtube\c23\frames\109\003.png,109,0,train
C:\Capstone\DeepfakeBench\datasets\rgb\FaceForensics++\original_sequences\youtube\c23\frames\109\004.png,109,0,train
C:\Capstone\DeepfakeBench\datasets\rgb\FaceForensics++\original_sequences\youtube\c23\frames\109\005.png,109,0,train
C:\Capstone\DeepfakeBench\datasets\rgb\FaceForensics++\original_sequences\youtube\c23\frames\109\006.png,109,0,train
C:\Capstone\DeepfakeBench\datasets\rgb\FaceForensics++\original_sequences\youtube\c23\frames\109\007.png,109,0,train
C:\Capstone\DeepfakeBench\datasets\rgb\FaceForensics++\original_sequences\youtube\c23\frames\109\008.png,109,0,train
C:\Capstone\DeepfakeBench\datasets\rgb\FaceForensics++\original_sequences\youtube\c23\frames\109\009.png,109,0,train
C:\Capstone\DeepfakeBench\datasets\rgb\FaceForensics++\original_sequences\youtube\c23\frames\109\010.png,109,0,train
C:\Capstone\DeepfakeBench\datasets\rgb\FaceForensics++\original_sequences\youtube\c23\frames\109\011.png,109,0,train
C:\Capstone\DeepfakeBench\datasets\rgb\FaceForensics++\original_sequences\youtube\c23\frames\109\012.png,109,0,train
C:\Capstone\DeepfakeBench\datasets\rgb\FaceForensics++\original_sequences\youtube\c23\frames\109\013.png,109,0,train
C:\Capstone\DeepfakeBench\datasets\rgb\FaceForensics++\original_sequences\youtube\c23\frames\109\014.png,109,0,train
C:\Capstone\DeepfakeBench\datasets\rgb\FaceForensics++\original_sequences\youtube\c23\frames\109\015.png,109,0,train
C:\Capstone\DeepfakeBench\datasets\rgb\FaceForensics++\original_sequences\youtube\c23\frames\109\016.png,109,0,train
C:\Capstone\DeepfakeBench\datasets\rgb\FaceForensics++\original_sequences\youtube\c23\frames\109\017.png,109,0,train
C:\Capstone\DeepfakeBench\datasets\rgb\FaceForensics++\original_sequences\youtube\c23\frames\109\018.png,109,0,train
C:\Capstone\DeepfakeBench\datasets\rgb\FaceForensics++\original_sequences\youtube\c23\frames\109\019.png,109,0,train
C:\Capstone\DeepfakeBench\datasets\rgb\FaceForensics++\original_sequences\youtube\c23\frames\109\020.png,109,0,train
C:\Capstone\DeepfakeBench\datasets\rgb\FaceForensics++\original_sequences\youtube\c23\frames\109\021.png,109,0,train
C:\Capstone\DeepfakeBench\datasets\rgb\FaceForensics++\original_sequences\youtube\c23\frames\109\022.png,109,0,train
C:\Capstone\DeepfakeBench\datasets\rgb\FaceForensics++\original_sequences\youtube\c23\frames\109\023.png,109,0,train
C:\Capstone\DeepfakeBench\datasets\rgb\FaceForensics++\original_sequences\youtube\c23\frames\109\024.png,109,0,train
C:\Capstone\DeepfakeBench\datasets\rgb\FaceForensics++\original_sequences\youtube\c23\frames\109\025.png,109,0,train
C:\Capstone\DeepfakeBench\datasets\rgb\FaceForensics++\original_sequences\youtube\c23\frames\109\026.png,109,0,train
C:\Capstone\DeepfakeBench\datasets\rgb\FaceForensics++\original_sequences\youtube\c23\frames\109\027.png,109,0,train
C:\Capstone\DeepfakeBench\datasets\rgb\FaceForensics++\original_sequences\youtube\c23\frames\109\028.png,109,0,train
C:\Capstone\DeepfakeBench\datasets\rgb\FaceForensics++\original_sequences\youtube\c23\frames\109\029.png,109,0,train
C:\Capstone\DeepfakeBench\datasets\rgb\FaceForensics++\original_sequences\youtube\c23\frames\109\030.png,109,0,train
C:\Capstone\DeepfakeBench\datasets\rgb\FaceForensics++\original_sequences\youtube\c23\frames\109\031.png,109,0,train
C:\Capstone\DeepfakeBench\datasets\rgb\FaceForensics++\manipulated_sequences\Deepfakes\c23\frames\435_456\000.png,435_456,1,train
C:\Capstone\DeepfakeBench\datasets\rgb\FaceForensics++\manipulated_sequences\Deepfakes\c23\frames\435_456\001.png,435_456,1,train
C:\Capstone\DeepfakeBench\datasets\rgb\FaceForensics++\manipulated_sequences\Deepfakes\c23\frames\435_456\002.png,435_456,1,train
C:\Capstone\DeepfakeBench\datasets\rgb\FaceForensics++\manipulated_sequences\Deepfakes\c23\frames\435_456\003.png,435_456,1,train
C:\Capstone\DeepfakeBench\datasets\rgb\FaceForensics++\manipulated_sequences\Deepfakes\c23\frames\435_456\004.png,435_456,1,train
C:\Capstone\DeepfakeBench\datasets\rgb\FaceForensics++\manipulated_sequences\Deepfakes\c23\frames\435_456\005.png,435_456,1,train
C:\Capstone\DeepfakeBench\datasets\rgb\FaceForensics++\manipulated_sequences\Deepfakes\c23\frames\435_456\006.png,435_456,1,train
C:\Capstone\DeepfakeBench\datasets\rgb\FaceForensics++\manipulated_sequences\Deepfakes\c23\frames\435_456\007.png,435_456,1,train
C:\Capstone\DeepfakeBench\datasets\rgb\FaceForensics++\manipulated_sequences\Deepfakes\c23\frames\435_456\008.png,435_456,1,train
C:\Capstone\DeepfakeBench\datasets\rgb\FaceForensics++\manipulated_sequences\Deepfakes\c23\frames\435_456\009.png,435_456,1,train
C:\Capstone\DeepfakeBench\datasets\rgb\FaceForensics++\manipulated_sequences\Deepfakes\c23\frames\435_456\010.png,435_456,1,train
C:\Capstone\DeepfakeBench\datasets\rgb\FaceForensics++\manipulated_sequences\Deepfakes\c23\frames\435_456\011.png,435_456,1,train
C:\Capstone\DeepfakeBench\datasets\rgb\FaceForensics++\manipulated_sequences\Deepfakes\c23\frames\435_456\012.png,435_456,1,train
C:\Capstone\DeepfakeBench\datasets\rgb\FaceForensics++\manipulated_sequences\Deepfakes\c23\frames\435_456\013.png,435_456,1,train
C:\Capstone\DeepfakeBench\datasets\rgb\FaceForensics++\manipulated_sequences\Deepfakes\c23\frames\435_456\014.png,435_456,1,train
C:\Capstone\DeepfakeBench\datasets\rgb\FaceForensics++\manipulated_sequences\Deepfakes\c23\frames\435_456\015.png,435_456,1,train
C:\Capstone\DeepfakeBench\datasets\rgb\FaceForensics++\manipulated_sequences\Deepfakes\c23\frames\435_456\016.png,435_456,1,train
C:\Capstone\DeepfakeBench\datasets\rgb\FaceForensics++\manipulated_sequences\Deepfakes\c23\frames\435_456\017.png,435_456,1,train
C:\Capstone\DeepfakeBench\datasets\rgb\FaceForensics++\manipulated_sequences\Deepfakes\c23\frames\435_456\018.png,435_456,1,train
C:\Capstone\DeepfakeBench\datasets\rgb\FaceForensics++\manipulated_sequences\Deepfakes\c23\frames\435_456\019.png,435_456,1,train
C:\Capstone\DeepfakeBench\datasets\rgb\FaceForensics++\manipulated_sequences\Deepfakes\c23\frames\435_456\020.png,435_456,1,train
C:\Capstone\DeepfakeBench\datasets\rgb\FaceForensics++\manipulated_sequences\Deepfakes\c23\frames\435_456\021.png,435_456,1,train
C:\Capstone\DeepfakeBench\datasets\rgb\FaceForensics++\manipulated_sequences\Deepfakes\c23\frames\435_456\022.png,435_456,1,train
C:\Capstone\DeepfakeBench\datasets\rgb\FaceForensics++\manipulated_sequences\Deepfakes\c23\frames\435_456\023.png,435_456,1,train
C:\Capstone\DeepfakeBench\datasets\rgb\FaceForensics++\manipulated_sequences\Deepfakes\c23\frames\435_456\024.png,435_456,1,train
C:\Capstone\DeepfakeBench\datasets\rgb\FaceForensics++\manipulated_sequences\Deepfakes\c23\frames\435_456\025.png,435_456,1,train
C:\Capstone\DeepfakeBench\datasets\rgb\FaceForensics++\manipulated_sequences\Deepfakes\c23\frames\435_456\026.png,435_456,1,train
C:\Capstone\DeepfakeBench\datasets\rgb\FaceForensics++\manipulated_sequences\Deepfakes\c23\frames\435_456\027.png,435_456,1,train
C:\Capstone\DeepfakeBench\datasets\rgb\FaceForensics++\manipulated_sequences\Deepfakes\c23\frames\435_456\028.png,435_456,1,train
C:\Capstone\DeepfakeBench\datasets\rgb\FaceForensics++\manipulated_sequences\Deepfakes\c23\frames\435_456\029.png,435_456,1,train
C:\Capstone\DeepfakeBench\datasets\rgb\FaceForensics++\manipulated_sequences\Deepfakes\c23\frames\435_456\030.png,435_456,1,train
C:\Capstone\DeepfakeBench\datasets\rgb\FaceForensics++\manipulated_sequences\Deepfakes\c23\frames\435_456\031.png,435_456,1,train
C:\Capstone\DeepfakeBench\datasets\rgb\FaceForensics++\manipulated_sequences\Deepfakes\c23\frames\589_565\000.png,589_565,1,train
C:\Capstone\DeepfakeBench\datasets\rgb\FaceForensics++\manipulated_sequences\Deepfakes\c23\frames\589_565\001.png,589_565,1,train
C:\Capstone\DeepfakeBench\datasets\rgb\FaceForensics++\manipulated_sequences\Deepfakes\c23\frames\589_565\002.png,589_565,1,train
C:\Capstone\DeepfakeBench\datasets\rgb\FaceForensics++\manipulated_sequences\Deepfakes\c23\frames\589_565\003.png,589_565,1,train
C:\Capstone\DeepfakeBench\datasets\rgb\FaceForensics++\manipulated_sequences\Deepfakes\c23\frames\589_565\004.png,589_565,1,train
C:\Capstone\DeepfakeBench\datasets\rgb\FaceForensics++\manipulated_sequences\Deepfakes\c23\frames\589_565\005.png,589_565,1,train
C:\Capstone\DeepfakeBench\datasets\rgb\FaceForensics++\manipulated_sequences\Deepfakes\c23\frames\589_565\006.png,589_565,1,train
C:\Capstone\DeepfakeBench\datasets\rgb\FaceForensics++\manipulated_sequences\Deepfakes\c23\frames\589_565\007.png,589_565,1,train
C:\Capstone\DeepfakeBench\datasets\rgb\FaceForensics++\manipulated_sequences\Deepfakes\c23\frames\589_565\008.png,589_565,1,train
C:\Capstone\DeepfakeBench\datasets\rgb\FaceForensics++\manipulated_sequences\Deepfakes\c23\frames\589_565\009.png,589_565,1,train
C:\Capstone\DeepfakeBench\datasets\rgb\FaceForensics++\manipulated_sequences\Deepfakes\c23\frames\589_565\010.png,589_565,1,train
C:\Capstone\DeepfakeBench\datasets\rgb\FaceForensics++\manipulated_sequences\Deepfakes\c23\frames\589_565\011.png,589_565,1,train
C:\Capstone\DeepfakeBench\datasets\rgb\FaceForensics++\manipulated_sequences\Deepfakes\c23\frames\589_565\012.png,589_565,1,train
C:\Capstone\DeepfakeBench\datasets\rgb\FaceForensics++\manipulated_sequences\Deepfakes\c23\frames\589_565\013.png,589_565,1,train
C:\Capstone\DeepfakeBench\datasets\rgb\FaceForensics++\manipulated_sequences\Deepfakes\c23\frames\589_565\014.png,589_565,1,train
C:\Capstone\DeepfakeBench\datasets\rgb\FaceForensics++\manipulated_sequences\Deepfakes\c23\frames\589_565\015.png,589_565,1,train
C:\Capstone\DeepfakeBench\datasets\rgb\FaceForensics++\manipulated_sequences\Deepfakes\c23\frames\589_565\016.png,589_565,1,train
C:\Capstone\DeepfakeBench\datasets\rgb\FaceForensics++\manipulated_sequences\Deepfakes\c23\frames\589_565\017.png,589_565,1,train
C:\Capstone\DeepfakeBench\datasets\rgb\FaceForensics++\manipulated_sequences\Deepfakes\c23\frames\589_565\018.png,589_565,1,train
C:\Capstone\DeepfakeBench\datasets\rgb\FaceForensics++\manipulated_sequences\Deepfakes\c23\frames\589_565\019.png,589_565,1,train
C:\Capstone\DeepfakeBench\datasets\rgb\FaceForensics++\manipulated_sequences\Deepfakes\c23\frames\589_565\020.png,589_565,1,train
C:\Capstone\DeepfakeBench\datasets\rgb\FaceForensics++\manipulated_sequences\Deepfakes\c23\frames\589_565\021.png,589_565,1,train
C:\Capstone\DeepfakeBench\datasets\rgb\FaceForensics++\manipulated_sequences\Deepfakes\c23\frames\589_565\022.png,589_565,1,train
C:\Capstone\DeepfakeBench\datasets\rgb\FaceForensics++\manipulated_sequences\Deepfakes\c23\frames\589_565\023.png,589_565,1,train
C:\Capstone\DeepfakeBench\datasets\rgb\FaceForensics++\manipulated_sequences\Deepfakes\c23\frames\589_565\024.png,589_565,1,train
C:\Capstone\DeepfakeBench\datasets\rgb\FaceForensics++\manipulated_sequences\Deepfakes\c23\frames\589_565\025.png,589_565,1,train
C:\Capstone\DeepfakeBench\datasets\rgb\FaceForensics++\manipulated_sequences\Deepfakes\c23\frames\589_565\026.png,589_565,1,train
C:\Capstone\DeepfakeBench\datasets\rgb\FaceForensics++\manipulated_sequences\Deepfakes\c23\frames\589_565\027.png,589_565,1,train
C:\Capstone\DeepfakeBench\datasets\rgb\FaceForensics++\manipulated_sequences\Deepfakes\c23\frames\589_565\028.png,589_565,1,train
C:\Capstone\DeepfakeBench\datasets\rgb\FaceForensics++\manipulated_sequences\Deepfakes\c23\frames\589_565\029.png,589_565,1,train
C:\Capstone\DeepfakeBench\datasets\rgb\FaceForensics++\manipulated_sequences\Deepfakes\c23\frames\589_565\030.png,589_565,1,train
C:\Capstone\DeepfakeBench\datasets\rgb\FaceForensics++\manipulated_sequences\Deepfakes\c23\frames\589_565\031.png,589_565,1,train
C:\Capstone\DeepfakeBench\datasets\rgb\FaceForensics++\original_sequences\youtube\c23\frames\522\000.png,522,0,train
C:\Capstone\DeepfakeBench\datasets\rgb\FaceForensics++\original_sequences\youtube\c23\frames\522\001.png,522,0,train
C:\Capstone\DeepfakeBench\datasets\rgb\FaceForensics++\original_sequences\youtube\c23\frames\522\002.png,522,0,train
C:\Capstone\DeepfakeBench\datasets\rgb\FaceForensics++\original_sequences\youtube\c23\frames\522\003.png,522,0,train
C:\Capstone\DeepfakeBench\datasets\rgb\FaceForensics++\original_sequences\youtube\c23\frames\522\004.png,522,0,train
C:\Capstone\DeepfakeBench\datasets\rgb\FaceForensics++\original_sequences\youtube\c23\frames\522\005.png,522,0,train
C:\Capstone\DeepfakeBench\datasets\rgb\FaceForensics++\original_sequences\youtube\c23\frames\522\006.png,522,0,train
C:\Capstone\DeepfakeBench\datasets\rgb\FaceForensics++\original_sequences\youtube\c23\frames\522\007.png,522,0,train
C:\Capstone\DeepfakeBench\datasets\rgb\FaceForensics++\original_sequences\youtube\c23\frames\522\008.png,522,0,train
C:\Capstone\DeepfakeBench\datasets\rgb\FaceForensics++\original_sequences\youtube\c23\frames\522\009.png,522,0,train
C:\Capstone\DeepfakeBench\datasets\rgb\FaceForensics++\original_sequences\youtube\c23\frames\522\010.png,522,0,train
C:\Capstone\DeepfakeBench\datasets\rgb\FaceForensics++\original_sequences\youtube\c23\frames\522\011.png,522,0,train
C:\Capstone\DeepfakeBench\datasets\rgb\FaceForensics++\original_sequences\youtube\c23\frames\522\012.png,522,0,train
C:\Capstone\DeepfakeBench\datasets\rgb\FaceForensics++\original_sequences\youtube\c23\frames\522\013.png,522,0,train
C:\Capstone\DeepfakeBench\datasets\rgb\FaceForensics++\original_sequences\youtube\c23\frames\522\014.png,522,0,train
C:\Capstone\DeepfakeBench\datasets\rgb\FaceForensics++\original_sequences\youtube\c23\frames\522\015.png,522,0,train
C:\Capstone\DeepfakeBench\datasets\rgb\FaceForensics++\original_sequences\youtube\c23\frames\522\016.png,522,0,train
C:\Capstone\DeepfakeBench\datasets\rgb\FaceForensics++\original_sequences\youtube\c23\frames\522\017.png,522,0,train
C:\Capstone\DeepfakeBench\datasets\rgb\FaceForensics++\original_sequences\youtube\c23\frames\522\018.png,522,0,train
C:\Capstone\DeepfakeBench\datasets\rgb\FaceForensics++\original_sequences\youtube\c23\frames\522\019.png,522,0,train
C:\Capstone\DeepfakeBench\datasets\rgb\FaceForensics++\original_sequences\youtube\c23\frames\522\020.png,522,0,train
C:\Capstone\DeepfakeBench\datasets\rgb\FaceForensics++\original_sequences\youtube\c23\frames\522\021.png,522,0,train
C:\Capstone\DeepfakeBench\datasets\rgb\FaceForensics++\original_sequences\youtube\c23\frames\522\022.png,522,0,train
C:\Capstone\DeepfakeBench\datasets\rgb\FaceForensics++\original_sequences\youtube\c23\frames\522\023.png,522,0,train
C:\Capstone\DeepfakeBench\datasets\rgb\FaceForensics++\original_sequences\youtube\c23\frames\522\024.png,522,0,train
C:\Capstone\DeepfakeBench\datasets\rgb\FaceForensics++\original_sequences\youtube\c23\frames\522\025.png,522,0,train
C:\Capstone\DeepfakeBench\datasets\rgb\FaceForensics++\original_sequences\youtube\c23\frames\522\026.png,522,0,train
C:\Capstone\DeepfakeBench\datasets\rgb\FaceForensics++\original_sequences\youtube\c23\frames\522\027.png,522,0,train
C:\Capstone\DeepfakeBench\datasets\rgb\FaceForensics++\original_sequences\youtube\c23\frames\522\028.png,522,0,train
C:\Capstone\DeepfakeBench\datasets\rgb\FaceForensics++\original_sequences\youtube\c23\frames\522\029.png,522,0,train
C:\Capstone\DeepfakeBench\datasets\rgb\FaceForensics++\original_sequences\youtube\c23\frames\522\030.png,522,0,train
C:\Capstone\DeepfakeBench\datasets\rgb\FaceForensics++\original_sequences\youtube\c23\frames\522\031.png,522,0,train
C:\Capstone\DeepfakeBench\datasets\rgb\FaceForensics++\manipulated_sequences\Deepfakes\c23\frames\241_210\000.png,241_210,1,train
C:\Capstone\DeepfakeBench\datasets\rgb\FaceForensics++\manipulated_sequences\Deepfakes\c23\frames\241_210\001.png,241_210,1,train
C:\Capstone\DeepfakeBench\datasets\rgb\FaceForensics++\manipulated_sequences\Deepfakes\c23\frames\241_210\002.png,241_210,1,train
C:\Capstone\DeepfakeBench\datasets\rgb\FaceForensics++\manipulated_sequences\Deepfakes\c23\frames\241_210\003.png,241_210,1,train
C:\Capstone\DeepfakeBench\datasets\rgb\FaceForensics++\manipulated_sequences\Deepfakes\c23\frames\241_210\004.png,241_210,1,train
C:\Capstone\DeepfakeBench\datasets\rgb\FaceForensics++\manipulated_sequences\Deepfakes\c23\frames\241_210\005.png,241_210,1,train
C:\Capstone\DeepfakeBench\datasets\rgb\FaceForensics++\manipulated_sequences\Deepfakes\c23\frames\241_210\006.png,241_210,1,train
C:\Capstone\DeepfakeBench\datasets\rgb\FaceForensics++\manipulated_sequences\Deepfakes\c23\frames\241_210\007.png,241_210,1,train
C:\Capstone\DeepfakeBench\datasets\rgb\FaceForensics++\manipulated_sequences\Deepfakes\c23\frames\241_210\008.png,241_210,1,train
C:\Capstone\DeepfakeBench\datasets\rgb\FaceForensics++\manipulated_sequences\Deepfakes\c23\frames\241_210\009.png,241_210,1,train
C:\Capstone\DeepfakeBench\datasets\rgb\FaceForensics++\manipulated_sequences\Deepfakes\c23\frames\241_210\010.png,241_210,1,train
C:\Capstone\DeepfakeBench\datasets\rgb\FaceForensics++\manipulated_sequences\Deepfakes\c23\frames\241_210\011.png,241_210,1,train
C:\Capstone\DeepfakeBench\datasets\rgb\FaceForensics++\manipulated_sequences\Deepfakes\c23\frames\241_210\012.png,241_210,1,train
C:\Capstone\DeepfakeBench\datasets\rgb\FaceForensics++\manipulated_sequences\Deepfakes\c23\frames\241_210\013.png,241_210,1,train
C:\Capstone\DeepfakeBench\datasets\rgb\FaceForensics++\manipulated_sequences\Deepfakes\c23\frames\241_210\014.png,241_210,1,train
C:\Capstone\DeepfakeBench\datasets\rgb\FaceForensics++\manipulated_sequences\Deepfakes\c23\frames\241_210\015.png,241_210,1,train
C:\Capstone\DeepfakeBench\datasets\rgb\FaceForensics++\manipulated_sequences\Deepfakes\c23\frames\241_210\016.png,241_210,1,train
C:\Capstone\DeepfakeBench\datasets\rgb\FaceForensics++\manipulated_sequences\Deepfakes\c23\frames\241_210\017.png,241_210,1,train
C:\Capstone\DeepfakeBench\datasets\rgb\FaceForensics++\manipulated_sequences\Deepfakes\c23\frames\241_210\018.png,241_210,1,train
C:\Capstone\DeepfakeBench\datasets\rgb\FaceForensics++\manipulated_sequences\Deepfakes\c23\frames\241_210\019.png,241_210,1,train
C:\Capstone\DeepfakeBench\datasets\rgb\FaceForensics++\manipulated_sequences\Deepfakes\c23\frames\241_210\020.png,241_210,1,train
C:\Capstone\DeepfakeBench\datasets\rgb\FaceForensics++\manipulated_sequences\Deepfakes\c23\frames\241_210\021.png,241_210,1,train
C:\Capstone\DeepfakeBench\datasets\rgb\FaceForensics++\manipulated_sequences\Deepfakes\c23\frames\241_210\022.png,241_210,1,train
C:\Capstone\DeepfakeBench\datasets\rgb\FaceForensics++\manipulated_sequences\Deepfakes\c23\frames\241_210\023.png,241_210,1,train
C:\Capstone\DeepfakeBench\datasets\rgb\FaceForensics++\manipulated_sequences\Deepfakes\c23\frames\241_210\024.png,241_210,1,train
C:\Capstone\DeepfakeBench\datasets\rgb\FaceForensics++\manipulated_sequences\Deepfakes\c23\frames\241_210\025.png,241_210,1,train
C:\Capstone\DeepfakeBench\datasets\rgb\FaceForensics++\manipulated_sequences\Deepfakes\c23\frames\241_210\026.png,241_210,1,train
C:\Capstone\DeepfakeBench\datasets\rgb\FaceForensics++\manipulated_sequences\Deepfakes\c23\frames\241_210\027.png,241_210,1,train
C:\Capstone\DeepfakeBench\datasets\rgb\FaceForensics++\manipulated_sequences\Deepfakes\c23\frames\241_210\028.png,241_210,1,train
C:\Capstone\DeepfakeBench\datasets\rgb\FaceForensics++\manipulated_sequences\Deepfakes\c23\frames\241_210\029.png,241_210,1,train
C:\Capstone\DeepfakeBench\datasets\rgb\FaceForensics++\manipulated_sequences\Deepfakes\c23\frames\241_210\030.png,241_210,1,train
C:\Capstone\DeepfakeBench\datasets\rgb\FaceForensics++\manipulated_sequences\Deepfakes\c23\frames\241_210\031.png,241_210,1,train
C:\Capstone\DeepfakeBench\datasets\rgb\FaceForensics++\manipulated_sequences\Deepfakes\c23\frames\062_066\000.png,062_066,1,train
C:\Capstone\DeepfakeBench\datasets\rgb\FaceForensics++\manipulated_sequences\Deepfakes\c23\frames\062_066\001.png,062_066,1,train
C:\Capstone\DeepfakeBench\datasets\rgb\FaceForensics++\manipulated_sequences\Deepfakes\c23\frames\062_066\002.png,062_066,1,train
C:\Capstone\DeepfakeBench\datasets\rgb\FaceForensics++\manipulated_sequences\Deepfakes\c23\frames\062_066\003.png,062_066,1,train
C:\Capstone\DeepfakeBench\datasets\rgb\FaceForensics++\manipulated_sequences\Deepfakes\c23\frames\062_066\004.png,062_066,1,train
C:\Capstone\DeepfakeBench\datasets\rgb\FaceForensics++\manipulated_sequences\Deepfakes\c23\frames\062_066\005.png,062_066,1,train
C:\Capstone\DeepfakeBench\datasets\rgb\FaceForensics++\manipulated_sequences\Deepfakes\c23\frames\062_066\006.png,062_066,1,train
C:\Capstone\DeepfakeBench\datasets\rgb\FaceForensics++\manipulated_sequences\Deepfakes\c23\frames\062_066\007.png,062_066,1,train
C:\Capstone\DeepfakeBench\datasets\rgb\FaceForensics++\manipulated_sequences\Deepfakes\c23\frames\062_066\008.png,062_066,1,train
C:\Capstone\DeepfakeBench\datasets\rgb\FaceForensics++\manipulated_sequences\Deepfakes\c23\frames\062_066\009.png,062_066,1,train
C:\Capstone\DeepfakeBench\datasets\rgb\FaceForensics++\manipulated_sequences\Deepfakes\c23\frames\062_066\010.png,062_066,1,train
C:\Capstone\DeepfakeBench\datasets\rgb\FaceForensics++\manipulated_sequences\Deepfakes\c23\frames\062_066\011.png,062_066,1,train
C:\Capstone\DeepfakeBench\datasets\rgb\FaceForensics++\manipulated_sequences\Deepfakes\c23\frames\062_066\012.png,062_066,1,train
C:\Capstone\DeepfakeBench\datasets\rgb\FaceForensics++\manipulated_sequences\Deepfakes\c23\frames\062_066\013.png,062_066,1,train
C:\Capstone\DeepfakeBench\datasets\rgb\FaceForensics++\manipulated_sequences\Deepfakes\c23\frames\062_066\014.png,062_066,1,train
C:\Capstone\DeepfakeBench\datasets\rgb\FaceForensics++\manipulated_sequences\Deepfakes\c23\frames\062_066\015.png,062_066,1,train
C:\Capstone\DeepfakeBench\datasets\rgb\FaceForensics++\manipulated_sequences\Deepfakes\c23\frames\062_066\016.png,062_066,1,train
C:\Capstone\DeepfakeBench\datasets\rgb\FaceForensics++\manipulated_sequences\Deepfakes\c23\frames\062_066\017.png,062_066,1,train
C:\Capstone\DeepfakeBench\datasets\rgb\FaceForensics++\manipulated_sequences\Deepfakes\c23\frames\062_066\018.png,062_066,1,train
C:\Capstone\DeepfakeBench\datasets\rgb\FaceForensics++\manipulated_sequences\Deepfakes\c23\frames\062_066\019.png,062_066,1,train
C:\Capstone\DeepfakeBench\datasets\rgb\FaceForensics++\manipulated_sequences\Deepfakes\c23\frames\062_066\020.png,062_066,1,train
C:\Capstone\DeepfakeBench\datasets\rgb\FaceForensics++\manipulated_sequences\Deepfakes\c23\frames\062_066\021.png,062_066,1,train
C:\Capstone\DeepfakeBench\datasets\rgb\FaceForensics++\manipulated_sequences\Deepfakes\c23\frames\062_066\022.png,062_066,1,train
C:\Capstone\DeepfakeBench\datasets\rgb\FaceForensics++\manipulated_sequences\Deepfakes\c23\frames\062_066\023.png,062_066,1,train
C:\Capstone\DeepfakeBench\datasets\rgb\FaceForensics++\manipulated_sequences\Deepfakes\c23\frames\062_066\024.png,062_066,1,train
C:\Capstone\DeepfakeBench\datasets\rgb\FaceForensics++\manipulated_sequences\Deepfakes\c23\frames\062_066\025.png,062_066,1,train
C:\Capstone\DeepfakeBench\datasets\rgb\FaceForensics++\manipulated_sequences\Deepfakes\c23\frames\062_066\026.png,062_066,1,train
C:\Capstone\DeepfakeBench\datasets\rgb\FaceForensics++\manipulated_sequences\Deepfakes\c23\frames\062_066\027.png,062_066,1,train
C:\Capstone\DeepfakeBench\datasets\rgb\FaceForensics++\manipulated_sequences\Deepfakes\c23\frames\062_066\028.png,062_066,1,train
C:\Capstone\DeepfakeBench\datasets\rgb\FaceForensics++\manipulated_sequences\Deepfakes\c23\frames\062_066\029.png,062_066,1,train
C:\Capstone\DeepfakeBench\datasets\rgb\FaceForensics++\manipulated_sequences\Deepfakes\c23\frames\062_066\030.png,062_066,1,train
C:\Capstone\DeepfakeBench\datasets\rgb\FaceForensics++\manipulated_sequences\Deepfakes\c23\frames\062_066\031.png,062_066,1,train
C:\Capstone\DeepfakeBench\datasets\rgb\FaceForensics++\original_sequences\youtube\c23\frames\712\000.png,712,0,train
C:\Capstone\DeepfakeBench\datasets\rgb\FaceForensics++\original_sequences\youtube\c23\frames\712\001.png,712,0,train
C:\Capstone\DeepfakeBench\datasets\rgb\FaceForensics++\original_sequences\youtube\c23\frames\712\002.png,712,0,train
C:\Capstone\DeepfakeBench\datasets\rgb\FaceForensics++\original_sequences\youtube\c23\frames\712\003.png,712,0,train
C:\Capstone\DeepfakeBench\datasets\rgb\FaceForensics++\original_sequences\youtube\c23\frames\712\004.png,712,0,train
C:\Capstone\DeepfakeBench\datasets\rgb\FaceForensics++\original_sequences\youtube\c23\frames\712\005.png,712,0,train
C:\Capstone\DeepfakeBench\datasets\rgb\FaceForensics++\original_sequences\youtube\c23\frames\712\006.png,712,0,train
C:\Capstone\DeepfakeBench\datasets\rgb\FaceForensics++\original_sequences\youtube\c23\frames\712\007.png,712,0,train
C:\Capstone\DeepfakeBench\datasets\rgb\FaceForensics++\original_sequences\youtube\c23\frames\712\008.png,712,0,train
C:\Capstone\DeepfakeBench\datasets\rgb\FaceForensics++\original_sequences\youtube\c23\frames\712\009.png,712,0,train
C:\Capstone\DeepfakeBench\datasets\rgb\FaceForensics++\original_sequences\youtube\c23\frames\712\010.png,712,0,train
C:\Capstone\DeepfakeBench\datasets\rgb\FaceForensics++\original_sequences\youtube\c23\frames\712\011.png,712,0,train
C:\Capstone\DeepfakeBench\datasets\rgb\FaceForensics++\original_sequences\youtube\c23\frames\712\012.png,712,0,train
C:\Capstone\DeepfakeBench\datasets\rgb\FaceForensics++\original_sequences\youtube\c23\frames\712\013.png,712,0,train
C:\Capstone\DeepfakeBench\datasets\rgb\FaceForensics++\original_sequences\youtube\c23\frames\712\014.png,712,0,train
C:\Capstone\DeepfakeBench\datasets\rgb\FaceForensics++\original_sequences\youtube\c23\frames\712\015.png,712,0,train
C:\Capstone\DeepfakeBench\datasets\rgb\FaceForensics++\original_sequences\youtube\c23\frames\712\016.png,712,0,train
C:\Capstone\DeepfakeBench\datasets\rgb\FaceForensics++\original_sequences\youtube\c23\frames\712\017.png,712,0,train
C:\Capstone\DeepfakeBench\datasets\rgb\FaceForensics++\original_sequences\youtube\c23\frames\712\018.png,712,0,train
C:\Capstone\DeepfakeBench\datasets\rgb\FaceForensics++\original_sequences\youtube\c23\frames\712\019.png,712,0,train
C:\Capstone\DeepfakeBench\datasets\rgb\FaceForensics++\original_sequences\youtube\c23\frames\712\020.png,712,0,train
C:\Capstone\DeepfakeBench\datasets\rgb\FaceForensics++\original_sequences\youtube\c23\frames\712\021.png,712,0,train
C:\Capstone\DeepfakeBench\datasets\rgb\FaceForensics++\original_sequences\youtube\c23\frames\712\022.png,712,0,train
C:\Capstone\DeepfakeBench\datasets\rgb\FaceForensics++\original_sequences\youtube\c23\frames\712\023.png,712,0,train
C:\Capstone\DeepfakeBench\datasets\rgb\FaceForensics++\original_sequences\youtube\c23\frames\712\024.png,712,0,train
C:\Capstone\DeepfakeBench\datasets\rgb\FaceForensics++\original_sequences\youtube\c23\frames\712\025.png,712,0,train
C:\Capstone\DeepfakeBench\datasets\rgb\FaceForensics++\original_sequences\youtube\c23\frames\712\026.png,712,0,train
C:\Capstone\DeepfakeBench\datasets\rgb\FaceForensics++\original_sequences\youtube\c23\frames\712\027.png,712,0,train
C:\Capstone\DeepfakeBench\datasets\rgb\FaceForensics++\original_sequences\youtube\c23\frames\712\028.png,712,0,train
C:\Capstone\DeepfakeBench\datasets\rgb\FaceForensics++\original_sequences\youtube\c23\frames\712\029.png,712,0,train
C:\Capstone\DeepfakeBench\datasets\rgb\FaceForensics++\original_sequences\youtube\c23\frames\712\030.png,712,0,train
C:\Capstone\DeepfakeBench\datasets\rgb\FaceForensics++\original_sequences\youtube\c23\frames\712\031.png,712,0,train
C:\Capstone\DeepfakeBench\datasets\rgb\FaceForensics++\manipulated_sequences\Deepfakes\c23\frames\147_055\000.png,147_055,1,train
C:\Capstone\DeepfakeBench\datasets\rgb\FaceForensics++\manipulated_sequences\Deepfakes\c23\frames\147_055\001.png,147_055,1,train
C:\Capstone\DeepfakeBench\datasets\rgb\FaceForensics++\manipulated_sequences\Deepfakes\c23\frames\147_055\002.png,147_055,1,train
C:\Capstone\DeepfakeBench\datasets\rgb\FaceForensics++\manipulated_sequences\Deepfakes\c23\frames\147_055\003.png,147_055,1,train
C:\Capstone\DeepfakeBench\datasets\rgb\FaceForensics++\manipulated_sequences\Deepfakes\c23\frames\147_055\004.png,147_055,1,train
C:\Capstone\DeepfakeBench\datasets\rgb\FaceForensics++\manipulated_sequences\Deepfakes\c23\frames\147_055\005.png,147_055,1,train
C:\Capstone\DeepfakeBench\datasets\rgb\FaceForensics++\manipulated_sequences\Deepfakes\c23\frames\147_055\006.png,147_055,1,train
C:\Capstone\DeepfakeBench\datasets\rgb\FaceForensics++\manipulated_sequences\Deepfakes\c23\frames\147_055\007.png,147_055,1,train
C:\Capstone\DeepfakeBench\datasets\rgb\FaceForensics++\manipulated_sequences\Deepfakes\c23\frames\147_055\008.png,147_055,1,train
C:\Capstone\DeepfakeBench\datasets\rgb\FaceForensics++\manipulated_sequences\Deepfakes\c23\frames\147_055\009.png,147_055,1,train
C:\Capstone\DeepfakeBench\datasets\rgb\FaceForensics++\manipulated_sequences\Deepfakes\c23\frames\147_055\010.png,147_055,1,train
C:\Capstone\DeepfakeBench\datasets\rgb\FaceForensics++\manipulated_sequences\Deepfakes\c23\frames\147_055\011.png,147_055,1,train
C:\Capstone\DeepfakeBench\datasets\rgb\FaceForensics++\manipulated_sequences\Deepfakes\c23\frames\147_055\012.png,147_055,1,train
C:\Capstone\DeepfakeBench\datasets\rgb\FaceForensics++\manipulated_sequences\Deepfakes\c23\frames\147_055\013.png,147_055,1,train
C:\Capstone\DeepfakeBench\datasets\rgb\FaceForensics++\manipulated_sequences\Deepfakes\c23\frames\147_055\014.png,147_055,1,train
C:\Capstone\DeepfakeBench\datasets\rgb\FaceForensics++\manipulated_sequences\Deepfakes\c23\frames\147_055\015.png,147_055,1,train
C:\Capstone\DeepfakeBench\datasets\rgb\FaceForensics++\manipulated_sequences\Deepfakes\c23\frames\147_055\016.png,147_055,1,train
C:\Capstone\DeepfakeBench\datasets\rgb\FaceForensics++\manipulated_sequences\Deepfakes\c23\frames\147_055\017.png,147_055,1,train
C:\Capstone\DeepfakeBench\datasets\rgb\FaceForensics++\manipulated_sequences\Deepfakes\c23\frames\147_055\018.png,147_055,1,train
C:\Capstone\DeepfakeBench\datasets\rgb\FaceForensics++\manipulated_sequences\Deepfakes\c23\frames\147_055\019.png,147_055,1,train
C:\Capstone\DeepfakeBench\datasets\rgb\FaceForensics++\manipulated_sequences\Deepfakes\c23\frames\147_055\020.png,147_055,1,train
C:\Capstone\DeepfakeBench\datasets\rgb\FaceForensics++\manipulated_sequences\Deepfakes\c23\frames\147_055\021.png,147_055,1,train
C:\Capstone\DeepfakeBench\datasets\rgb\FaceForensics++\manipulated_sequences\Deepfakes\c23\frames\147_055\022.png,147_055,1,train
C:\Capstone\DeepfakeBench\datasets\rgb\FaceForensics++\manipulated_sequences\Deepfakes\c23\frames\147_055\023.png,147_055,1,train
C:\Capstone\DeepfakeBench\datasets\rgb\FaceForensics++\manipulated_sequences\Deepfakes\c23\frames\147_055\024.png,147_055,1,train
C:\Capstone\DeepfakeBench\datasets\rgb\FaceForensics++\manipulated_sequences\Deepfakes\c23\frames\147_055\025.png,147_055,1,train
C:\Capstone\DeepfakeBench\datasets\rgb\FaceForensics++\manipulated_sequences\Deepfakes\c23\frames\147_055\026.png,147_055,1,train
C:\Capstone\DeepfakeBench\datasets\rgb\FaceForensics++\manipulated_sequences\Deepfakes\c23\frames\147_055\027.png,147_055,1,train
C:\Capstone\DeepfakeBench\datasets\rgb\FaceForensics++\manipulated_sequences\Deepfakes\c23\frames\147_055\028.png,147_055,1,train
C:\Capstone\DeepfakeBench\datasets\rgb\FaceForensics++\manipulated_sequences\Deepfakes\c23\frames\147_055\029.png,147_055,1,train
C:\Capstone\DeepfakeBench\datasets\rgb\FaceForensics++\manipulated_sequences\Deepfakes\c23\frames\147_055\030.png,147_055,1,train
C:\Capstone\DeepfakeBench\datasets\rgb\FaceForensics++\manipulated_sequences\Deepfakes\c23\frames\147_055\031.png,147_055,1,train
C:\Capstone\DeepfakeBench\datasets\rgb\FaceForensics++\manipulated_sequences\Deepfakes\c23\frames\055_147\000.png,055_147,1,train
C:\Capstone\DeepfakeBench\datasets\rgb\FaceForensics++\manipulated_sequences\Deepfakes\c23\frames\055_147\001.png,055_147,1,train
C:\Capstone\DeepfakeBench\datasets\rgb\FaceForensics++\manipulated_sequences\Deepfakes\c23\frames\055_147\002.png,055_147,1,train
C:\Capstone\DeepfakeBench\datasets\rgb\FaceForensics++\manipulated_sequences\Deepfakes\c23\frames\055_147\003.png,055_147,1,train
C:\Capstone\DeepfakeBench\datasets\rgb\FaceForensics++\manipulated_sequences\Deepfakes\c23\frames\055_147\004.png,055_147,1,train
C:\Capstone\DeepfakeBench\datasets\rgb\FaceForensics++\manipulated_sequences\Deepfakes\c23\frames\055_147\005.png,055_147,1,train
C:\Capstone\DeepfakeBench\datasets\rgb\FaceForensics++\manipulated_sequences\Deepfakes\c23\frames\055_147\006.png,055_147,1,train
C:\Capstone\DeepfakeBench\datasets\rgb\FaceForensics++\manipulated_sequences\Deepfakes\c23\frames\055_147\007.png,055_147,1,train
C:\Capstone\DeepfakeBench\datasets\rgb\FaceForensics++\manipulated_sequences\Deepfakes\c23\frames\055_147\008.png,055_147,1,train
C:\Capstone\DeepfakeBench\datasets\rgb\FaceForensics++\manipulated_sequences\Deepfakes\c23\frames\055_147\009.png,055_147,1,train
C:\Capstone\DeepfakeBench\datasets\rgb\FaceForensics++\manipulated_sequences\Deepfakes\c23\frames\055_147\010.png,055_147,1,train
C:\Capstone\DeepfakeBench\datasets\rgb\FaceForensics++\manipulated_sequences\Deepfakes\c23\frames\055_147\011.png,055_147,1,train
C:\Capstone\DeepfakeBench\datasets\rgb\FaceForensics++\manipulated_sequences\Deepfakes\c23\frames\055_147\012.png,055_147,1,train
C:\Capstone\DeepfakeBench\datasets\rgb\FaceForensics++\manipulated_sequences\Deepfakes\c23\frames\055_147\013.png,055_147,1,train
C:\Capstone\DeepfakeBench\datasets\rgb\FaceForensics++\manipulated_sequences\Deepfakes\c23\frames\055_147\014.png,055_147,1,train
C:\Capstone\DeepfakeBench\datasets\rgb\FaceForensics++\manipulated_sequences\Deepfakes\c23\frames\055_147\015.png,055_147,1,train
C:\Capstone\DeepfakeBench\datasets\rgb\FaceForensics++\manipulated_sequences\Deepfakes\c23\frames\055_147\016.png,055_147,1,train
C:\Capstone\DeepfakeBench\datasets\rgb\FaceForensics++\manipulated_sequences\Deepfakes\c23\frames\055_147\017.png,055_147,1,train
C:\Capstone\DeepfakeBench\datasets\rgb\FaceForensics++\manipulated_sequences\Deepfakes\c23\frames\055_147\018.png,055_147,1,train
C:\Capstone\DeepfakeBench\datasets\rgb\FaceForensics++\manipulated_sequences\Deepfakes\c23\frames\055_147\019.png,055_147,1,train
C:\Capstone\DeepfakeBench\datasets\rgb\FaceForensics++\manipulated_sequences\Deepfakes\c23\frames\055_147\020.png,055_147,1,train
C:\Capstone\DeepfakeBench\datasets\rgb\FaceForensics++\manipulated_sequences\Deepfakes\c23\frames\055_147\021.png,055_147,1,train
C:\Capstone\DeepfakeBench\datasets\rgb\FaceForensics++\manipulated_sequences\Deepfakes\c23\frames\055_147\022.png,055_147,1,train
C:\Capstone\DeepfakeBench\datasets\rgb\FaceForensics++\manipulated_sequences\Deepfakes\c23\frames\055_147\023.png,055_147,1,train
C:\Capstone\DeepfakeBench\datasets\rgb\FaceForensics++\manipulated_sequences\Deepfakes\c23\frames\055_147\024.png,055_147,1,train
C:\Capstone\DeepfakeBench\datasets\rgb\FaceForensics++\manipulated_sequences\Deepfakes\c23\frames\055_147\025.png,055_147,1,train
C:\Capstone\DeepfakeBench\datasets\rgb\FaceForensics++\manipulated_sequences\Deepfakes\c23\frames\055_147\026.png,055_147,1,train
C:\Capstone\DeepfakeBench\datasets\rgb\FaceForensics++\manipulated_sequences\Deepfakes\c23\frames\055_147\027.png,055_147,1,train
C:\Capstone\DeepfakeBench\datasets\rgb\FaceForensics++\manipulated_sequences\Deepfakes\c23\frames\055_147\028.png,055_147,1,train
C:\Capstone\DeepfakeBench\datasets\rgb\FaceForensics++\manipulated_sequences\Deepfakes\c23\frames\055_147\029.png,055_147,1,train
C:\Capstone\DeepfakeBench\datasets\rgb\FaceForensics++\manipulated_sequences\Deepfakes\c23\frames\055_147\030.png,055_147,1,train
C:\Capstone\DeepfakeBench\datasets\rgb\FaceForensics++\manipulated_sequences\Deepfakes\c23\frames\055_147\031.png,055_147,1,train
C:\Capstone\DeepfakeBench\datasets\rgb\FaceForensics++\original_sequences\youtube\c23\frames\974\000.png,974,0,train
C:\Capstone\DeepfakeBench\datasets\rgb\FaceForensics++\original_sequences\youtube\c23\frames\974\001.png,974,0,train
C:\Capstone\DeepfakeBench\datasets\rgb\FaceForensics++\original_sequences\youtube\c23\frames\974\002.png,974,0,train
C:\Capstone\DeepfakeBench\datasets\rgb\FaceForensics++\original_sequences\youtube\c23\frames\974\003.png,974,0,train
C:\Capstone\DeepfakeBench\datasets\rgb\FaceForensics++\original_sequences\youtube\c23\frames\974\004.png,974,0,train
C:\Capstone\DeepfakeBench\datasets\rgb\FaceForensics++\original_sequences\youtube\c23\frames\974\005.png,974,0,train
C:\Capstone\DeepfakeBench\datasets\rgb\FaceForensics++\original_sequences\youtube\c23\frames\974\006.png,974,0,train
C:\Capstone\DeepfakeBench\datasets\rgb\FaceForensics++\original_sequences\youtube\c23\frames\974\007.png,974,0,train
C:\Capstone\DeepfakeBench\datasets\rgb\FaceForensics++\original_sequences\youtube\c23\frames\974\008.png,974,0,train
C:\Capstone\DeepfakeBench\datasets\rgb\FaceForensics++\original_sequences\youtube\c23\frames\974\009.png,974,0,train
C:\Capstone\DeepfakeBench\datasets\rgb\FaceForensics++\original_sequences\youtube\c23\frames\974\010.png,974,0,train
C:\Capstone\DeepfakeBench\datasets\rgb\FaceForensics++\original_sequences\youtube\c23\frames\974\011.png,974,0,train
C:\Capstone\DeepfakeBench\datasets\rgb\FaceForensics++\original_sequences\youtube\c23\frames\974\012.png,974,0,train
C:\Capstone\DeepfakeBench\datasets\rgb\FaceForensics++\original_sequences\youtube\c23\frames\974\013.png,974,0,train
C:\Capstone\DeepfakeBench\datasets\rgb\FaceForensics++\original_sequences\youtube\c23\frames\974\014.png,974,0,train
C:\Capstone\DeepfakeBench\datasets\rgb\FaceForensics++\original_sequences\youtube\c23\frames\974\015.png,974,0,train
C:\Capstone\DeepfakeBench\datasets\rgb\FaceForensics++\original_sequences\youtube\c23\frames\974\016.png,974,0,train
C:\Capstone\DeepfakeBench\datasets\rgb\FaceForensics++\original_sequences\youtube\c23\frames\974\017.png,974,0,train
C:\Capstone\DeepfakeBench\datasets\rgb\FaceForensics++\original_sequences\youtube\c23\frames\974\018.png,974,0,train
C:\Capstone\DeepfakeBench\datasets\rgb\FaceForensics++\original_sequences\youtube\c23\frames\974\019.png,974,0,train
C:\Capstone\DeepfakeBench\datasets\rgb\FaceForensics++\original_sequences\youtube\c23\frames\974\020.png,974,0,train
C:\Capstone\DeepfakeBench\datasets\rgb\FaceForensics++\original_sequences\youtube\c23\frames\974\021.png,974,0,train
C:\Capstone\DeepfakeBench\datasets\rgb\FaceForensics++\original_sequences\youtube\c23\frames\974\022.png,974,0,train
C:\Capstone\DeepfakeBench\datasets\rgb\FaceForensics++\original_sequences\youtube\c23\frames\974\023.png,974,0,train
C:\Capstone\DeepfakeBench\datasets\rgb\FaceForensics++\original_sequences\youtube\c23\frames\974\024.png,974,0,train
C:\Capstone\DeepfakeBench\datasets\rgb\FaceForensics++\original_sequences\youtube\c23\frames\974\025.png,974,0,train
C:\Capstone\DeepfakeBench\datasets\rgb\FaceForensics++\original_sequences\youtube\c23\frames\974\026.png,974,0,train
C:\Capstone\DeepfakeBench\datasets\rgb\FaceForensics++\original_sequences\youtube\c23\frames\974\027.png,974,0,train
C:\Capstone\DeepfakeBench\datasets\rgb\FaceForensics++\original_sequences\youtube\c23\frames\974\028.png,974,0,train
C:\Capstone\DeepfakeBench\datasets\rgb\FaceForensics++\original_sequences\youtube\c23\frames\974\029.png,974,0,train
C:\Capstone\DeepfakeBench\datasets\rgb\FaceForensics++\original_sequences\youtube\c23\frames\974\030.png,974,0,train
C:\Capstone\DeepfakeBench\datasets\rgb\FaceForensics++\original_sequences\youtube\c23\frames\974\031.png,974,0,train
C:\Capstone\DeepfakeBench\datasets\rgb\FaceForensics++\manipulated_sequences\Deepfakes\c23\frames\044_945\000.png,044_945,1,train
C:\Capstone\DeepfakeBench\datasets\rgb\FaceForensics++\manipulated_sequences\Deepfakes\c23\frames\044_945\001.png,044_945,1,train
C:\Capstone\DeepfakeBench\datasets\rgb\FaceForensics++\manipulated_sequences\Deepfakes\c23\frames\044_945\002.png,044_945,1,train
C:\Capstone\DeepfakeBench\datasets\rgb\FaceForensics++\manipulated_sequences\Deepfakes\c23\frames\044_945\003.png,044_945,1,train
C:\Capstone\DeepfakeBench\datasets\rgb\FaceForensics++\manipulated_sequences\Deepfakes\c23\frames\044_945\004.png,044_945,1,train
C:\Capstone\DeepfakeBench\datasets\rgb\FaceForensics++\manipulated_sequences\Deepfakes\c23\frames\044_945\005.png,044_945,1,train
C:\Capstone\DeepfakeBench\datasets\rgb\FaceForensics++\manipulated_sequences\Deepfakes\c23\frames\044_945\006.png,044_945,1,train
C:\Capstone\DeepfakeBench\datasets\rgb\FaceForensics++\manipulated_sequences\Deepfakes\c23\frames\044_945\007.png,044_945,1,train
C:\Capstone\DeepfakeBench\datasets\rgb\FaceForensics++\manipulated_sequences\Deepfakes\c23\frames\044_945\008.png,044_945,1,train
C:\Capstone\DeepfakeBench\datasets\rgb\FaceForensics++\manipulated_sequences\Deepfakes\c23\frames\044_945\009.png,044_945,1,train
C:\Capstone\DeepfakeBench\datasets\rgb\FaceForensics++\manipulated_sequences\Deepfakes\c23\frames\044_945\010.png,044_945,1,train
C:\Capstone\DeepfakeBench\datasets\rgb\FaceForensics++\manipulated_sequences\Deepfakes\c23\frames\044_945\011.png,044_945,1,train
C:\Capstone\DeepfakeBench\datasets\rgb\FaceForensics++\manipulated_sequences\Deepfakes\c23\frames\044_945\012.png,044_945,1,train
C:\Capstone\DeepfakeBench\datasets\rgb\FaceForensics++\manipulated_sequences\Deepfakes\c23\frames\044_945\013.png,044_945,1,train
C:\Capstone\DeepfakeBench\datasets\rgb\FaceForensics++\manipulated_sequences\Deepfakes\c23\frames\044_945\014.png,044_945,1,train
C:\Capstone\DeepfakeBench\datasets\rgb\FaceForensics++\manipulated_sequences\Deepfakes\c23\frames\044_945\015.png,044_945,1,train
C:\Capstone\DeepfakeBench\datasets\rgb\FaceForensics++\manipulated_sequences\Deepfakes\c23\frames\044_945\016.png,044_945,1,train
C:\Capstone\DeepfakeBench\datasets\rgb\FaceForensics++\manipulated_sequences\Deepfakes\c23\frames\044_945\017.png,044_945,1,train
C:\Capstone\DeepfakeBench\datasets\rgb\FaceForensics++\manipulated_sequences\Deepfakes\c23\frames\044_945\018.png,044_945,1,train
C:\Capstone\DeepfakeBench\datasets\rgb\FaceForensics++\manipulated_sequences\Deepfakes\c23\frames\044_945\019.png,044_945,1,train
C:\Capstone\DeepfakeBench\datasets\rgb\FaceForensics++\manipulated_sequences\Deepfakes\c23\frames\044_945\020.png,044_945,1,train
C:\Capstone\DeepfakeBench\datasets\rgb\FaceForensics++\manipulated_sequences\Deepfakes\c23\frames\044_945\021.png,044_945,1,train
C:\Capstone\DeepfakeBench\datasets\rgb\FaceForensics++\manipulated_sequences\Deepfakes\c23\frames\044_945\022.png,044_945,1,train
C:\Capstone\DeepfakeBench\datasets\rgb\FaceForensics++\manipulated_sequences\Deepfakes\c23\frames\044_945\023.png,044_945,1,train
C:\Capstone\DeepfakeBench\datasets\rgb\FaceForensics++\manipulated_sequences\Deepfakes\c23\frames\044_945\024.png,044_945,1,train
C:\Capstone\DeepfakeBench\datasets\rgb\FaceForensics++\manipulated_sequences\Deepfakes\c23\frames\044_945\025.png,044_945,1,train
C:\Capstone\DeepfakeBench\datasets\rgb\FaceForensics++\manipulated_sequences\Deepfakes\c23\frames\044_945\026.png,044_945,1,train
C:\Capstone\DeepfakeBench\datasets\rgb\FaceForensics++\manipulated_sequences\Deepfakes\c23\frames\044_945\027.png,044_945,1,train
C:\Capstone\DeepfakeBench\datasets\rgb\FaceForensics++\manipulated_sequences\Deepfakes\c23\frames\044_945\028.png,044_945,1,train
C:\Capstone\DeepfakeBench\datasets\rgb\FaceForensics++\manipulated_sequences\Deepfakes\c23\frames\044_945\029.png,044_945,1,train
C:\Capstone\DeepfakeBench\datasets\rgb\FaceForensics++\manipulated_sequences\Deepfakes\c23\frames\044_945\030.png,044_945,1,train
C:\Capstone\DeepfakeBench\datasets\rgb\FaceForensics++\manipulated_sequences\Deepfakes\c23\frames\044_945\031.png,044_945,1,train
C:\Capstone\DeepfakeBench\datasets\rgb\FaceForensics++\manipulated_sequences\Deepfakes\c23\frames\437_360\000.png,437_360,1,train
C:\Capstone\DeepfakeBench\datasets\rgb\FaceForensics++\manipulated_sequences\Deepfakes\c23\frames\437_360\001.png,437_360,1,train
C:\Capstone\DeepfakeBench\datasets\rgb\FaceForensics++\manipulated_sequences\Deepfakes\c23\frames\437_360\002.png,437_360,1,train
C:\Capstone\DeepfakeBench\datasets\rgb\FaceForensics++\manipulated_sequences\Deepfakes\c23\frames\437_360\003.png,437_360,1,train
C:\Capstone\DeepfakeBench\datasets\rgb\FaceForensics++\manipulated_sequences\Deepfakes\c23\frames\437_360\004.png,437_360,1,train
C:\Capstone\DeepfakeBench\datasets\rgb\FaceForensics++\manipulated_sequences\Deepfakes\c23\frames\437_360\005.png,437_360,1,train
C:\Capstone\DeepfakeBench\datasets\rgb\FaceForensics++\manipulated_sequences\Deepfakes\c23\frames\437_360\006.png,437_360,1,train
C:\Capstone\DeepfakeBench\datasets\rgb\FaceForensics++\manipulated_sequences\Deepfakes\c23\frames\437_360\007.png,437_360,1,train
C:\Capstone\DeepfakeBench\datasets\rgb\FaceForensics++\manipulated_sequences\Deepfakes\c23\frames\437_360\008.png,437_360,1,train
C:\Capstone\DeepfakeBench\datasets\rgb\FaceForensics++\manipulated_sequences\Deepfakes\c23\frames\437_360\009.png,437_360,1,train
C:\Capstone\DeepfakeBench\datasets\rgb\FaceForensics++\manipulated_sequences\Deepfakes\c23\frames\437_360\010.png,437_360,1,train
C:\Capstone\DeepfakeBench\datasets\rgb\FaceForensics++\manipulated_sequences\Deepfakes\c23\frames\437_360\011.png,437_360,1,train
C:\Capstone\DeepfakeBench\datasets\rgb\FaceForensics++\manipulated_sequences\Deepfakes\c23\frames\437_360\012.png,437_360,1,train
C:\Capstone\DeepfakeBench\datasets\rgb\FaceForensics++\manipulated_sequences\Deepfakes\c23\frames\437_360\013.png,437_360,1,train
C:\Capstone\DeepfakeBench\datasets\rgb\FaceForensics++\manipulated_sequences\Deepfakes\c23\frames\437_360\014.png,437_360,1,train
C:\Capstone\DeepfakeBench\datasets\rgb\FaceForensics++\manipulated_sequences\Deepfakes\c23\frames\437_360\015.png,437_360,1,train
C:\Capstone\DeepfakeBench\datasets\rgb\FaceForensics++\manipulated_sequences\Deepfakes\c23\frames\437_360\016.png,437_360,1,train
C:\Capstone\DeepfakeBench\datasets\rgb\FaceForensics++\manipulated_sequences\Deepfakes\c23\frames\437_360\017.png,437_360,1,train
C:\Capstone\DeepfakeBench\datasets\rgb\FaceForensics++\manipulated_sequences\Deepfakes\c23\frames\437_360\018.png,437_360,1,train
C:\Capstone\DeepfakeBench\datasets\rgb\FaceForensics++\manipulated_sequences\Deepfakes\c23\frames\437_360\019.png,437_360,1,train
C:\Capstone\DeepfakeBench\datasets\rgb\FaceForensics++\manipulated_sequences\Deepfakes\c23\frames\437_360\020.png,437_360,1,train
C:\Capstone\DeepfakeBench\datasets\rgb\FaceForensics++\manipulated_sequences\Deepfakes\c23\frames\437_360\021.png,437_360,1,train
C:\Capstone\DeepfakeBench\datasets\rgb\FaceForensics++\manipulated_sequences\Deepfakes\c23\frames\437_360\022.png,437_360,1,train
C:\Capstone\DeepfakeBench\datasets\rgb\FaceForensics++\manipulated_sequences\Deepfakes\c23\frames\437_360\023.png,437_360,1,train
C:\Capstone\DeepfakeBench\datasets\rgb\FaceForensics++\manipulated_sequences\Deepfakes\c23\frames\437_360\024.png,437_360,1,train
C:\Capstone\DeepfakeBench\datasets\rgb\FaceForensics++\manipulated_sequences\Deepfakes\c23\frames\437_360\025.png,437_360,1,train
C:\Capstone\DeepfakeBench\datasets\rgb\FaceForensics++\manipulated_sequences\Deepfakes\c23\frames\437_360\026.png,437_360,1,train
C:\Capstone\DeepfakeBench\datasets\rgb\FaceForensics++\manipulated_sequences\Deepfakes\c23\frames\437_360\027.png,437_360,1,train
C:\Capstone\DeepfakeBench\datasets\rgb\FaceForensics++\manipulated_sequences\Deepfakes\c23\frames\437_360\028.png,437_360,1,train
C:\Capstone\DeepfakeBench\datasets\rgb\FaceForensics++\manipulated_sequences\Deepfakes\c23\frames\437_360\029.png,437_360,1,train
C:\Capstone\DeepfakeBench\datasets\rgb\FaceForensics++\manipulated_sequences\Deepfakes\c23\frames\437_360\030.png,437_360,1,train
C:\Capstone\DeepfakeBench\datasets\rgb\FaceForensics++\manipulated_sequences\Deepfakes\c23\frames\437_360\031.png,437_360,1,train
C:\Capstone\DeepfakeBench\datasets\rgb\FaceForensics++\original_sequences\youtube\c23\frames\434\000.png,434,0,train
C:\Capstone\DeepfakeBench\datasets\rgb\FaceForensics++\original_sequences\youtube\c23\frames\434\001.png,434,0,train
C:\Capstone\DeepfakeBench\datasets\rgb\FaceForensics++\original_sequences\youtube\c23\frames\434\002.png,434,0,train
C:\Capstone\DeepfakeBench\datasets\rgb\FaceForensics++\original_sequences\youtube\c23\frames\434\003.png,434,0,train
C:\Capstone\DeepfakeBench\datasets\rgb\FaceForensics++\original_sequences\youtube\c23\frames\434\004.png,434,0,train
C:\Capstone\DeepfakeBench\datasets\rgb\FaceForensics++\original_sequences\youtube\c23\frames\434\005.png,434,0,train
C:\Capstone\DeepfakeBench\datasets\rgb\FaceForensics++\original_sequences\youtube\c23\frames\434\006.png,434,0,train
C:\Capstone\DeepfakeBench\datasets\rgb\FaceForensics++\original_sequences\youtube\c23\frames\434\007.png,434,0,train
C:\Capstone\DeepfakeBench\datasets\rgb\FaceForensics++\original_sequences\youtube\c23\frames\434\008.png,434,0,train
C:\Capstone\DeepfakeBench\datasets\rgb\FaceForensics++\original_sequences\youtube\c23\frames\434\009.png,434,0,train
C:\Capstone\DeepfakeBench\datasets\rgb\FaceForensics++\original_sequences\youtube\c23\frames\434\010.png,434,0,train
C:\Capstone\DeepfakeBench\datasets\rgb\FaceForensics++\original_sequences\youtube\c23\frames\434\011.png,434,0,train
C:\Capstone\DeepfakeBench\datasets\rgb\FaceForensics++\original_sequences\youtube\c23\frames\434\012.png,434,0,train
C:\Capstone\DeepfakeBench\datasets\rgb\FaceForensics++\original_sequences\youtube\c23\frames\434\013.png,434,0,train
C:\Capstone\DeepfakeBench\datasets\rgb\FaceForensics++\original_sequences\youtube\c23\frames\434\014.png,434,0,train
C:\Capstone\DeepfakeBench\datasets\rgb\FaceForensics++\original_sequences\youtube\c23\frames\434\015.png,434,0,train
C:\Capstone\DeepfakeBench\datasets\rgb\FaceForensics++\original_sequences\youtube\c23\frames\434\016.png,434,0,train
C:\Capstone\DeepfakeBench\datasets\rgb\FaceForensics++\original_sequences\youtube\c23\frames\434\017.png,434,0,train
C:\Capstone\DeepfakeBench\datasets\rgb\FaceForensics++\original_sequences\youtube\c23\frames\434\018.png,434,0,train
C:\Capstone\DeepfakeBench\datasets\rgb\FaceForensics++\original_sequences\youtube\c23\frames\434\019.png,434,0,train
C:\Capstone\DeepfakeBench\datasets\rgb\FaceForensics++\original_sequences\youtube\c23\frames\434\020.png,434,0,train
C:\Capstone\DeepfakeBench\datasets\rgb\FaceForensics++\original_sequences\youtube\c23\frames\434\021.png,434,0,train
C:\Capstone\DeepfakeBench\datasets\rgb\FaceForensics++\original_sequences\youtube\c23\frames\434\022.png,434,0,train
C:\Capstone\DeepfakeBench\datasets\rgb\FaceForensics++\original_sequences\youtube\c23\frames\434\023.png,434,0,train
C:\Capstone\DeepfakeBench\datasets\rgb\FaceForensics++\original_sequences\youtube\c23\frames\434\024.png,434,0,train
C:\Capstone\DeepfakeBench\datasets\rgb\FaceForensics++\original_sequences\youtube\c23\frames\434\025.png,434,0,train
C:\Capstone\DeepfakeBench\datasets\rgb\FaceForensics++\original_sequences\youtube\c23\frames\434\026.png,434,0,train
C:\Capstone\DeepfakeBench\datasets\rgb\FaceForensics++\original_sequences\youtube\c23\frames\434\027.png,434,0,train
C:\Capstone\DeepfakeBench\datasets\rgb\FaceForensics++\original_sequences\youtube\c23\frames\434\028.png,434,0,train
C:\Capstone\DeepfakeBench\datasets\rgb\FaceForensics++\original_sequences\youtube\c23\frames\434\029.png,434,0,train
C:\Capstone\DeepfakeBench\datasets\rgb\FaceForensics++\original_sequences\youtube\c23\frames\434\030.png,434,0,train
C:\Capstone\DeepfakeBench\datasets\rgb\FaceForensics++\original_sequences\youtube\c23\frames\033\000.png,033,0,train
C:\Capstone\DeepfakeBench\datasets\rgb\FaceForensics++\original_sequences\youtube\c23\frames\033\001.png,033,0,train
C:\Capstone\DeepfakeBench\datasets\rgb\FaceForensics++\original_sequences\youtube\c23\frames\033\002.png,033,0,train
C:\Capstone\DeepfakeBench\datasets\rgb\FaceForensics++\original_sequences\youtube\c23\frames\033\003.png,033,0,train
C:\Capstone\DeepfakeBench\datasets\rgb\FaceForensics++\original_sequences\youtube\c23\frames\033\004.png,033,0,train
C:\Capstone\DeepfakeBench\datasets\rgb\FaceForensics++\original_sequences\youtube\c23\frames\033\005.png,033,0,train
C:\Capstone\DeepfakeBench\datasets\rgb\FaceForensics++\original_sequences\youtube\c23\frames\033\006.png,033,0,train
C:\Capstone\DeepfakeBench\datasets\rgb\FaceForensics++\original_sequences\youtube\c23\frames\033\007.png,033,0,train
C:\Capstone\DeepfakeBench\datasets\rgb\FaceForensics++\original_sequences\youtube\c23\frames\033\008.png,033,0,train
C:\Capstone\DeepfakeBench\datasets\rgb\FaceForensics++\original_sequences\youtube\c23\frames\033\009.png,033,0,train
C:\Capstone\DeepfakeBench\datasets\rgb\FaceForensics++\original_sequences\youtube\c23\frames\033\010.png,033,0,train
C:\Capstone\DeepfakeBench\datasets\rgb\FaceForensics++\original_sequences\youtube\c23\frames\033\011.png,033,0,train
C:\Capstone\DeepfakeBench\datasets\rgb\FaceForensics++\original_sequences\youtube\c23\frames\033\012.png,033,0,train
C:\Capstone\DeepfakeBench\datasets\rgb\FaceForensics++\original_sequences\youtube\c23\frames\033\013.png,033,0,train
C:\Capstone\DeepfakeBench\datasets\rgb\FaceForensics++\original_sequences\youtube\c23\frames\033\014.png,033,0,train
C:\Capstone\DeepfakeBench\datasets\rgb\FaceForensics++\original_sequences\youtube\c23\frames\033\015.png,033,0,train
C:\Capstone\DeepfakeBench\datasets\rgb\FaceForensics++\original_sequences\youtube\c23\frames\033\016.png,033,0,train
C:\Capstone\DeepfakeBench\datasets\rgb\FaceForensics++\original_sequences\youtube\c23\frames\033\017.png,033,0,train
C:\Capstone\DeepfakeBench\datasets\rgb\FaceForensics++\original_sequences\youtube\c23\frames\033\018.png,033,0,train
C:\Capstone\DeepfakeBench\datasets\rgb\FaceForensics++\original_sequences\youtube\c23\frames\033\019.png,033,0,train
C:\Capstone\DeepfakeBench\datasets\rgb\FaceForensics++\original_sequences\youtube\c23\frames\033\020.png,033,0,train
C:\Capstone\DeepfakeBench\datasets\rgb\FaceForensics++\original_sequences\youtube\c23\frames\033\021.png,033,0,train
C:\Capstone\DeepfakeBench\datasets\rgb\FaceForensics++\original_sequences\youtube\c23\frames\033\022.png,033,0,train
C:\Capstone\DeepfakeBench\datasets\rgb\FaceForensics++\original_sequences\youtube\c23\frames\033\023.png,033,0,train
C:\Capstone\DeepfakeBench\datasets\rgb\FaceForensics++\original_sequences\youtube\c23\frames\033\024.png,033,0,train
C:\Capstone\DeepfakeBench\datasets\rgb\FaceForensics++\original_sequences\youtube\c23\frames\033\025.png,033,0,train
C:\Capstone\DeepfakeBench\datasets\rgb\FaceForensics++\original_sequences\youtube\c23\frames\033\026.png,033,0,train
C:\Capstone\DeepfakeBench\datasets\rgb\FaceForensics++\original_sequences\youtube\c23\frames\033\027.png,033,0,train
C:\Capstone\DeepfakeBench\datasets\rgb\FaceForensics++\original_sequences\youtube\c23\frames\033\028.png,033,0,train
C:\Capstone\DeepfakeBench\datasets\rgb\FaceForensics++\original_sequences\youtube\c23\frames\033\029.png,033,0,train
C:\Capstone\DeepfakeBench\datasets\rgb\FaceForensics++\original_sequences\youtube\c23\frames\033\030.png,033,0,train
C:\Capstone\DeepfakeBench\datasets\rgb\FaceForensics++\original_sequences\youtube\c23\frames\033\031.png,033,0,train
C:\Capstone\DeepfakeBench\datasets\rgb\FaceForensics++\manipulated_sequences\Deepfakes\c23\frames\599_585\000.png,599_585,1,train
C:\Capstone\DeepfakeBench\datasets\rgb\FaceForensics++\manipulated_sequences\Deepfakes\c23\frames\599_585\001.png,599_585,1,train
C:\Capstone\DeepfakeBench\datasets\rgb\FaceForensics++\manipulated_sequences\Deepfakes\c23\frames\599_585\002.png,599_585,1,train
C:\Capstone\DeepfakeBench\datasets\rgb\FaceForensics++\manipulated_sequences\Deepfakes\c23\frames\599_585\003.png,599_585,1,train
C:\Capstone\DeepfakeBench\datasets\rgb\FaceForensics++\manipulated_sequences\Deepfakes\c23\frames\599_585\004.png,599_585,1,train
C:\Capstone\DeepfakeBench\datasets\rgb\FaceForensics++\manipulated_sequences\Deepfakes\c23\frames\599_585\005.png,599_585,1,train
C:\Capstone\DeepfakeBench\datasets\rgb\FaceForensics++\manipulated_sequences\Deepfakes\c23\frames\599_585\006.png,599_585,1,train
C:\Capstone\DeepfakeBench\datasets\rgb\FaceForensics++\manipulated_sequences\Deepfakes\c23\frames\599_585\007.png,599_585,1,train
C:\Capstone\DeepfakeBench\datasets\rgb\FaceForensics++\manipulated_sequences\Deepfakes\c23\frames\599_585\008.png,599_585,1,train
C:\Capstone\DeepfakeBench\datasets\rgb\FaceForensics++\manipulated_sequences\Deepfakes\c23\frames\599_585\009.png,599_585,1,train
C:\Capstone\DeepfakeBench\datasets\rgb\FaceForensics++\manipulated_sequences\Deepfakes\c23\frames\599_585\010.png,599_585,1,train
C:\Capstone\DeepfakeBench\datasets\rgb\FaceForensics++\manipulated_sequences\Deepfakes\c23\frames\599_585\011.png,599_585,1,train
C:\Capstone\DeepfakeBench\datasets\rgb\FaceForensics++\manipulated_sequences\Deepfakes\c23\frames\599_585\012.png,599_585,1,train
C:\Capstone\DeepfakeBench\datasets\rgb\FaceForensics++\manipulated_sequences\Deepfakes\c23\frames\599_585\013.png,599_585,1,train
C:\Capstone\DeepfakeBench\datasets\rgb\FaceForensics++\manipulated_sequences\Deepfakes\c23\frames\599_585\014.png,599_585,1,train
C:\Capstone\DeepfakeBench\datasets\rgb\FaceForensics++\manipulated_sequences\Deepfakes\c23\frames\599_585\015.png,599_585,1,train
C:\Capstone\DeepfakeBench\datasets\rgb\FaceForensics++\manipulated_sequences\Deepfakes\c23\frames\599_585\016.png,599_585,1,train
C:\Capstone\DeepfakeBench\datasets\rgb\FaceForensics++\manipulated_sequences\Deepfakes\c23\frames\599_585\017.png,599_585,1,train
C:\Capstone\DeepfakeBench\datasets\rgb\FaceForensics++\manipulated_sequences\Deepfakes\c23\frames\599_585\018.png,599_585,1,train
C:\Capstone\DeepfakeBench\datasets\rgb\FaceForensics++\manipulated_sequences\Deepfakes\c23\frames\599_585\019.png,599_585,1,train
C:\Capstone\DeepfakeBench\datasets\rgb\FaceForensics++\manipulated_sequences\Deepfakes\c23\frames\599_585\020.png,599_585,1,train
C:\Capstone\DeepfakeBench\datasets\rgb\FaceForensics++\manipulated_sequences\Deepfakes\c23\frames\599_585\021.png,599_585,1,train
C:\Capstone\DeepfakeBench\datasets\rgb\FaceForensics++\manipulated_sequences\Deepfakes\c23\frames\599_585\022.png,599_585,1,train
C:\Capstone\DeepfakeBench\datasets\rgb\FaceForensics++\manipulated_sequences\Deepfakes\c23\frames\599_585\023.png,599_585,1,train
C:\Capstone\DeepfakeBench\datasets\rgb\FaceForensics++\manipulated_sequences\Deepfakes\c23\frames\599_585\024.png,599_585,1,train
C:\Capstone\DeepfakeBench\datasets\rgb\FaceForensics++\manipulated_sequences\Deepfakes\c23\frames\599_585\025.png,599_585,1,train
C:\Capstone\DeepfakeBench\datasets\rgb\FaceForensics++\manipulated_sequences\Deepfakes\c23\frames\599_585\026.png,599_585,1,train
C:\Capstone\DeepfakeBench\datasets\rgb\FaceForensics++\manipulated_sequences\Deepfakes\c23\frames\599_585\027.png,599_585,1,train
C:\Capstone\DeepfakeBench\datasets\rgb\FaceForensics++\manipulated_sequences\Deepfakes\c23\frames\599_585\028.png,599_585,1,train
C:\Capstone\DeepfakeBench\datasets\rgb\FaceForensics++\manipulated_sequences\Deepfakes\c23\frames\599_585\029.png,599_585,1,train
C:\Capstone\DeepfakeBench\datasets\rgb\FaceForensics++\manipulated_sequences\Deepfakes\c23\frames\599_585\030.png,599_585,1,train
C:\Capstone\DeepfakeBench\datasets\rgb\FaceForensics++\manipulated_sequences\Deepfakes\c23\frames\599_585\031.png,599_585,1,train
C:\Capstone\DeepfakeBench\datasets\rgb\FaceForensics++\manipulated_sequences\Deepfakes\c23\frames\945_044\000.png,945_044,1,train
C:\Capstone\DeepfakeBench\datasets\rgb\FaceForensics++\manipulated_sequences\Deepfakes\c23\frames\945_044\001.png,945_044,1,train
C:\Capstone\DeepfakeBench\datasets\rgb\FaceForensics++\manipulated_sequences\Deepfakes\c23\frames\945_044\002.png,945_044,1,train
C:\Capstone\DeepfakeBench\datasets\rgb\FaceForensics++\manipulated_sequences\Deepfakes\c23\frames\945_044\003.png,945_044,1,train
C:\Capstone\DeepfakeBench\datasets\rgb\FaceForensics++\manipulated_sequences\Deepfakes\c23\frames\945_044\004.png,945_044,1,train
C:\Capstone\DeepfakeBench\datasets\rgb\FaceForensics++\manipulated_sequences\Deepfakes\c23\frames\945_044\005.png,945_044,1,train
C:\Capstone\DeepfakeBench\datasets\rgb\FaceForensics++\manipulated_sequences\Deepfakes\c23\frames\945_044\006.png,945_044,1,train
C:\Capstone\DeepfakeBench\datasets\rgb\FaceForensics++\manipulated_sequences\Deepfakes\c23\frames\945_044\007.png,945_044,1,train
C:\Capstone\DeepfakeBench\datasets\rgb\FaceForensics++\manipulated_sequences\Deepfakes\c23\frames\945_044\008.png,945_044,1,train
C:\Capstone\DeepfakeBench\datasets\rgb\FaceForensics++\manipulated_sequences\Deepfakes\c23\frames\945_044\009.png,945_044,1,train
C:\Capstone\DeepfakeBench\datasets\rgb\FaceForensics++\manipulated_sequences\Deepfakes\c23\frames\945_044\010.png,945_044,1,train
C:\Capstone\DeepfakeBench\datasets\rgb\FaceForensics++\manipulated_sequences\Deepfakes\c23\frames\945_044\011.png,945_044,1,train
C:\Capstone\DeepfakeBench\datasets\rgb\FaceForensics++\manipulated_sequences\Deepfakes\c23\frames\945_044\012.png,945_044,1,train
C:\Capstone\DeepfakeBench\datasets\rgb\FaceForensics++\manipulated_sequences\Deepfakes\c23\frames\945_044\013.png,945_044,1,train
C:\Capstone\DeepfakeBench\datasets\rgb\FaceForensics++\manipulated_sequences\Deepfakes\c23\frames\945_044\014.png,945_044,1,train
C:\Capstone\DeepfakeBench\datasets\rgb\FaceForensics++\manipulated_sequences\Deepfakes\c23\frames\945_044\015.png,945_044,1,train
C:\Capstone\DeepfakeBench\datasets\rgb\FaceForensics++\manipulated_sequences\Deepfakes\c23\frames\945_044\016.png,945_044,1,train
C:\Capstone\DeepfakeBench\datasets\rgb\FaceForensics++\manipulated_sequences\Deepfakes\c23\frames\945_044\017.png,945_044,1,train
C:\Capstone\DeepfakeBench\datasets\rgb\FaceForensics++\manipulated_sequences\Deepfakes\c23\frames\945_044\018.png,945_044,1,train
C:\Capstone\DeepfakeBench\datasets\rgb\FaceForensics++\manipulated_sequences\Deepfakes\c23\frames\945_044\019.png,945_044,1,train
C:\Capstone\DeepfakeBench\datasets\rgb\FaceForensics++\manipulated_sequences\Deepfakes\c23\frames\945_044\020.png,945_044,1,train
C:\Capstone\DeepfakeBench\datasets\rgb\FaceForensics++\manipulated_sequences\Deepfakes\c23\frames\945_044\021.png,945_044,1,train
C:\Capstone\DeepfakeBench\datasets\rgb\FaceForensics++\manipulated_sequences\Deepfakes\c23\frames\945_044\022.png,945_044,1,train
C:\Capstone\DeepfakeBench\datasets\rgb\FaceForensics++\manipulated_sequences\Deepfakes\c23\frames\945_044\023.png,945_044,1,train
C:\Capstone\DeepfakeBench\datasets\rgb\FaceForensics++\manipulated_sequences\Deepfakes\c23\frames\945_044\024.png,945_044,1,train
C:\Capstone\DeepfakeBench\datasets\rgb\FaceForensics++\manipulated_sequences\Deepfakes\c23\frames\945_044\025.png,945_044,1,train
C:\Capstone\DeepfakeBench\datasets\rgb\FaceForensics++\manipulated_sequences\Deepfakes\c23\frames\945_044\026.png,945_044,1,train
C:\Capstone\DeepfakeBench\datasets\rgb\FaceForensics++\manipulated_sequences\Deepfakes\c23\frames\945_044\027.png,945_044,1,train
C:\Capstone\DeepfakeBench\datasets\rgb\FaceForensics++\manipulated_sequences\Deepfakes\c23\frames\945_044\028.png,945_044,1,train
C:\Capstone\DeepfakeBench\datasets\rgb\FaceForensics++\manipulated_sequences\Deepfakes\c23\frames\945_044\029.png,945_044,1,train
C:\Capstone\DeepfakeBench\datasets\rgb\FaceForensics++\manipulated_sequences\Deepfakes\c23\frames\945_044\030.png,945_044,1,train
C:\Capstone\DeepfakeBench\datasets\rgb\FaceForensics++\manipulated_sequences\Deepfakes\c23\frames\945_044\031.png,945_044,1,train
C:\Capstone\DeepfakeBench\datasets\rgb\FaceForensics++\original_sequences\youtube\c23\frames\159\000.png,159,0,train
C:\Capstone\DeepfakeBench\datasets\rgb\FaceForensics++\original_sequences\youtube\c23\frames\159\001.png,159,0,train
C:\Capstone\DeepfakeBench\datasets\rgb\FaceForensics++\original_sequences\youtube\c23\frames\159\002.png,159,0,train
C:\Capstone\DeepfakeBench\datasets\rgb\FaceForensics++\original_sequences\youtube\c23\frames\159\003.png,159,0,train
C:\Capstone\DeepfakeBench\datasets\rgb\FaceForensics++\original_sequences\youtube\c23\frames\159\004.png,159,0,train
C:\Capstone\DeepfakeBench\datasets\rgb\FaceForensics++\original_sequences\youtube\c23\frames\159\005.png,159,0,train
C:\Capstone\DeepfakeBench\datasets\rgb\FaceForensics++\original_sequences\youtube\c23\frames\159\006.png,159,0,train
C:\Capstone\DeepfakeBench\datasets\rgb\FaceForensics++\original_sequences\youtube\c23\frames\159\007.png,159,0,train
C:\Capstone\DeepfakeBench\datasets\rgb\FaceForensics++\original_sequences\youtube\c23\frames\159\008.png,159,0,train
C:\Capstone\DeepfakeBench\datasets\rgb\FaceForensics++\original_sequences\youtube\c23\frames\159\009.png,159,0,train
C:\Capstone\DeepfakeBench\datasets\rgb\FaceForensics++\original_sequences\youtube\c23\frames\159\010.png,159,0,train
C:\Capstone\DeepfakeBench\datasets\rgb\FaceForensics++\original_sequences\youtube\c23\frames\159\011.png,159,0,train
C:\Capstone\DeepfakeBench\datasets\rgb\FaceForensics++\original_sequences\youtube\c23\frames\159\012.png,159,0,train
C:\Capstone\DeepfakeBench\datasets\rgb\FaceForensics++\original_sequences\youtube\c23\frames\159\013.png,159,0,train
C:\Capstone\DeepfakeBench\datasets\rgb\FaceForensics++\original_sequences\youtube\c23\frames\159\014.png,159,0,train
C:\Capstone\DeepfakeBench\datasets\rgb\FaceForensics++\original_sequences\youtube\c23\frames\159\015.png,159,0,train
C:\Capstone\DeepfakeBench\datasets\rgb\FaceForensics++\original_sequences\youtube\c23\frames\159\016.png,159,0,train
C:\Capstone\DeepfakeBench\datasets\rgb\FaceForensics++\original_sequences\youtube\c23\frames\159\017.png,159,0,train
C:\Capstone\DeepfakeBench\datasets\rgb\FaceForensics++\original_sequences\youtube\c23\frames\159\018.png,159,0,train
C:\Capstone\DeepfakeBench\datasets\rgb\FaceForensics++\original_sequences\youtube\c23\frames\159\019.png,159,0,train
C:\Capstone\DeepfakeBench\datasets\rgb\FaceForensics++\original_sequences\youtube\c23\frames\159\020.png,159,0,train
C:\Capstone\DeepfakeBench\datasets\rgb\FaceForensics++\original_sequences\youtube\c23\frames\159\021.png,159,0,train
C:\Capstone\DeepfakeBench\datasets\rgb\FaceForensics++\original_sequences\youtube\c23\frames\159\022.png,159,0,train
C:\Capstone\DeepfakeBench\datasets\rgb\FaceForensics++\original_sequences\youtube\c23\frames\159\023.png,159,0,train
C:\Capstone\DeepfakeBench\datasets\rgb\FaceForensics++\original_sequences\youtube\c23\frames\159\024.png,159,0,train
C:\Capstone\DeepfakeBench\datasets\rgb\FaceForensics++\original_sequences\youtube\c23\frames\159\025.png,159,0,train
C:\Capstone\DeepfakeBench\datasets\rgb\FaceForensics++\original_sequences\youtube\c23\frames\159\026.png,159,0,train
C:\Capstone\DeepfakeBench\datasets\rgb\FaceForensics++\original_sequences\youtube\c23\frames\159\027.png,159,0,train
C:\Capstone\DeepfakeBench\datasets\rgb\FaceForensics++\original_sequences\youtube\c23\frames\159\028.png,159,0,train
C:\Capstone\DeepfakeBench\datasets\rgb\FaceForensics++\original_sequences\youtube\c23\frames\159\029.png,159,0,train
C:\Capstone\DeepfakeBench\datasets\rgb\FaceForensics++\original_sequences\youtube\c23\frames\159\030.png,159,0,train
C:\Capstone\DeepfakeBench\datasets\rgb\FaceForensics++\original_sequences\youtube\c23\frames\159\031.png,159,0,train
C:\Capstone\DeepfakeBench\datasets\rgb\FaceForensics++\original_sequences\youtube\c23\frames\830\000.png,830,0,train
C:\Capstone\DeepfakeBench\datasets\rgb\FaceForensics++\original_sequences\youtube\c23\frames\830\001.png,830,0,train
C:\Capstone\DeepfakeBench\datasets\rgb\FaceForensics++\original_sequences\youtube\c23\frames\830\002.png,830,0,train
C:\Capstone\DeepfakeBench\datasets\rgb\FaceForensics++\original_sequences\youtube\c23\frames\830\003.png,830,0,train
C:\Capstone\DeepfakeBench\datasets\rgb\FaceForensics++\original_sequences\youtube\c23\frames\830\004.png,830,0,train
C:\Capstone\DeepfakeBench\datasets\rgb\FaceForensics++\original_sequences\youtube\c23\frames\830\005.png,830,0,train
C:\Capstone\DeepfakeBench\datasets\rgb\FaceForensics++\original_sequences\youtube\c23\frames\830\006.png,830,0,train
C:\Capstone\DeepfakeBench\datasets\rgb\FaceForensics++\original_sequences\youtube\c23\frames\830\007.png,830,0,train
C:\Capstone\DeepfakeBench\datasets\rgb\FaceForensics++\original_sequences\youtube\c23\frames\830\008.png,830,0,train
C:\Capstone\DeepfakeBench\datasets\rgb\FaceForensics++\original_sequences\youtube\c23\frames\830\009.png,830,0,train
C:\Capstone\DeepfakeBench\datasets\rgb\FaceForensics++\original_sequences\youtube\c23\frames\830\010.png,830,0,train
C:\Capstone\DeepfakeBench\datasets\rgb\FaceForensics++\original_sequences\youtube\c23\frames\830\011.png,830,0,train
C:\Capstone\DeepfakeBench\datasets\rgb\FaceForensics++\original_sequences\youtube\c23\frames\830\012.png,830,0,train
C:\Capstone\DeepfakeBench\datasets\rgb\FaceForensics++\original_sequences\youtube\c23\frames\830\013.png,830,0,train
C:\Capstone\DeepfakeBench\datasets\rgb\FaceForensics++\original_sequences\youtube\c23\frames\830\014.png,830,0,train
C:\Capstone\DeepfakeBench\datasets\rgb\FaceForensics++\original_sequences\youtube\c23\frames\830\015.png,830,0,train
C:\Capstone\DeepfakeBench\datasets\rgb\FaceForensics++\original_sequences\youtube\c23\frames\830\016.png,830,0,train
C:\Capstone\DeepfakeBench\datasets\rgb\FaceForensics++\original_sequences\youtube\c23\frames\830\017.png,830,0,train
C:\Capstone\DeepfakeBench\datasets\rgb\FaceForensics++\original_sequences\youtube\c23\frames\830\018.png,830,0,train
C:\Capstone\DeepfakeBench\datasets\rgb\FaceForensics++\original_sequences\youtube\c23\frames\830\019.png,830,0,train
C:\Capstone\DeepfakeBench\datasets\rgb\FaceForensics++\original_sequences\youtube\c23\frames\830\020.png,830,0,train
C:\Capstone\DeepfakeBench\datasets\rgb\FaceForensics++\original_sequences\youtube\c23\frames\830\021.png,830,0,train
C:\Capstone\DeepfakeBench\datasets\rgb\FaceForensics++\original_sequences\youtube\c23\frames\830\022.png,830,0,train
C:\Capstone\DeepfakeBench\datasets\rgb\FaceForensics++\original_sequences\youtube\c23\frames\830\023.png,830,0,train
C:\Capstone\DeepfakeBench\datasets\rgb\FaceForensics++\original_sequences\youtube\c23\frames\830\024.png,830,0,train
C:\Capstone\DeepfakeBench\datasets\rgb\FaceForensics++\original_sequences\youtube\c23\frames\830\025.png,830,0,train
C:\Capstone\DeepfakeBench\datasets\rgb\FaceForensics++\original_sequences\youtube\c23\frames\830\026.png,830,0,train
C:\Capstone\DeepfakeBench\datasets\rgb\FaceForensics++\original_sequences\youtube\c23\frames\830\027.png,830,0,train
C:\Capstone\DeepfakeBench\datasets\rgb\FaceForensics++\original_sequences\youtube\c23\frames\830\028.png,830,0,train
C:\Capstone\DeepfakeBench\datasets\rgb\FaceForensics++\original_sequences\youtube\c23\frames\830\029.png,830,0,train
C:\Capstone\DeepfakeBench\datasets\rgb\FaceForensics++\original_sequences\youtube\c23\frames\830\030.png,830,0,train
C:\Capstone\DeepfakeBench\datasets\rgb\FaceForensics++\original_sequences\youtube\c23\frames\830\031.png,830,0,train
C:\Capstone\DeepfakeBench\datasets\rgb\FaceForensics++\manipulated_sequences\Deepfakes\c23\frames\036_035\000.png,036_035,1,train
C:\Capstone\DeepfakeBench\datasets\rgb\FaceForensics++\manipulated_sequences\Deepfakes\c23\frames\036_035\001.png,036_035,1,train
C:\Capstone\DeepfakeBench\datasets\rgb\FaceForensics++\manipulated_sequences\Deepfakes\c23\frames\036_035\002.png,036_035,1,train
C:\Capstone\DeepfakeBench\datasets\rgb\FaceForensics++\manipulated_sequences\Deepfakes\c23\frames\036_035\003.png,036_035,1,train
C:\Capstone\DeepfakeBench\datasets\rgb\FaceForensics++\manipulated_sequences\Deepfakes\c23\frames\036_035\004.png,036_035,1,train
C:\Capstone\DeepfakeBench\datasets\rgb\FaceForensics++\manipulated_sequences\Deepfakes\c23\frames\036_035\005.png,036_035,1,train
C:\Capstone\DeepfakeBench\datasets\rgb\FaceForensics++\manipulated_sequences\Deepfakes\c23\frames\036_035\006.png,036_035,1,train
C:\Capstone\DeepfakeBench\datasets\rgb\FaceForensics++\manipulated_sequences\Deepfakes\c23\frames\036_035\007.png,036_035,1,train
C:\Capstone\DeepfakeBench\datasets\rgb\FaceForensics++\manipulated_sequences\Deepfakes\c23\frames\036_035\008.png,036_035,1,train
C:\Capstone\DeepfakeBench\datasets\rgb\FaceForensics++\manipulated_sequences\Deepfakes\c23\frames\036_035\009.png,036_035,1,train
C:\Capstone\DeepfakeBench\datasets\rgb\FaceForensics++\manipulated_sequences\Deepfakes\c23\frames\036_035\010.png,036_035,1,train
C:\Capstone\DeepfakeBench\datasets\rgb\FaceForensics++\manipulated_sequences\Deepfakes\c23\frames\036_035\011.png,036_035,1,train
C:\Capstone\DeepfakeBench\datasets\rgb\FaceForensics++\manipulated_sequences\Deepfakes\c23\frames\036_035\012.png,036_035,1,train
C:\Capstone\DeepfakeBench\datasets\rgb\FaceForensics++\manipulated_sequences\Deepfakes\c23\frames\036_035\013.png,036_035,1,train
C:\Capstone\DeepfakeBench\datasets\rgb\FaceForensics++\manipulated_sequences\Deepfakes\c23\frames\036_035\014.png,036_035,1,train
C:\Capstone\DeepfakeBench\datasets\rgb\FaceForensics++\manipulated_sequences\Deepfakes\c23\frames\036_035\015.png,036_035,1,train
C:\Capstone\DeepfakeBench\datasets\rgb\FaceForensics++\manipulated_sequences\Deepfakes\c23\frames\036_035\016.png,036_035,1,train
C:\Capstone\DeepfakeBench\datasets\rgb\FaceForensics++\manipulated_sequences\Deepfakes\c23\frames\036_035\017.png,036_035,1,train
C:\Capstone\DeepfakeBench\datasets\rgb\FaceForensics++\manipulated_sequences\Deepfakes\c23\frames\036_035\018.png,036_035,1,train
C:\Capstone\DeepfakeBench\datasets\rgb\FaceForensics++\manipulated_sequences\Deepfakes\c23\frames\036_035\019.png,036_035,1,train
C:\Capstone\DeepfakeBench\datasets\rgb\FaceForensics++\manipulated_sequences\Deepfakes\c23\frames\036_035\020.png,036_035,1,train
C:\Capstone\DeepfakeBench\datasets\rgb\FaceForensics++\manipulated_sequences\Deepfakes\c23\frames\036_035\021.png,036_035,1,train
C:\Capstone\DeepfakeBench\datasets\rgb\FaceForensics++\manipulated_sequences\Deepfakes\c23\frames\036_035\022.png,036_035,1,train
C:\Capstone\DeepfakeBench\datasets\rgb\FaceForensics++\manipulated_sequences\Deepfakes\c23\frames\036_035\023.png,036_035,1,train
C:\Capstone\DeepfakeBench\datasets\rgb\FaceForensics++\manipulated_sequences\Deepfakes\c23\frames\036_035\024.png,036_035,1,train
C:\Capstone\DeepfakeBench\datasets\rgb\FaceForensics++\manipulated_sequences\Deepfakes\c23\frames\036_035\025.png,036_035,1,train
C:\Capstone\DeepfakeBench\datasets\rgb\FaceForensics++\manipulated_sequences\Deepfakes\c23\frames\036_035\026.png,036_035,1,train
C:\Capstone\DeepfakeBench\datasets\rgb\FaceForensics++\manipulated_sequences\Deepfakes\c23\frames\036_035\027.png,036_035,1,train
C:\Capstone\DeepfakeBench\datasets\rgb\FaceForensics++\manipulated_sequences\Deepfakes\c23\frames\036_035\028.png,036_035,1,train
C:\Capstone\DeepfakeBench\datasets\rgb\FaceForensics++\manipulated_sequences\Deepfakes\c23\frames\036_035\029.png,036_035,1,train
C:\Capstone\DeepfakeBench\datasets\rgb\FaceForensics++\manipulated_sequences\Deepfakes\c23\frames\036_035\030.png,036_035,1,train
C:\Capstone\DeepfakeBench\datasets\rgb\FaceForensics++\manipulated_sequences\Deepfakes\c23\frames\036_035\031.png,036_035,1,train
C:\Capstone\DeepfakeBench\datasets\rgb\FaceForensics++\original_sequences\youtube\c23\frames\339\000.png,339,0,train
C:\Capstone\DeepfakeBench\datasets\rgb\FaceForensics++\original_sequences\youtube\c23\frames\339\001.png,339,0,train
C:\Capstone\DeepfakeBench\datasets\rgb\FaceForensics++\original_sequences\youtube\c23\frames\339\002.png,339,0,train
C:\Capstone\DeepfakeBench\datasets\rgb\FaceForensics++\original_sequences\youtube\c23\frames\339\003.png,339,0,train
C:\Capstone\DeepfakeBench\datasets\rgb\FaceForensics++\original_sequences\youtube\c23\frames\339\004.png,339,0,train
C:\Capstone\DeepfakeBench\datasets\rgb\FaceForensics++\original_sequences\youtube\c23\frames\339\005.png,339,0,train
C:\Capstone\DeepfakeBench\datasets\rgb\FaceForensics++\original_sequences\youtube\c23\frames\339\006.png,339,0,train
C:\Capstone\DeepfakeBench\datasets\rgb\FaceForensics++\original_sequences\youtube\c23\frames\339\007.png,339,0,train
C:\Capstone\DeepfakeBench\datasets\rgb\FaceForensics++\original_sequences\youtube\c23\frames\339\008.png,339,0,train
C:\Capstone\DeepfakeBench\datasets\rgb\FaceForensics++\original_sequences\youtube\c23\frames\339\009.png,339,0,train
C:\Capstone\DeepfakeBench\datasets\rgb\FaceForensics++\original_sequences\youtube\c23\frames\339\010.png,339,0,train
C:\Capstone\DeepfakeBench\datasets\rgb\FaceForensics++\original_sequences\youtube\c23\frames\339\011.png,339,0,train
C:\Capstone\DeepfakeBench\datasets\rgb\FaceForensics++\original_sequences\youtube\c23\frames\339\012.png,339,0,train
C:\Capstone\DeepfakeBench\datasets\rgb\FaceForensics++\original_sequences\youtube\c23\frames\339\013.png,339,0,train
C:\Capstone\DeepfakeBench\datasets\rgb\FaceForensics++\original_sequences\youtube\c23\frames\339\014.png,339,0,train
C:\Capstone\DeepfakeBench\datasets\rgb\FaceForensics++\original_sequences\youtube\c23\frames\339\015.png,339,0,train
C:\Capstone\DeepfakeBench\datasets\rgb\FaceForensics++\original_sequences\youtube\c23\frames\339\016.png,339,0,train
C:\Capstone\DeepfakeBench\datasets\rgb\FaceForensics++\original_sequences\youtube\c23\frames\339\017.png,339,0,train
C:\Capstone\DeepfakeBench\datasets\rgb\FaceForensics++\original_sequences\youtube\c23\frames\339\018.png,339,0,train
C:\Capstone\DeepfakeBench\datasets\rgb\FaceForensics++\original_sequences\youtube\c23\frames\339\019.png,339,0,train
C:\Capstone\DeepfakeBench\datasets\rgb\FaceForensics++\original_sequences\youtube\c23\frames\339\020.png,339,0,train
C:\Capstone\DeepfakeBench\datasets\rgb\FaceForensics++\original_sequences\youtube\c23\frames\339\021.png,339,0,train
C:\Capstone\DeepfakeBench\datasets\rgb\FaceForensics++\original_sequences\youtube\c23\frames\339\022.png,339,0,train
C:\Capstone\DeepfakeBench\datasets\rgb\FaceForensics++\original_sequences\youtube\c23\frames\339\023.png,339,0,train
C:\Capstone\DeepfakeBench\datasets\rgb\FaceForensics++\original_sequences\youtube\c23\frames\339\024.png,339,0,train
C:\Capstone\DeepfakeBench\datasets\rgb\FaceForensics++\original_sequences\youtube\c23\frames\339\025.png,339,0,train
C:\Capstone\DeepfakeBench\datasets\rgb\FaceForensics++\original_sequences\youtube\c23\frames\339\026.png,339,0,train
C:\Capstone\DeepfakeBench\datasets\rgb\FaceForensics++\original_sequences\youtube\c23\frames\339\027.png,339,0,train
C:\Capstone\DeepfakeBench\datasets\rgb\FaceForensics++\original_sequences\youtube\c23\frames\339\028.png,339,0,train
C:\Capstone\DeepfakeBench\datasets\rgb\FaceForensics++\original_sequences\youtube\c23\frames\339\029.png,339,0,train
C:\Capstone\DeepfakeBench\datasets\rgb\FaceForensics++\original_sequences\youtube\c23\frames\339\030.png,339,0,train
C:\Capstone\DeepfakeBench\datasets\rgb\FaceForensics++\original_sequences\youtube\c23\frames\339\031.png,339,0,train
C:\Capstone\DeepfakeBench\datasets\rgb\FaceForensics++\manipulated_sequences\Deepfakes\c23\frames\565_589\000.png,565_589,1,train
C:\Capstone\DeepfakeBench\datasets\rgb\FaceForensics++\manipulated_sequences\Deepfakes\c23\frames\565_589\001.png,565_589,1,train
C:\Capstone\DeepfakeBench\datasets\rgb\FaceForensics++\manipulated_sequences\Deepfakes\c23\frames\565_589\002.png,565_589,1,train
C:\Capstone\DeepfakeBench\datasets\rgb\FaceForensics++\manipulated_sequences\Deepfakes\c23\frames\565_589\003.png,565_589,1,train
C:\Capstone\DeepfakeBench\datasets\rgb\FaceForensics++\manipulated_sequences\Deepfakes\c23\frames\565_589\004.png,565_589,1,train
C:\Capstone\DeepfakeBench\datasets\rgb\FaceForensics++\manipulated_sequences\Deepfakes\c23\frames\565_589\005.png,565_589,1,train
C:\Capstone\DeepfakeBench\datasets\rgb\FaceForensics++\manipulated_sequences\Deepfakes\c23\frames\565_589\006.png,565_589,1,train
C:\Capstone\DeepfakeBench\datasets\rgb\FaceForensics++\manipulated_sequences\Deepfakes\c23\frames\565_589\007.png,565_589,1,train
C:\Capstone\DeepfakeBench\datasets\rgb\FaceForensics++\manipulated_sequences\Deepfakes\c23\frames\565_589\008.png,565_589,1,train
C:\Capstone\DeepfakeBench\datasets\rgb\FaceForensics++\manipulated_sequences\Deepfakes\c23\frames\565_589\009.png,565_589,1,train
C:\Capstone\DeepfakeBench\datasets\rgb\FaceForensics++\manipulated_sequences\Deepfakes\c23\frames\565_589\010.png,565_589,1,train
C:\Capstone\DeepfakeBench\datasets\rgb\FaceForensics++\manipulated_sequences\Deepfakes\c23\frames\565_589\011.png,565_589,1,train
C:\Capstone\DeepfakeBench\datasets\rgb\FaceForensics++\manipulated_sequences\Deepfakes\c23\frames\565_589\012.png,565_589,1,train
C:\Capstone\DeepfakeBench\datasets\rgb\FaceForensics++\manipulated_sequences\Deepfakes\c23\frames\565_589\013.png,565_589,1,train
C:\Capstone\DeepfakeBench\datasets\rgb\FaceForensics++\manipulated_sequences\Deepfakes\c23\frames\565_589\014.png,565_589,1,train
C:\Capstone\DeepfakeBench\datasets\rgb\FaceForensics++\manipulated_sequences\Deepfakes\c23\frames\565_589\015.png,565_589,1,train
C:\Capstone\DeepfakeBench\datasets\rgb\FaceForensics++\manipulated_sequences\Deepfakes\c23\frames\565_589\016.png,565_589,1,train
C:\Capstone\DeepfakeBench\datasets\rgb\FaceForensics++\manipulated_sequences\Deepfakes\c23\frames\565_589\017.png,565_589,1,train
C:\Capstone\DeepfakeBench\datasets\rgb\FaceForensics++\manipulated_sequences\Deepfakes\c23\frames\565_589\018.png,565_589,1,train
C:\Capstone\DeepfakeBench\datasets\rgb\FaceForensics++\manipulated_sequences\Deepfakes\c23\frames\565_589\019.png,565_589,1,train
C:\Capstone\DeepfakeBench\datasets\rgb\FaceForensics++\manipulated_sequences\Deepfakes\c23\frames\565_589\020.png,565_589,1,train
C:\Capstone\DeepfakeBench\datasets\rgb\FaceForensics++\manipulated_sequences\Deepfakes\c23\frames\565_589\021.png,565_589,1,train
C:\Capstone\DeepfakeBench\datasets\rgb\FaceForensics++\manipulated_sequences\Deepfakes\c23\frames\565_589\022.png,565_589,1,train
C:\Capstone\DeepfakeBench\datasets\rgb\FaceForensics++\manipulated_sequences\Deepfakes\c23\frames\565_589\023.png,565_589,1,train
C:\Capstone\DeepfakeBench\datasets\rgb\FaceForensics++\manipulated_sequences\Deepfakes\c23\frames\565_589\024.png,565_589,1,train
C:\Capstone\DeepfakeBench\datasets\rgb\FaceForensics++\manipulated_sequences\Deepfakes\c23\frames\565_589\025.png,565_589,1,train
C:\Capstone\DeepfakeBench\datasets\rgb\FaceForensics++\manipulated_sequences\Deepfakes\c23\frames\565_589\026.png,565_589,1,train
C:\Capstone\DeepfakeBench\datasets\rgb\FaceForensics++\manipulated_sequences\Deepfakes\c23\frames\565_589\027.png,565_589,1,train
C:\Capstone\DeepfakeBench\datasets\rgb\FaceForensics++\manipulated_sequences\Deepfakes\c23\frames\565_589\028.png,565_589,1,train
C:\Capstone\DeepfakeBench\datasets\rgb\FaceForensics++\manipulated_sequences\Deepfakes\c23\frames\565_589\029.png,565_589,1,train
C:\Capstone\DeepfakeBench\datasets\rgb\FaceForensics++\manipulated_sequences\Deepfakes\c23\frames\565_589\030.png,565_589,1,train
C:\Capstone\DeepfakeBench\datasets\rgb\FaceForensics++\manipulated_sequences\Deepfakes\c23\frames\565_589\031.png,565_589,1,train
C:\Capstone\DeepfakeBench\datasets\rgb\FaceForensics++\manipulated_sequences\Deepfakes\c23\frames\779_794\000.png,779_794,1,train
C:\Capstone\DeepfakeBench\datasets\rgb\FaceForensics++\manipulated_sequences\Deepfakes\c23\frames\779_794\001.png,779_794,1,train
C:\Capstone\DeepfakeBench\datasets\rgb\FaceForensics++\manipulated_sequences\Deepfakes\c23\frames\779_794\002.png,779_794,1,train
C:\Capstone\DeepfakeBench\datasets\rgb\FaceForensics++\manipulated_sequences\Deepfakes\c23\frames\779_794\003.png,779_794,1,train
C:\Capstone\DeepfakeBench\datasets\rgb\FaceForensics++\manipulated_sequences\Deepfakes\c23\frames\779_794\004.png,779_794,1,train
C:\Capstone\DeepfakeBench\datasets\rgb\FaceForensics++\manipulated_sequences\Deepfakes\c23\frames\779_794\005.png,779_794,1,train
C:\Capstone\DeepfakeBench\datasets\rgb\FaceForensics++\manipulated_sequences\Deepfakes\c23\frames\779_794\006.png,779_794,1,train
C:\Capstone\DeepfakeBench\datasets\rgb\FaceForensics++\manipulated_sequences\Deepfakes\c23\frames\779_794\007.png,779_794,1,train
C:\Capstone\DeepfakeBench\datasets\rgb\FaceForensics++\manipulated_sequences\Deepfakes\c23\frames\779_794\008.png,779_794,1,train
C:\Capstone\DeepfakeBench\datasets\rgb\FaceForensics++\manipulated_sequences\Deepfakes\c23\frames\779_794\009.png,779_794,1,train
C:\Capstone\DeepfakeBench\datasets\rgb\FaceForensics++\manipulated_sequences\Deepfakes\c23\frames\779_794\010.png,779_794,1,train
C:\Capstone\DeepfakeBench\datasets\rgb\FaceForensics++\manipulated_sequences\Deepfakes\c23\frames\779_794\011.png,779_794,1,train
C:\Capstone\DeepfakeBench\datasets\rgb\FaceForensics++\manipulated_sequences\Deepfakes\c23\frames\779_794\012.png,779_794,1,train
C:\Capstone\DeepfakeBench\datasets\rgb\FaceForensics++\manipulated_sequences\Deepfakes\c23\frames\779_794\013.png,779_794,1,train
C:\Capstone\DeepfakeBench\datasets\rgb\FaceForensics++\manipulated_sequences\Deepfakes\c23\frames\779_794\014.png,779_794,1,train
C:\Capstone\DeepfakeBench\datasets\rgb\FaceForensics++\manipulated_sequences\Deepfakes\c23\frames\779_794\015.png,779_794,1,train
C:\Capstone\DeepfakeBench\datasets\rgb\FaceForensics++\manipulated_sequences\Deepfakes\c23\frames\779_794\016.png,779_794,1,train
C:\Capstone\DeepfakeBench\datasets\rgb\FaceForensics++\manipulated_sequences\Deepfakes\c23\frames\779_794\017.png,779_794,1,train
C:\Capstone\DeepfakeBench\datasets\rgb\FaceForensics++\manipulated_sequences\Deepfakes\c23\frames\779_794\018.png,779_794,1,train
C:\Capstone\DeepfakeBench\datasets\rgb\FaceForensics++\manipulated_sequences\Deepfakes\c23\frames\779_794\019.png,779_794,1,train
C:\Capstone\DeepfakeBench\datasets\rgb\FaceForensics++\manipulated_sequences\Deepfakes\c23\frames\779_794\020.png,779_794,1,train
C:\Capstone\DeepfakeBench\datasets\rgb\FaceForensics++\manipulated_sequences\Deepfakes\c23\frames\779_794\021.png,779_794,1,train
C:\Capstone\DeepfakeBench\datasets\rgb\FaceForensics++\manipulated_sequences\Deepfakes\c23\frames\779_794\022.png,779_794,1,train
C:\Capstone\DeepfakeBench\datasets\rgb\FaceForensics++\manipulated_sequences\Deepfakes\c23\frames\779_794\023.png,779_794,1,train
C:\Capstone\DeepfakeBench\datasets\rgb\FaceForensics++\manipulated_sequences\Deepfakes\c23\frames\779_794\024.png,779_794,1,train
C:\Capstone\DeepfakeBench\datasets\rgb\FaceForensics++\manipulated_sequences\Deepfakes\c23\frames\779_794\025.png,779_794,1,train
C:\Capstone\DeepfakeBench\datasets\rgb\FaceForensics++\manipulated_sequences\Deepfakes\c23\frames\779_794\026.png,779_794,1,train
C:\Capstone\DeepfakeBench\datasets\rgb\FaceForensics++\manipulated_sequences\Deepfakes\c23\frames\779_794\027.png,779_794,1,train
C:\Capstone\DeepfakeBench\datasets\rgb\FaceForensics++\manipulated_sequences\Deepfakes\c23\frames\779_794\028.png,779_794,1,train
C:\Capstone\DeepfakeBench\datasets\rgb\FaceForensics++\manipulated_sequences\Deepfakes\c23\frames\779_794\029.png,779_794,1,train
C:\Capstone\DeepfakeBench\datasets\rgb\FaceForensics++\manipulated_sequences\Deepfakes\c23\frames\779_794\030.png,779_794,1,train
C:\Capstone\DeepfakeBench\datasets\rgb\FaceForensics++\manipulated_sequences\Deepfakes\c23\frames\779_794\031.png,779_794,1,train
C:\Capstone\DeepfakeBench\datasets\rgb\FaceForensics++\manipulated_sequences\Deepfakes\c23\frames\288_321\000.png,288_321,1,train
C:\Capstone\DeepfakeBench\datasets\rgb\FaceForensics++\manipulated_sequences\Deepfakes\c23\frames\288_321\001.png,288_321,1,train
C:\Capstone\DeepfakeBench\datasets\rgb\FaceForensics++\manipulated_sequences\Deepfakes\c23\frames\288_321\002.png,288_321,1,train
C:\Capstone\DeepfakeBench\datasets\rgb\FaceForensics++\manipulated_sequences\Deepfakes\c23\frames\288_321\003.png,288_321,1,train
C:\Capstone\DeepfakeBench\datasets\rgb\FaceForensics++\manipulated_sequences\Deepfakes\c23\frames\288_321\004.png,288_321,1,train
C:\Capstone\DeepfakeBench\datasets\rgb\FaceForensics++\manipulated_sequences\Deepfakes\c23\frames\288_321\005.png,288_321,1,train
C:\Capstone\DeepfakeBench\datasets\rgb\FaceForensics++\manipulated_sequences\Deepfakes\c23\frames\288_321\006.png,288_321,1,train
C:\Capstone\DeepfakeBench\datasets\rgb\FaceForensics++\manipulated_sequences\Deepfakes\c23\frames\288_321\007.png,288_321,1,train
C:\Capstone\DeepfakeBench\datasets\rgb\FaceForensics++\manipulated_sequences\Deepfakes\c23\frames\288_321\008.png,288_321,1,train
C:\Capstone\DeepfakeBench\datasets\rgb\FaceForensics++\manipulated_sequences\Deepfakes\c23\frames\288_321\009.png,288_321,1,train
C:\Capstone\DeepfakeBench\datasets\rgb\FaceForensics++\manipulated_sequences\Deepfakes\c23\frames\288_321\010.png,288_321,1,train
C:\Capstone\DeepfakeBench\datasets\rgb\FaceForensics++\manipulated_sequences\Deepfakes\c23\frames\288_321\011.png,288_321,1,train
C:\Capstone\DeepfakeBench\datasets\rgb\FaceForensics++\manipulated_sequences\Deepfakes\c23\frames\288_321\012.png,288_321,1,train
C:\Capstone\DeepfakeBench\datasets\rgb\FaceForensics++\manipulated_sequences\Deepfakes\c23\frames\288_321\013.png,288_321,1,train
C:\Capstone\DeepfakeBench\datasets\rgb\FaceForensics++\manipulated_sequences\Deepfakes\c23\frames\288_321\014.png,288_321,1,train
C:\Capstone\DeepfakeBench\datasets\rgb\FaceForensics++\manipulated_sequences\Deepfakes\c23\frames\288_321\015.png,288_321,1,train
C:\Capstone\DeepfakeBench\datasets\rgb\FaceForensics++\manipulated_sequences\Deepfakes\c23\frames\288_321\016.png,288_321,1,train
C:\Capstone\DeepfakeBench\datasets\rgb\FaceForensics++\manipulated_sequences\Deepfakes\c23\frames\288_321\017.png,288_321,1,train
C:\Capstone\DeepfakeBench\datasets\rgb\FaceForensics++\manipulated_sequences\Deepfakes\c23\frames\288_321\018.png,288_321,1,train
C:\Capstone\DeepfakeBench\datasets\rgb\FaceForensics++\manipulated_sequences\Deepfakes\c23\frames\288_321\019.png,288_321,1,train
C:\Capstone\DeepfakeBench\datasets\rgb\FaceForensics++\manipulated_sequences\Deepfakes\c23\frames\288_321\020.png,288_321,1,train
C:\Capstone\DeepfakeBench\datasets\rgb\FaceForensics++\manipulated_sequences\Deepfakes\c23\frames\288_321\021.png,288_321,1,train
C:\Capstone\DeepfakeBench\datasets\rgb\FaceForensics++\manipulated_sequences\Deepfakes\c23\frames\288_321\022.png,288_321,1,train
C:\Capstone\DeepfakeBench\datasets\rgb\FaceForensics++\manipulated_sequences\Deepfakes\c23\frames\288_321\023.png,288_321,1,train
C:\Capstone\DeepfakeBench\datasets\rgb\FaceForensics++\manipulated_sequences\Deepfakes\c23\frames\288_321\024.png,288_321,1,train
C:\Capstone\DeepfakeBench\datasets\rgb\FaceForensics++\manipulated_sequences\Deepfakes\c23\frames\288_321\025.png,288_321,1,train
C:\Capstone\DeepfakeBench\datasets\rgb\FaceForensics++\manipulated_sequences\Deepfakes\c23\frames\288_321\026.png,288_321,1,train
C:\Capstone\DeepfakeBench\datasets\rgb\FaceForensics++\manipulated_sequences\Deepfakes\c23\frames\288_321\027.png,288_321,1,train
C:\Capstone\DeepfakeBench\datasets\rgb\FaceForensics++\manipulated_sequences\Deepfakes\c23\frames\288_321\028.png,288_321,1,train
C:\Capstone\DeepfakeBench\datasets\rgb\FaceForensics++\manipulated_sequences\Deepfakes\c23\frames\288_321\029.png,288_321,1,train
C:\Capstone\DeepfakeBench\datasets\rgb\FaceForensics++\manipulated_sequences\Deepfakes\c23\frames\288_321\030.png,288_321,1,train
C:\Capstone\DeepfakeBench\datasets\rgb\FaceForensics++\manipulated_sequences\Deepfakes\c23\frames\288_321\031.png,288_321,1,train
C:\Capstone\DeepfakeBench\datasets\rgb\FaceForensics++\original_sequences\youtube\c23\frames\811\000.png,811,0,train
C:\Capstone\DeepfakeBench\datasets\rgb\FaceForensics++\original_sequences\youtube\c23\frames\811\001.png,811,0,train
C:\Capstone\DeepfakeBench\datasets\rgb\FaceForensics++\original_sequences\youtube\c23\frames\811\002.png,811,0,train
C:\Capstone\DeepfakeBench\datasets\rgb\FaceForensics++\original_sequences\youtube\c23\frames\811\003.png,811,0,train
C:\Capstone\DeepfakeBench\datasets\rgb\FaceForensics++\original_sequences\youtube\c23\frames\811\004.png,811,0,train
C:\Capstone\DeepfakeBench\datasets\rgb\FaceForensics++\original_sequences\youtube\c23\frames\811\005.png,811,0,train
C:\Capstone\DeepfakeBench\datasets\rgb\FaceForensics++\original_sequences\youtube\c23\frames\811\006.png,811,0,train
C:\Capstone\DeepfakeBench\datasets\rgb\FaceForensics++\original_sequences\youtube\c23\frames\811\007.png,811,0,train
C:\Capstone\DeepfakeBench\datasets\rgb\FaceForensics++\original_sequences\youtube\c23\frames\811\008.png,811,0,train
C:\Capstone\DeepfakeBench\datasets\rgb\FaceForensics++\original_sequences\youtube\c23\frames\811\009.png,811,0,train
C:\Capstone\DeepfakeBench\datasets\rgb\FaceForensics++\original_sequences\youtube\c23\frames\811\010.png,811,0,train
C:\Capstone\DeepfakeBench\datasets\rgb\FaceForensics++\original_sequences\youtube\c23\frames\811\011.png,811,0,train
C:\Capstone\DeepfakeBench\datasets\rgb\FaceForensics++\original_sequences\youtube\c23\frames\811\012.png,811,0,train
C:\Capstone\DeepfakeBench\datasets\rgb\FaceForensics++\original_sequences\youtube\c23\frames\811\013.png,811,0,train
C:\Capstone\DeepfakeBench\datasets\rgb\FaceForensics++\original_sequences\youtube\c23\frames\811\014.png,811,0,train
C:\Capstone\DeepfakeBench\datasets\rgb\FaceForensics++\original_sequences\youtube\c23\frames\811\015.png,811,0,train
C:\Capstone\DeepfakeBench\datasets\rgb\FaceForensics++\original_sequences\youtube\c23\frames\811\016.png,811,0,train
C:\Capstone\DeepfakeBench\datasets\rgb\FaceForensics++\original_sequences\youtube\c23\frames\811\017.png,811,0,train
C:\Capstone\DeepfakeBench\datasets\rgb\FaceForensics++\original_sequences\youtube\c23\frames\811\018.png,811,0,train
C:\Capstone\DeepfakeBench\datasets\rgb\FaceForensics++\original_sequences\youtube\c23\frames\811\019.png,811,0,train
C:\Capstone\DeepfakeBench\datasets\rgb\FaceForensics++\original_sequences\youtube\c23\frames\811\020.png,811,0,train
C:\Capstone\DeepfakeBench\datasets\rgb\FaceForensics++\original_sequences\youtube\c23\frames\811\021.png,811,0,train
C:\Capstone\DeepfakeBench\datasets\rgb\FaceForensics++\original_sequences\youtube\c23\frames\811\022.png,811,0,train
C:\Capstone\DeepfakeBench\datasets\rgb\FaceForensics++\original_sequences\youtube\c23\frames\811\023.png,811,0,train
C:\Capstone\DeepfakeBench\datasets\rgb\FaceForensics++\original_sequences\youtube\c23\frames\811\024.png,811,0,train
C:\Capstone\DeepfakeBench\datasets\rgb\FaceForensics++\original_sequences\youtube\c23\frames\811\025.png,811,0,train
C:\Capstone\DeepfakeBench\datasets\rgb\FaceForensics++\original_sequences\youtube\c23\frames\811\026.png,811,0,train
C:\Capstone\DeepfakeBench\datasets\rgb\FaceForensics++\original_sequences\youtube\c23\frames\811\027.png,811,0,train
C:\Capstone\DeepfakeBench\datasets\rgb\FaceForensics++\original_sequences\youtube\c23\frames\811\028.png,811,0,train
C:\Capstone\DeepfakeBench\datasets\rgb\FaceForensics++\original_sequences\youtube\c23\frames\811\029.png,811,0,train
C:\Capstone\DeepfakeBench\datasets\rgb\FaceForensics++\original_sequences\youtube\c23\frames\811\030.png,811,0,train
C:\Capstone\DeepfakeBench\datasets\rgb\FaceForensics++\original_sequences\youtube\c23\frames\811\031.png,811,0,train
C:\Capstone\DeepfakeBench\datasets\rgb\FaceForensics++\manipulated_sequences\Deepfakes\c23\frames\153_150\000.png,153_150,1,train
C:\Capstone\DeepfakeBench\datasets\rgb\FaceForensics++\manipulated_sequences\Deepfakes\c23\frames\153_150\001.png,153_150,1,train
C:\Capstone\DeepfakeBench\datasets\rgb\FaceForensics++\manipulated_sequences\Deepfakes\c23\frames\153_150\002.png,153_150,1,train
C:\Capstone\DeepfakeBench\datasets\rgb\FaceForensics++\manipulated_sequences\Deepfakes\c23\frames\153_150\003.png,153_150,1,train
C:\Capstone\DeepfakeBench\datasets\rgb\FaceForensics++\manipulated_sequences\Deepfakes\c23\frames\153_150\004.png,153_150,1,train
C:\Capstone\DeepfakeBench\datasets\rgb\FaceForensics++\manipulated_sequences\Deepfakes\c23\frames\153_150\005.png,153_150,1,train
C:\Capstone\DeepfakeBench\datasets\rgb\FaceForensics++\manipulated_sequences\Deepfakes\c23\frames\153_150\006.png,153_150,1,train
C:\Capstone\DeepfakeBench\datasets\rgb\FaceForensics++\manipulated_sequences\Deepfakes\c23\frames\153_150\007.png,153_150,1,train
C:\Capstone\DeepfakeBench\datasets\rgb\FaceForensics++\manipulated_sequences\Deepfakes\c23\frames\153_150\008.png,153_150,1,train
C:\Capstone\DeepfakeBench\datasets\rgb\FaceForensics++\manipulated_sequences\Deepfakes\c23\frames\153_150\009.png,153_150,1,train
C:\Capstone\DeepfakeBench\datasets\rgb\FaceForensics++\manipulated_sequences\Deepfakes\c23\frames\153_150\010.png,153_150,1,train
C:\Capstone\DeepfakeBench\datasets\rgb\FaceForensics++\manipulated_sequences\Deepfakes\c23\frames\153_150\011.png,153_150,1,train
C:\Capstone\DeepfakeBench\datasets\rgb\FaceForensics++\manipulated_sequences\Deepfakes\c23\frames\153_150\012.png,153_150,1,train
C:\Capstone\DeepfakeBench\datasets\rgb\FaceForensics++\manipulated_sequences\Deepfakes\c23\frames\153_150\013.png,153_150,1,train
C:\Capstone\DeepfakeBench\datasets\rgb\FaceForensics++\manipulated_sequences\Deepfakes\c23\frames\153_150\014.png,153_150,1,train
C:\Capstone\DeepfakeBench\datasets\rgb\FaceForensics++\manipulated_sequences\Deepfakes\c23\frames\153_150\015.png,153_150,1,train
C:\Capstone\DeepfakeBench\datasets\rgb\FaceForensics++\manipulated_sequences\Deepfakes\c23\frames\153_150\016.png,153_150,1,train
C:\Capstone\DeepfakeBench\datasets\rgb\FaceForensics++\manipulated_sequences\Deepfakes\c23\frames\153_150\017.png,153_150,1,train
C:\Capstone\DeepfakeBench\datasets\rgb\FaceForensics++\manipulated_sequences\Deepfakes\c23\frames\153_150\018.png,153_150,1,train
C:\Capstone\DeepfakeBench\datasets\rgb\FaceForensics++\manipulated_sequences\Deepfakes\c23\frames\153_150\019.png,153_150,1,train
C:\Capstone\DeepfakeBench\datasets\rgb\FaceForensics++\manipulated_sequences\Deepfakes\c23\frames\153_150\020.png,153_150,1,train
C:\Capstone\DeepfakeBench\datasets\rgb\FaceForensics++\manipulated_sequences\Deepfakes\c23\frames\153_150\021.png,153_150,1,train
C:\Capstone\DeepfakeBench\datasets\rgb\FaceForensics++\manipulated_sequences\Deepfakes\c23\frames\153_150\022.png,153_150,1,train
C:\Capstone\DeepfakeBench\datasets\rgb\FaceForensics++\manipulated_sequences\Deepfakes\c23\frames\153_150\023.png,153_150,1,train
C:\Capstone\DeepfakeBench\datasets\rgb\FaceForensics++\manipulated_sequences\Deepfakes\c23\frames\153_150\024.png,153_150,1,train
C:\Capstone\DeepfakeBench\datasets\rgb\FaceForensics++\manipulated_sequences\Deepfakes\c23\frames\153_150\025.png,153_150,1,train
C:\Capstone\DeepfakeBench\datasets\rgb\FaceForensics++\manipulated_sequences\Deepfakes\c23\frames\153_150\026.png,153_150,1,train
C:\Capstone\DeepfakeBench\datasets\rgb\FaceForensics++\manipulated_sequences\Deepfakes\c23\frames\153_150\027.png,153_150,1,train
C:\Capstone\DeepfakeBench\datasets\rgb\FaceForensics++\manipulated_sequences\Deepfakes\c23\frames\153_150\028.png,153_150,1,train
C:\Capstone\DeepfakeBench\datasets\rgb\FaceForensics++\manipulated_sequences\Deepfakes\c23\frames\153_150\029.png,153_150,1,train
C:\Capstone\DeepfakeBench\datasets\rgb\FaceForensics++\manipulated_sequences\Deepfakes\c23\frames\153_150\030.png,153_150,1,train
C:\Capstone\DeepfakeBench\datasets\rgb\FaceForensics++\manipulated_sequences\Deepfakes\c23\frames\153_150\031.png,153_150,1,train
C:\Capstone\DeepfakeBench\datasets\rgb\FaceForensics++\original_sequences\youtube\c23\frames\183\000.png,183,0,train
C:\Capstone\DeepfakeBench\datasets\rgb\FaceForensics++\original_sequences\youtube\c23\frames\183\001.png,183,0,train
C:\Capstone\DeepfakeBench\datasets\rgb\FaceForensics++\original_sequences\youtube\c23\frames\183\002.png,183,0,train
C:\Capstone\DeepfakeBench\datasets\rgb\FaceForensics++\original_sequences\youtube\c23\frames\183\003.png,183,0,train
C:\Capstone\DeepfakeBench\datasets\rgb\FaceForensics++\original_sequences\youtube\c23\frames\183\004.png,183,0,train
C:\Capstone\DeepfakeBench\datasets\rgb\FaceForensics++\original_sequences\youtube\c23\frames\183\005.png,183,0,train
C:\Capstone\DeepfakeBench\datasets\rgb\FaceForensics++\original_sequences\youtube\c23\frames\183\006.png,183,0,train
C:\Capstone\DeepfakeBench\datasets\rgb\FaceForensics++\original_sequences\youtube\c23\frames\183\007.png,183,0,train
C:\Capstone\DeepfakeBench\datasets\rgb\FaceForensics++\original_sequences\youtube\c23\frames\183\008.png,183,0,train
C:\Capstone\DeepfakeBench\datasets\rgb\FaceForensics++\original_sequences\youtube\c23\frames\183\009.png,183,0,train
C:\Capstone\DeepfakeBench\datasets\rgb\FaceForensics++\original_sequences\youtube\c23\frames\183\010.png,183,0,train
C:\Capstone\DeepfakeBench\datasets\rgb\FaceForensics++\original_sequences\youtube\c23\frames\183\011.png,183,0,train
C:\Capstone\DeepfakeBench\datasets\rgb\FaceForensics++\original_sequences\youtube\c23\frames\183\012.png,183,0,train
C:\Capstone\DeepfakeBench\datasets\rgb\FaceForensics++\original_sequences\youtube\c23\frames\183\013.png,183,0,train
C:\Capstone\DeepfakeBench\datasets\rgb\FaceForensics++\original_sequences\youtube\c23\frames\183\014.png,183,0,train
C:\Capstone\DeepfakeBench\datasets\rgb\FaceForensics++\original_sequences\youtube\c23\frames\183\015.png,183,0,train
C:\Capstone\DeepfakeBench\datasets\rgb\FaceForensics++\original_sequences\youtube\c23\frames\183\016.png,183,0,train
C:\Capstone\DeepfakeBench\datasets\rgb\FaceForensics++\original_sequences\youtube\c23\frames\183\017.png,183,0,train
C:\Capstone\DeepfakeBench\datasets\rgb\FaceForensics++\original_sequences\youtube\c23\frames\183\018.png,183,0,train
C:\Capstone\DeepfakeBench\datasets\rgb\FaceForensics++\original_sequences\youtube\c23\frames\183\019.png,183,0,train
C:\Capstone\DeepfakeBench\datasets\rgb\FaceForensics++\original_sequences\youtube\c23\frames\183\020.png,183,0,train
C:\Capstone\DeepfakeBench\datasets\rgb\FaceForensics++\original_sequences\youtube\c23\frames\183\021.png,183,0,train
C:\Capstone\DeepfakeBench\datasets\rgb\FaceForensics++\original_sequences\youtube\c23\frames\183\022.png,183,0,train
C:\Capstone\DeepfakeBench\datasets\rgb\FaceForensics++\original_sequences\youtube\c23\frames\183\023.png,183,0,train
C:\Capstone\DeepfakeBench\datasets\rgb\FaceForensics++\original_sequences\youtube\c23\frames\183\024.png,183,0,train
C:\Capstone\DeepfakeBench\datasets\rgb\FaceForensics++\original_sequences\youtube\c23\frames\183\025.png,183,0,train
C:\Capstone\DeepfakeBench\datasets\rgb\FaceForensics++\original_sequences\youtube\c23\frames\183\026.png,183,0,train
C:\Capstone\DeepfakeBench\datasets\rgb\FaceForensics++\original_sequences\youtube\c23\frames\183\027.png,183,0,train
C:\Capstone\DeepfakeBench\datasets\rgb\FaceForensics++\original_sequences\youtube\c23\frames\183\028.png,183,0,train
C:\Capstone\DeepfakeBench\datasets\rgb\FaceForensics++\original_sequences\youtube\c23\frames\183\029.png,183,0,train
C:\Capstone\DeepfakeBench\datasets\rgb\FaceForensics++\original_sequences\youtube\c23\frames\183\030.png,183,0,train
C:\Capstone\DeepfakeBench\datasets\rgb\FaceForensics++\original_sequences\youtube\c23\frames\183\031.png,183,0,train
C:\Capstone\DeepfakeBench\datasets\rgb\FaceForensics++\original_sequences\youtube\c23\frames\150\000.png,150,0,train
C:\Capstone\DeepfakeBench\datasets\rgb\FaceForensics++\original_sequences\youtube\c23\frames\150\001.png,150,0,train
C:\Capstone\DeepfakeBench\datasets\rgb\FaceForensics++\original_sequences\youtube\c23\frames\150\002.png,150,0,train
C:\Capstone\DeepfakeBench\datasets\rgb\FaceForensics++\original_sequences\youtube\c23\frames\150\003.png,150,0,train
C:\Capstone\DeepfakeBench\datasets\rgb\FaceForensics++\original_sequences\youtube\c23\frames\150\004.png,150,0,train
C:\Capstone\DeepfakeBench\datasets\rgb\FaceForensics++\original_sequences\youtube\c23\frames\150\005.png,150,0,train
C:\Capstone\DeepfakeBench\datasets\rgb\FaceForensics++\original_sequences\youtube\c23\frames\150\006.png,150,0,train
C:\Capstone\DeepfakeBench\datasets\rgb\FaceForensics++\original_sequences\youtube\c23\frames\150\007.png,150,0,train
C:\Capstone\DeepfakeBench\datasets\rgb\FaceForensics++\original_sequences\youtube\c23\frames\150\008.png,150,0,train
C:\Capstone\DeepfakeBench\datasets\rgb\FaceForensics++\original_sequences\youtube\c23\frames\150\009.png,150,0,train
C:\Capstone\DeepfakeBench\datasets\rgb\FaceForensics++\original_sequences\youtube\c23\frames\150\010.png,150,0,train
C:\Capstone\DeepfakeBench\datasets\rgb\FaceForensics++\original_sequences\youtube\c23\frames\150\011.png,150,0,train
C:\Capstone\DeepfakeBench\datasets\rgb\FaceForensics++\original_sequences\youtube\c23\frames\150\012.png,150,0,train
C:\Capstone\DeepfakeBench\datasets\rgb\FaceForensics++\original_sequences\youtube\c23\frames\150\013.png,150,0,train
C:\Capstone\DeepfakeBench\datasets\rgb\FaceForensics++\original_sequences\youtube\c23\frames\150\014.png,150,0,train
C:\Capstone\DeepfakeBench\datasets\rgb\FaceForensics++\original_sequences\youtube\c23\frames\150\015.png,150,0,train
C:\Capstone\DeepfakeBench\datasets\rgb\FaceForensics++\original_sequences\youtube\c23\frames\150\016.png,150,0,train
C:\Capstone\DeepfakeBench\datasets\rgb\FaceForensics++\original_sequences\youtube\c23\frames\150\017.png,150,0,train
C:\Capstone\DeepfakeBench\datasets\rgb\FaceForensics++\original_sequences\youtube\c23\frames\150\018.png,150,0,train
C:\Capstone\DeepfakeBench\datasets\rgb\FaceForensics++\original_sequences\youtube\c23\frames\150\019.png,150,0,train
C:\Capstone\DeepfakeBench\datasets\rgb\FaceForensics++\original_sequences\youtube\c23\frames\150\020.png,150,0,train
C:\Capstone\DeepfakeBench\datasets\rgb\FaceForensics++\original_sequences\youtube\c23\frames\150\021.png,150,0,train
C:\Capstone\DeepfakeBench\datasets\rgb\FaceForensics++\original_sequences\youtube\c23\frames\150\022.png,150,0,train
C:\Capstone\DeepfakeBench\datasets\rgb\FaceForensics++\original_sequences\youtube\c23\frames\150\023.png,150,0,train
C:\Capstone\DeepfakeBench\datasets\rgb\FaceForensics++\original_sequences\youtube\c23\frames\150\024.png,150,0,train
C:\Capstone\DeepfakeBench\datasets\rgb\FaceForensics++\original_sequences\youtube\c23\frames\150\025.png,150,0,train
C:\Capstone\DeepfakeBench\datasets\rgb\FaceForensics++\original_sequences\youtube\c23\frames\150\026.png,150,0,train
C:\Capstone\DeepfakeBench\datasets\rgb\FaceForensics++\original_sequences\youtube\c23\frames\150\027.png,150,0,train
C:\Capstone\DeepfakeBench\datasets\rgb\FaceForensics++\original_sequences\youtube\c23\frames\150\028.png,150,0,train
C:\Capstone\DeepfakeBench\datasets\rgb\FaceForensics++\original_sequences\youtube\c23\frames\150\029.png,150,0,train
C:\Capstone\DeepfakeBench\datasets\rgb\FaceForensics++\original_sequences\youtube\c23\frames\150\030.png,150,0,train
C:\Capstone\DeepfakeBench\datasets\rgb\FaceForensics++\original_sequences\youtube\c23\frames\150\031.png,150,0,train
C:\Capstone\DeepfakeBench\datasets\rgb\FaceForensics++\manipulated_sequences\Deepfakes\c23\frames\794_779\000.png,794_779,1,train
C:\Capstone\DeepfakeBench\datasets\rgb\FaceForensics++\manipulated_sequences\Deepfakes\c23\frames\794_779\001.png,794_779,1,train
C:\Capstone\DeepfakeBench\datasets\rgb\FaceForensics++\manipulated_sequences\Deepfakes\c23\frames\794_779\002.png,794_779,1,train
C:\Capstone\DeepfakeBench\datasets\rgb\FaceForensics++\manipulated_sequences\Deepfakes\c23\frames\794_779\003.png,794_779,1,train
C:\Capstone\DeepfakeBench\datasets\rgb\FaceForensics++\manipulated_sequences\Deepfakes\c23\frames\794_779\004.png,794_779,1,train
C:\Capstone\DeepfakeBench\datasets\rgb\FaceForensics++\manipulated_sequences\Deepfakes\c23\frames\794_779\005.png,794_779,1,train
C:\Capstone\DeepfakeBench\datasets\rgb\FaceForensics++\manipulated_sequences\Deepfakes\c23\frames\794_779\006.png,794_779,1,train
C:\Capstone\DeepfakeBench\datasets\rgb\FaceForensics++\manipulated_sequences\Deepfakes\c23\frames\794_779\007.png,794_779,1,train
C:\Capstone\DeepfakeBench\datasets\rgb\FaceForensics++\manipulated_sequences\Deepfakes\c23\frames\794_779\008.png,794_779,1,train
C:\Capstone\DeepfakeBench\datasets\rgb\FaceForensics++\manipulated_sequences\Deepfakes\c23\frames\794_779\009.png,794_779,1,train
C:\Capstone\DeepfakeBench\datasets\rgb\FaceForensics++\manipulated_sequences\Deepfakes\c23\frames\794_779\010.png,794_779,1,train
C:\Capstone\DeepfakeBench\datasets\rgb\FaceForensics++\manipulated_sequences\Deepfakes\c23\frames\794_779\011.png,794_779,1,train
C:\Capstone\DeepfakeBench\datasets\rgb\FaceForensics++\manipulated_sequences\Deepfakes\c23\frames\794_779\012.png,794_779,1,train
C:\Capstone\DeepfakeBench\datasets\rgb\FaceForensics++\manipulated_sequences\Deepfakes\c23\frames\794_779\013.png,794_779,1,train
C:\Capstone\DeepfakeBench\datasets\rgb\FaceForensics++\manipulated_sequences\Deepfakes\c23\frames\794_779\014.png,794_779,1,train
C:\Capstone\DeepfakeBench\datasets\rgb\FaceForensics++\manipulated_sequences\Deepfakes\c23\frames\794_779\015.png,794_779,1,train
C:\Capstone\DeepfakeBench\datasets\rgb\FaceForensics++\manipulated_sequences\Deepfakes\c23\frames\794_779\016.png,794_779,1,train
C:\Capstone\DeepfakeBench\datasets\rgb\FaceForensics++\manipulated_sequences\Deepfakes\c23\frames\794_779\017.png,794_779,1,train
C:\Capstone\DeepfakeBench\datasets\rgb\FaceForensics++\manipulated_sequences\Deepfakes\c23\frames\794_779\018.png,794_779,1,train
C:\Capstone\DeepfakeBench\datasets\rgb\FaceForensics++\manipulated_sequences\Deepfakes\c23\frames\794_779\019.png,794_779,1,train
C:\Capstone\DeepfakeBench\datasets\rgb\FaceForensics++\manipulated_sequences\Deepfakes\c23\frames\794_779\020.png,794_779,1,train
C:\Capstone\DeepfakeBench\datasets\rgb\FaceForensics++\manipulated_sequences\Deepfakes\c23\frames\794_779\021.png,794_779,1,train
C:\Capstone\DeepfakeBench\datasets\rgb\FaceForensics++\manipulated_sequences\Deepfakes\c23\frames\794_779\022.png,794_779,1,train
C:\Capstone\DeepfakeBench\datasets\rgb\FaceForensics++\manipulated_sequences\Deepfakes\c23\frames\794_779\023.png,794_779,1,train
C:\Capstone\DeepfakeBench\datasets\rgb\FaceForensics++\manipulated_sequences\Deepfakes\c23\frames\794_779\024.png,794_779,1,train
C:\Capstone\DeepfakeBench\datasets\rgb\FaceForensics++\manipulated_sequences\Deepfakes\c23\frames\794_779\025.png,794_779,1,train
C:\Capstone\DeepfakeBench\datasets\rgb\FaceForensics++\manipulated_sequences\Deepfakes\c23\frames\794_779\026.png,794_779,1,train
C:\Capstone\DeepfakeBench\datasets\rgb\FaceForensics++\manipulated_sequences\Deepfakes\c23\frames\794_779\027.png,794_779,1,train
C:\Capstone\DeepfakeBench\datasets\rgb\FaceForensics++\manipulated_sequences\Deepfakes\c23\frames\794_779\028.png,794_779,1,train
C:\Capstone\DeepfakeBench\datasets\rgb\FaceForensics++\manipulated_sequences\Deepfakes\c23\frames\794_779\029.png,794_779,1,train
C:\Capstone\DeepfakeBench\datasets\rgb\FaceForensics++\manipulated_sequences\Deepfakes\c23\frames\794_779\030.png,794_779,1,train
C:\Capstone\DeepfakeBench\datasets\rgb\FaceForensics++\manipulated_sequences\Deepfakes\c23\frames\794_779\031.png,794_779,1,train
C:\Capstone\DeepfakeBench\datasets\rgb\FaceForensics++\manipulated_sequences\Deepfakes\c23\frames\438_434\000.png,438_434,1,train
C:\Capstone\DeepfakeBench\datasets\rgb\FaceForensics++\manipulated_sequences\Deepfakes\c23\frames\438_434\001.png,438_434,1,train
C:\Capstone\DeepfakeBench\datasets\rgb\FaceForensics++\manipulated_sequences\Deepfakes\c23\frames\438_434\002.png,438_434,1,train
C:\Capstone\DeepfakeBench\datasets\rgb\FaceForensics++\manipulated_sequences\Deepfakes\c23\frames\438_434\003.png,438_434,1,train
C:\Capstone\DeepfakeBench\datasets\rgb\FaceForensics++\manipulated_sequences\Deepfakes\c23\frames\438_434\004.png,438_434,1,train
C:\Capstone\DeepfakeBench\datasets\rgb\FaceForensics++\manipulated_sequences\Deepfakes\c23\frames\438_434\005.png,438_434,1,train
C:\Capstone\DeepfakeBench\datasets\rgb\FaceForensics++\manipulated_sequences\Deepfakes\c23\frames\438_434\006.png,438_434,1,train
C:\Capstone\DeepfakeBench\datasets\rgb\FaceForensics++\manipulated_sequences\Deepfakes\c23\frames\438_434\007.png,438_434,1,train
C:\Capstone\DeepfakeBench\datasets\rgb\FaceForensics++\manipulated_sequences\Deepfakes\c23\frames\438_434\008.png,438_434,1,train
C:\Capstone\DeepfakeBench\datasets\rgb\FaceForensics++\manipulated_sequences\Deepfakes\c23\frames\438_434\009.png,438_434,1,train
C:\Capstone\DeepfakeBench\datasets\rgb\FaceForensics++\manipulated_sequences\Deepfakes\c23\frames\438_434\010.png,438_434,1,train
C:\Capstone\DeepfakeBench\datasets\rgb\FaceForensics++\manipulated_sequences\Deepfakes\c23\frames\438_434\011.png,438_434,1,train
C:\Capstone\DeepfakeBench\datasets\rgb\FaceForensics++\manipulated_sequences\Deepfakes\c23\frames\438_434\012.png,438_434,1,train
C:\Capstone\DeepfakeBench\datasets\rgb\FaceForensics++\manipulated_sequences\Deepfakes\c23\frames\438_434\013.png,438_434,1,train
C:\Capstone\DeepfakeBench\datasets\rgb\FaceForensics++\manipulated_sequences\Deepfakes\c23\frames\438_434\014.png,438_434,1,train
C:\Capstone\DeepfakeBench\datasets\rgb\FaceForensics++\manipulated_sequences\Deepfakes\c23\frames\438_434\015.png,438_434,1,train
C:\Capstone\DeepfakeBench\datasets\rgb\FaceForensics++\manipulated_sequences\Deepfakes\c23\frames\438_434\016.png,438_434,1,train
C:\Capstone\DeepfakeBench\datasets\rgb\FaceForensics++\manipulated_sequences\Deepfakes\c23\frames\438_434\017.png,438_434,1,train
C:\Capstone\DeepfakeBench\datasets\rgb\FaceForensics++\manipulated_sequences\Deepfakes\c23\frames\438_434\018.png,438_434,1,train
C:\Capstone\DeepfakeBench\datasets\rgb\FaceForensics++\manipulated_sequences\Deepfakes\c23\frames\438_434\019.png,438_434,1,train
C:\Capstone\DeepfakeBench\datasets\rgb\FaceForensics++\manipulated_sequences\Deepfakes\c23\frames\438_434\020.png,438_434,1,train
C:\Capstone\DeepfakeBench\datasets\rgb\FaceForensics++\manipulated_sequences\Deepfakes\c23\frames\438_434\021.png,438_434,1,train
C:\Capstone\DeepfakeBench\datasets\rgb\FaceForensics++\manipulated_sequences\Deepfakes\c23\frames\438_434\022.png,438_434,1,train
C:\Capstone\DeepfakeBench\datasets\rgb\FaceForensics++\manipulated_sequences\Deepfakes\c23\frames\438_434\023.png,438_434,1,train
C:\Capstone\DeepfakeBench\datasets\rgb\FaceForensics++\manipulated_sequences\Deepfakes\c23\frames\438_434\024.png,438_434,1,train
C:\Capstone\DeepfakeBench\datasets\rgb\FaceForensics++\manipulated_sequences\Deepfakes\c23\frames\438_434\025.png,438_434,1,train
C:\Capstone\DeepfakeBench\datasets\rgb\FaceForensics++\manipulated_sequences\Deepfakes\c23\frames\438_434\026.png,438_434,1,train
C:\Capstone\DeepfakeBench\datasets\rgb\FaceForensics++\manipulated_sequences\Deepfakes\c23\frames\438_434\027.png,438_434,1,train
C:\Capstone\DeepfakeBench\datasets\rgb\FaceForensics++\manipulated_sequences\Deepfakes\c23\frames\438_434\028.png,438_434,1,train
C:\Capstone\DeepfakeBench\datasets\rgb\FaceForensics++\manipulated_sequences\Deepfakes\c23\frames\438_434\029.png,438_434,1,train
C:\Capstone\DeepfakeBench\datasets\rgb\FaceForensics++\manipulated_sequences\Deepfakes\c23\frames\438_434\030.png,438_434,1,train
C:\Capstone\DeepfakeBench\datasets\rgb\FaceForensics++\manipulated_sequences\Deepfakes\c23\frames\438_434\031.png,438_434,1,train
C:\Capstone\DeepfakeBench\datasets\rgb\FaceForensics++\manipulated_sequences\Deepfakes\c23\frames\828_830\000.png,828_830,1,train
C:\Capstone\DeepfakeBench\datasets\rgb\FaceForensics++\manipulated_sequences\Deepfakes\c23\frames\828_830\001.png,828_830,1,train
C:\Capstone\DeepfakeBench\datasets\rgb\FaceForensics++\manipulated_sequences\Deepfakes\c23\frames\828_830\002.png,828_830,1,train
C:\Capstone\DeepfakeBench\datasets\rgb\FaceForensics++\manipulated_sequences\Deepfakes\c23\frames\828_830\003.png,828_830,1,train
C:\Capstone\DeepfakeBench\datasets\rgb\FaceForensics++\manipulated_sequences\Deepfakes\c23\frames\828_830\004.png,828_830,1,train
C:\Capstone\DeepfakeBench\datasets\rgb\FaceForensics++\manipulated_sequences\Deepfakes\c23\frames\828_830\005.png,828_830,1,train
C:\Capstone\DeepfakeBench\datasets\rgb\FaceForensics++\manipulated_sequences\Deepfakes\c23\frames\828_830\006.png,828_830,1,train
C:\Capstone\DeepfakeBench\datasets\rgb\FaceForensics++\manipulated_sequences\Deepfakes\c23\frames\828_830\007.png,828_830,1,train
C:\Capstone\DeepfakeBench\datasets\rgb\FaceForensics++\manipulated_sequences\Deepfakes\c23\frames\828_830\008.png,828_830,1,train
C:\Capstone\DeepfakeBench\datasets\rgb\FaceForensics++\manipulated_sequences\Deepfakes\c23\frames\828_830\009.png,828_830,1,train
C:\Capstone\DeepfakeBench\datasets\rgb\FaceForensics++\manipulated_sequences\Deepfakes\c23\frames\828_830\010.png,828_830,1,train
C:\Capstone\DeepfakeBench\datasets\rgb\FaceForensics++\manipulated_sequences\Deepfakes\c23\frames\828_830\011.png,828_830,1,train
C:\Capstone\DeepfakeBench\datasets\rgb\FaceForensics++\manipulated_sequences\Deepfakes\c23\frames\828_830\012.png,828_830,1,train
C:\Capstone\DeepfakeBench\datasets\rgb\FaceForensics++\manipulated_sequences\Deepfakes\c23\frames\828_830\013.png,828_830,1,train
C:\Capstone\DeepfakeBench\datasets\rgb\FaceForensics++\manipulated_sequences\Deepfakes\c23\frames\828_830\014.png,828_830,1,train
C:\Capstone\DeepfakeBench\datasets\rgb\FaceForensics++\manipulated_sequences\Deepfakes\c23\frames\828_830\015.png,828_830,1,train
C:\Capstone\DeepfakeBench\datasets\rgb\FaceForensics++\manipulated_sequences\Deepfakes\c23\frames\828_830\016.png,828_830,1,train
C:\Capstone\DeepfakeBench\datasets\rgb\FaceForensics++\manipulated_sequences\Deepfakes\c23\frames\828_830\017.png,828_830,1,train
C:\Capstone\DeepfakeBench\datasets\rgb\FaceForensics++\manipulated_sequences\Deepfakes\c23\frames\828_830\018.png,828_830,1,train
C:\Capstone\DeepfakeBench\datasets\rgb\FaceForensics++\manipulated_sequences\Deepfakes\c23\frames\828_830\019.png,828_830,1,train
C:\Capstone\DeepfakeBench\datasets\rgb\FaceForensics++\manipulated_sequences\Deepfakes\c23\frames\828_830\020.png,828_830,1,train
C:\Capstone\DeepfakeBench\datasets\rgb\FaceForensics++\manipulated_sequences\Deepfakes\c23\frames\828_830\021.png,828_830,1,train
C:\Capstone\DeepfakeBench\datasets\rgb\FaceForensics++\manipulated_sequences\Deepfakes\c23\frames\828_830\022.png,828_830,1,train
C:\Capstone\DeepfakeBench\datasets\rgb\FaceForensics++\manipulated_sequences\Deepfakes\c23\frames\828_830\023.png,828_830,1,train
C:\Capstone\DeepfakeBench\datasets\rgb\FaceForensics++\manipulated_sequences\Deepfakes\c23\frames\828_830\024.png,828_830,1,train
C:\Capstone\DeepfakeBench\datasets\rgb\FaceForensics++\manipulated_sequences\Deepfakes\c23\frames\828_830\025.png,828_830,1,train
C:\Capstone\DeepfakeBench\datasets\rgb\FaceForensics++\manipulated_sequences\Deepfakes\c23\frames\828_830\026.png,828_830,1,train
C:\Capstone\DeepfakeBench\datasets\rgb\FaceForensics++\manipulated_sequences\Deepfakes\c23\frames\828_830\027.png,828_830,1,train
C:\Capstone\DeepfakeBench\datasets\rgb\FaceForensics++\manipulated_sequences\Deepfakes\c23\frames\828_830\028.png,828_830,1,train
C:\Capstone\DeepfakeBench\datasets\rgb\FaceForensics++\manipulated_sequences\Deepfakes\c23\frames\828_830\029.png,828_830,1,train
C:\Capstone\DeepfakeBench\datasets\rgb\FaceForensics++\manipulated_sequences\Deepfakes\c23\frames\828_830\030.png,828_830,1,train
C:\Capstone\DeepfakeBench\datasets\rgb\FaceForensics++\manipulated_sequences\Deepfakes\c23\frames\828_830\031.png,828_830,1,train
C:\Capstone\DeepfakeBench\datasets\rgb\FaceForensics++\original_sequences\youtube\c23\frames\648\000.png,648,0,train
C:\Capstone\DeepfakeBench\datasets\rgb\FaceForensics++\original_sequences\youtube\c23\frames\648\001.png,648,0,train
C:\Capstone\DeepfakeBench\datasets\rgb\FaceForensics++\original_sequences\youtube\c23\frames\648\002.png,648,0,train
C:\Capstone\DeepfakeBench\datasets\rgb\FaceForensics++\original_sequences\youtube\c23\frames\648\003.png,648,0,train
C:\Capstone\DeepfakeBench\datasets\rgb\FaceForensics++\original_sequences\youtube\c23\frames\648\004.png,648,0,train
C:\Capstone\DeepfakeBench\datasets\rgb\FaceForensics++\original_sequences\youtube\c23\frames\648\005.png,648,0,train
C:\Capstone\DeepfakeBench\datasets\rgb\FaceForensics++\original_sequences\youtube\c23\frames\648\006.png,648,0,train
C:\Capstone\DeepfakeBench\datasets\rgb\FaceForensics++\original_sequences\youtube\c23\frames\648\007.png,648,0,train
C:\Capstone\DeepfakeBench\datasets\rgb\FaceForensics++\original_sequences\youtube\c23\frames\648\008.png,648,0,train
C:\Capstone\DeepfakeBench\datasets\rgb\FaceForensics++\original_sequences\youtube\c23\frames\648\009.png,648,0,train
C:\Capstone\DeepfakeBench\datasets\rgb\FaceForensics++\original_sequences\youtube\c23\frames\648\010.png,648,0,train
C:\Capstone\DeepfakeBench\datasets\rgb\FaceForensics++\original_sequences\youtube\c23\frames\648\011.png,648,0,train
C:\Capstone\DeepfakeBench\datasets\rgb\FaceForensics++\original_sequences\youtube\c23\frames\648\012.png,648,0,train
C:\Capstone\DeepfakeBench\datasets\rgb\FaceForensics++\original_sequences\youtube\c23\frames\648\013.png,648,0,train
C:\Capstone\DeepfakeBench\datasets\rgb\FaceForensics++\original_sequences\youtube\c23\frames\648\014.png,648,0,train
C:\Capstone\DeepfakeBench\datasets\rgb\FaceForensics++\original_sequences\youtube\c23\frames\648\015.png,648,0,train
C:\Capstone\DeepfakeBench\datasets\rgb\FaceForensics++\original_sequences\youtube\c23\frames\648\016.png,648,0,train
C:\Capstone\DeepfakeBench\datasets\rgb\FaceForensics++\original_sequences\youtube\c23\frames\648\017.png,648,0,train
C:\Capstone\DeepfakeBench\datasets\rgb\FaceForensics++\original_sequences\youtube\c23\frames\648\018.png,648,0,train
C:\Capstone\DeepfakeBench\datasets\rgb\FaceForensics++\original_sequences\youtube\c23\frames\648\019.png,648,0,train
C:\Capstone\DeepfakeBench\datasets\rgb\FaceForensics++\original_sequences\youtube\c23\frames\648\020.png,648,0,train
C:\Capstone\DeepfakeBench\datasets\rgb\FaceForensics++\original_sequences\youtube\c23\frames\648\021.png,648,0,train
C:\Capstone\DeepfakeBench\datasets\rgb\FaceForensics++\original_sequences\youtube\c23\frames\648\022.png,648,0,train
C:\Capstone\DeepfakeBench\datasets\rgb\FaceForensics++\original_sequences\youtube\c23\frames\648\023.png,648,0,train
C:\Capstone\DeepfakeBench\datasets\rgb\FaceForensics++\original_sequences\youtube\c23\frames\648\024.png,648,0,train
C:\Capstone\DeepfakeBench\datasets\rgb\FaceForensics++\original_sequences\youtube\c23\frames\648\025.png,648,0,train
C:\Capstone\DeepfakeBench\datasets\rgb\FaceForensics++\original_sequences\youtube\c23\frames\648\026.png,648,0,train
C:\Capstone\DeepfakeBench\datasets\rgb\FaceForensics++\original_sequences\youtube\c23\frames\648\027.png,648,0,train
C:\Capstone\DeepfakeBench\datasets\rgb\FaceForensics++\original_sequences\youtube\c23\frames\648\028.png,648,0,train
C:\Capstone\DeepfakeBench\datasets\rgb\FaceForensics++\original_sequences\youtube\c23\frames\648\029.png,648,0,train
C:\Capstone\DeepfakeBench\datasets\rgb\FaceForensics++\original_sequences\youtube\c23\frames\648\030.png,648,0,train
C:\Capstone\DeepfakeBench\datasets\rgb\FaceForensics++\original_sequences\youtube\c23\frames\648\031.png,648,0,train
C:\Capstone\DeepfakeBench\datasets\rgb\FaceForensics++\original_sequences\youtube\c23\frames\896\000.png,896,0,train
C:\Capstone\DeepfakeBench\datasets\rgb\FaceForensics++\original_sequences\youtube\c23\frames\896\001.png,896,0,train
C:\Capstone\DeepfakeBench\datasets\rgb\FaceForensics++\original_sequences\youtube\c23\frames\896\002.png,896,0,train
C:\Capstone\DeepfakeBench\datasets\rgb\FaceForensics++\original_sequences\youtube\c23\frames\896\003.png,896,0,train
C:\Capstone\DeepfakeBench\datasets\rgb\FaceForensics++\original_sequences\youtube\c23\frames\896\004.png,896,0,train
C:\Capstone\DeepfakeBench\datasets\rgb\FaceForensics++\original_sequences\youtube\c23\frames\896\005.png,896,0,train
C:\Capstone\DeepfakeBench\datasets\rgb\FaceForensics++\original_sequences\youtube\c23\frames\896\006.png,896,0,train
C:\Capstone\DeepfakeBench\datasets\rgb\FaceForensics++\original_sequences\youtube\c23\frames\896\007.png,896,0,train
C:\Capstone\DeepfakeBench\datasets\rgb\FaceForensics++\original_sequences\youtube\c23\frames\896\008.png,896,0,train
C:\Capstone\DeepfakeBench\datasets\rgb\FaceForensics++\original_sequences\youtube\c23\frames\896\009.png,896,0,train
C:\Capstone\DeepfakeBench\datasets\rgb\FaceForensics++\original_sequences\youtube\c23\frames\896\010.png,896,0,train
C:\Capstone\DeepfakeBench\datasets\rgb\FaceForensics++\original_sequences\youtube\c23\frames\896\011.png,896,0,train
C:\Capstone\DeepfakeBench\datasets\rgb\FaceForensics++\original_sequences\youtube\c23\frames\896\012.png,896,0,train
C:\Capstone\DeepfakeBench\datasets\rgb\FaceForensics++\original_sequences\youtube\c23\frames\896\013.png,896,0,train
C:\Capstone\DeepfakeBench\datasets\rgb\FaceForensics++\original_sequences\youtube\c23\frames\896\014.png,896,0,train
C:\Capstone\DeepfakeBench\datasets\rgb\FaceForensics++\original_sequences\youtube\c23\frames\896\015.png,896,0,train
C:\Capstone\DeepfakeBench\datasets\rgb\FaceForensics++\original_sequences\youtube\c23\frames\896\016.png,896,0,train
C:\Capstone\DeepfakeBench\datasets\rgb\FaceForensics++\original_sequences\youtube\c23\frames\896\017.png,896,0,train
C:\Capstone\DeepfakeBench\datasets\rgb\FaceForensics++\original_sequences\youtube\c23\frames\896\018.png,896,0,train
C:\Capstone\DeepfakeBench\datasets\rgb\FaceForensics++\original_sequences\youtube\c23\frames\896\019.png,896,0,train
C:\Capstone\DeepfakeBench\datasets\rgb\FaceForensics++\original_sequences\youtube\c23\frames\896\020.png,896,0,train
C:\Capstone\DeepfakeBench\datasets\rgb\FaceForensics++\original_sequences\youtube\c23\frames\896\021.png,896,0,train
C:\Capstone\DeepfakeBench\datasets\rgb\FaceForensics++\original_sequences\youtube\c23\frames\896\022.png,896,0,train
C:\Capstone\DeepfakeBench\datasets\rgb\FaceForensics++\original_sequences\youtube\c23\frames\896\023.png,896,0,train
C:\Capstone\DeepfakeBench\datasets\rgb\FaceForensics++\original_sequences\youtube\c23\frames\896\024.png,896,0,train
C:\Capstone\DeepfakeBench\datasets\rgb\FaceForensics++\original_sequences\youtube\c23\frames\896\025.png,896,0,train
C:\Capstone\DeepfakeBench\datasets\rgb\FaceForensics++\original_sequences\youtube\c23\frames\896\026.png,896,0,train
C:\Capstone\DeepfakeBench\datasets\rgb\FaceForensics++\original_sequences\youtube\c23\frames\896\027.png,896,0,train
C:\Capstone\DeepfakeBench\datasets\rgb\FaceForensics++\original_sequences\youtube\c23\frames\896\028.png,896,0,train
C:\Capstone\DeepfakeBench\datasets\rgb\FaceForensics++\original_sequences\youtube\c23\frames\896\029.png,896,0,train
C:\Capstone\DeepfakeBench\datasets\rgb\FaceForensics++\original_sequences\youtube\c23\frames\896\030.png,896,0,train
C:\Capstone\DeepfakeBench\datasets\rgb\FaceForensics++\original_sequences\youtube\c23\frames\896\031.png,896,0,train
C:\Capstone\DeepfakeBench\datasets\rgb\FaceForensics++\manipulated_sequences\Deepfakes\c23\frames\648_654\000.png,648_654,1,train
C:\Capstone\DeepfakeBench\datasets\rgb\FaceForensics++\manipulated_sequences\Deepfakes\c23\frames\648_654\001.png,648_654,1,train
C:\Capstone\DeepfakeBench\datasets\rgb\FaceForensics++\manipulated_sequences\Deepfakes\c23\frames\648_654\002.png,648_654,1,train
C:\Capstone\DeepfakeBench\datasets\rgb\FaceForensics++\manipulated_sequences\Deepfakes\c23\frames\648_654\003.png,648_654,1,train
C:\Capstone\DeepfakeBench\datasets\rgb\FaceForensics++\manipulated_sequences\Deepfakes\c23\frames\648_654\004.png,648_654,1,train
C:\Capstone\DeepfakeBench\datasets\rgb\FaceForensics++\manipulated_sequences\Deepfakes\c23\frames\648_654\005.png,648_654,1,train
C:\Capstone\DeepfakeBench\datasets\rgb\FaceForensics++\manipulated_sequences\Deepfakes\c23\frames\648_654\006.png,648_654,1,train
C:\Capstone\DeepfakeBench\datasets\rgb\FaceForensics++\manipulated_sequences\Deepfakes\c23\frames\648_654\007.png,648_654,1,train
C:\Capstone\DeepfakeBench\datasets\rgb\FaceForensics++\manipulated_sequences\Deepfakes\c23\frames\648_654\008.png,648_654,1,train
C:\Capstone\DeepfakeBench\datasets\rgb\FaceForensics++\manipulated_sequences\Deepfakes\c23\frames\648_654\009.png,648_654,1,train
C:\Capstone\DeepfakeBench\datasets\rgb\FaceForensics++\manipulated_sequences\Deepfakes\c23\frames\648_654\010.png,648_654,1,train
C:\Capstone\DeepfakeBench\datasets\rgb\FaceForensics++\manipulated_sequences\Deepfakes\c23\frames\648_654\011.png,648_654,1,train
C:\Capstone\DeepfakeBench\datasets\rgb\FaceForensics++\manipulated_sequences\Deepfakes\c23\frames\648_654\012.png,648_654,1,train
C:\Capstone\DeepfakeBench\datasets\rgb\FaceForensics++\manipulated_sequences\Deepfakes\c23\frames\648_654\013.png,648_654,1,train
C:\Capstone\DeepfakeBench\datasets\rgb\FaceForensics++\manipulated_sequences\Deepfakes\c23\frames\648_654\014.png,648_654,1,train
C:\Capstone\DeepfakeBench\datasets\rgb\FaceForensics++\manipulated_sequences\Deepfakes\c23\frames\648_654\015.png,648_654,1,train
C:\Capstone\DeepfakeBench\datasets\rgb\FaceForensics++\manipulated_sequences\Deepfakes\c23\frames\648_654\016.png,648_654,1,train
C:\Capstone\DeepfakeBench\datasets\rgb\FaceForensics++\manipulated_sequences\Deepfakes\c23\frames\648_654\017.png,648_654,1,train
C:\Capstone\DeepfakeBench\datasets\rgb\FaceForensics++\manipulated_sequences\Deepfakes\c23\frames\648_654\018.png,648_654,1,train
C:\Capstone\DeepfakeBench\datasets\rgb\FaceForensics++\manipulated_sequences\Deepfakes\c23\frames\648_654\019.png,648_654,1,train
C:\Capstone\DeepfakeBench\datasets\rgb\FaceForensics++\manipulated_sequences\Deepfakes\c23\frames\648_654\020.png,648_654,1,train
C:\Capstone\DeepfakeBench\datasets\rgb\FaceForensics++\manipulated_sequences\Deepfakes\c23\frames\648_654\021.png,648_654,1,train
C:\Capstone\DeepfakeBench\datasets\rgb\FaceForensics++\manipulated_sequences\Deepfakes\c23\frames\648_654\022.png,648_654,1,train
C:\Capstone\DeepfakeBench\datasets\rgb\FaceForensics++\manipulated_sequences\Deepfakes\c23\frames\648_654\023.png,648_654,1,train
C:\Capstone\DeepfakeBench\datasets\rgb\FaceForensics++\manipulated_sequences\Deepfakes\c23\frames\648_654\024.png,648_654,1,train
C:\Capstone\DeepfakeBench\datasets\rgb\FaceForensics++\manipulated_sequences\Deepfakes\c23\frames\648_654\025.png,648_654,1,train
C:\Capstone\DeepfakeBench\datasets\rgb\FaceForensics++\manipulated_sequences\Deepfakes\c23\frames\648_654\026.png,648_654,1,train
C:\Capstone\DeepfakeBench\datasets\rgb\FaceForensics++\manipulated_sequences\Deepfakes\c23\frames\648_654\027.png,648_654,1,train
C:\Capstone\DeepfakeBench\datasets\rgb\FaceForensics++\manipulated_sequences\Deepfakes\c23\frames\648_654\028.png,648_654,1,train
C:\Capstone\DeepfakeBench\datasets\rgb\FaceForensics++\manipulated_sequences\Deepfakes\c23\frames\648_654\029.png,648_654,1,train
C:\Capstone\DeepfakeBench\datasets\rgb\FaceForensics++\manipulated_sequences\Deepfakes\c23\frames\648_654\030.png,648_654,1,train
C:\Capstone\DeepfakeBench\datasets\rgb\FaceForensics++\manipulated_sequences\Deepfakes\c23\frames\648_654\031.png,648_654,1,train
C:\Capstone\DeepfakeBench\datasets\rgb\FaceForensics++\original_sequences\youtube\c23\frames\438\000.png,438,0,train
C:\Capstone\DeepfakeBench\datasets\rgb\FaceForensics++\original_sequences\youtube\c23\frames\438\001.png,438,0,train
C:\Capstone\DeepfakeBench\datasets\rgb\FaceForensics++\original_sequences\youtube\c23\frames\438\002.png,438,0,train
C:\Capstone\DeepfakeBench\datasets\rgb\FaceForensics++\original_sequences\youtube\c23\frames\438\003.png,438,0,train
C:\Capstone\DeepfakeBench\datasets\rgb\FaceForensics++\original_sequences\youtube\c23\frames\438\004.png,438,0,train
C:\Capstone\DeepfakeBench\datasets\rgb\FaceForensics++\original_sequences\youtube\c23\frames\438\005.png,438,0,train
C:\Capstone\DeepfakeBench\datasets\rgb\FaceForensics++\original_sequences\youtube\c23\frames\438\006.png,438,0,train
C:\Capstone\DeepfakeBench\datasets\rgb\FaceForensics++\original_sequences\youtube\c23\frames\438\007.png,438,0,train
C:\Capstone\DeepfakeBench\datasets\rgb\FaceForensics++\original_sequences\youtube\c23\frames\438\008.png,438,0,train
C:\Capstone\DeepfakeBench\datasets\rgb\FaceForensics++\original_sequences\youtube\c23\frames\438\009.png,438,0,train
C:\Capstone\DeepfakeBench\datasets\rgb\FaceForensics++\original_sequences\youtube\c23\frames\438\010.png,438,0,train
C:\Capstone\DeepfakeBench\datasets\rgb\FaceForensics++\original_sequences\youtube\c23\frames\438\011.png,438,0,train
C:\Capstone\DeepfakeBench\datasets\rgb\FaceForensics++\original_sequences\youtube\c23\frames\438\012.png,438,0,train
C:\Capstone\DeepfakeBench\datasets\rgb\FaceForensics++\original_sequences\youtube\c23\frames\438\013.png,438,0,train
C:\Capstone\DeepfakeBench\datasets\rgb\FaceForensics++\original_sequences\youtube\c23\frames\438\014.png,438,0,train
C:\Capstone\DeepfakeBench\datasets\rgb\FaceForensics++\original_sequences\youtube\c23\frames\438\015.png,438,0,train
C:\Capstone\DeepfakeBench\datasets\rgb\FaceForensics++\original_sequences\youtube\c23\frames\438\016.png,438,0,train
C:\Capstone\DeepfakeBench\datasets\rgb\FaceForensics++\original_sequences\youtube\c23\frames\438\017.png,438,0,train
C:\Capstone\DeepfakeBench\datasets\rgb\FaceForensics++\original_sequences\youtube\c23\frames\438\018.png,438,0,train
C:\Capstone\DeepfakeBench\datasets\rgb\FaceForensics++\original_sequences\youtube\c23\frames\438\019.png,438,0,train
C:\Capstone\DeepfakeBench\datasets\rgb\FaceForensics++\original_sequences\youtube\c23\frames\438\020.png,438,0,train
C:\Capstone\DeepfakeBench\datasets\rgb\FaceForensics++\original_sequences\youtube\c23\frames\438\021.png,438,0,train
C:\Capstone\DeepfakeBench\datasets\rgb\FaceForensics++\original_sequences\youtube\c23\frames\438\022.png,438,0,train
C:\Capstone\DeepfakeBench\datasets\rgb\FaceForensics++\original_sequences\youtube\c23\frames\438\023.png,438,0,train
C:\Capstone\DeepfakeBench\datasets\rgb\FaceForensics++\original_sequences\youtube\c23\frames\438\024.png,438,0,train
C:\Capstone\DeepfakeBench\datasets\rgb\FaceForensics++\original_sequences\youtube\c23\frames\438\025.png,438,0,train
C:\Capstone\DeepfakeBench\datasets\rgb\FaceForensics++\original_sequences\youtube\c23\frames\438\026.png,438,0,train
C:\Capstone\DeepfakeBench\datasets\rgb\FaceForensics++\original_sequences\youtube\c23\frames\438\027.png,438,0,train
C:\Capstone\DeepfakeBench\datasets\rgb\FaceForensics++\original_sequences\youtube\c23\frames\438\028.png,438,0,train
C:\Capstone\DeepfakeBench\datasets\rgb\FaceForensics++\original_sequences\youtube\c23\frames\438\029.png,438,0,train
C:\Capstone\DeepfakeBench\datasets\rgb\FaceForensics++\original_sequences\youtube\c23\frames\438\030.png,438,0,train
C:\Capstone\DeepfakeBench\datasets\rgb\FaceForensics++\original_sequences\youtube\c23\frames\438\031.png,438,0,train
C:\Capstone\DeepfakeBench\datasets\rgb\FaceForensics++\manipulated_sequences\Deepfakes\c23\frames\046_904\000.png,046_904,1,train
C:\Capstone\DeepfakeBench\datasets\rgb\FaceForensics++\manipulated_sequences\Deepfakes\c23\frames\046_904\001.png,046_904,1,train
C:\Capstone\DeepfakeBench\datasets\rgb\FaceForensics++\manipulated_sequences\Deepfakes\c23\frames\046_904\002.png,046_904,1,train
C:\Capstone\DeepfakeBench\datasets\rgb\FaceForensics++\manipulated_sequences\Deepfakes\c23\frames\046_904\003.png,046_904,1,train
C:\Capstone\DeepfakeBench\datasets\rgb\FaceForensics++\manipulated_sequences\Deepfakes\c23\frames\046_904\004.png,046_904,1,train
C:\Capstone\DeepfakeBench\datasets\rgb\FaceForensics++\manipulated_sequences\Deepfakes\c23\frames\046_904\005.png,046_904,1,train
C:\Capstone\DeepfakeBench\datasets\rgb\FaceForensics++\manipulated_sequences\Deepfakes\c23\frames\046_904\006.png,046_904,1,train
C:\Capstone\DeepfakeBench\datasets\rgb\FaceForensics++\manipulated_sequences\Deepfakes\c23\frames\046_904\007.png,046_904,1,train
C:\Capstone\DeepfakeBench\datasets\rgb\FaceForensics++\manipulated_sequences\Deepfakes\c23\frames\046_904\008.png,046_904,1,train
C:\Capstone\DeepfakeBench\datasets\rgb\FaceForensics++\manipulated_sequences\Deepfakes\c23\frames\046_904\009.png,046_904,1,train
C:\Capstone\DeepfakeBench\datasets\rgb\FaceForensics++\manipulated_sequences\Deepfakes\c23\frames\046_904\010.png,046_904,1,train
C:\Capstone\DeepfakeBench\datasets\rgb\FaceForensics++\manipulated_sequences\Deepfakes\c23\frames\046_904\011.png,046_904,1,train
C:\Capstone\DeepfakeBench\datasets\rgb\FaceForensics++\manipulated_sequences\Deepfakes\c23\frames\046_904\012.png,046_904,1,train
C:\Capstone\DeepfakeBench\datasets\rgb\FaceForensics++\manipulated_sequences\Deepfakes\c23\frames\046_904\013.png,046_904,1,train
C:\Capstone\DeepfakeBench\datasets\rgb\FaceForensics++\manipulated_sequences\Deepfakes\c23\frames\046_904\014.png,046_904,1,train
C:\Capstone\DeepfakeBench\datasets\rgb\FaceForensics++\manipulated_sequences\Deepfakes\c23\frames\046_904\015.png,046_904,1,train
C:\Capstone\DeepfakeBench\datasets\rgb\FaceForensics++\manipulated_sequences\Deepfakes\c23\frames\046_904\016.png,046_904,1,train
C:\Capstone\DeepfakeBench\datasets\rgb\FaceForensics++\manipulated_sequences\Deepfakes\c23\frames\046_904\017.png,046_904,1,train
C:\Capstone\DeepfakeBench\datasets\rgb\FaceForensics++\manipulated_sequences\Deepfakes\c23\frames\046_904\018.png,046_904,1,train
C:\Capstone\DeepfakeBench\datasets\rgb\FaceForensics++\manipulated_sequences\Deepfakes\c23\frames\046_904\019.png,046_904,1,train
C:\Capstone\DeepfakeBench\datasets\rgb\FaceForensics++\manipulated_sequences\Deepfakes\c23\frames\046_904\020.png,046_904,1,train
C:\Capstone\DeepfakeBench\datasets\rgb\FaceForensics++\manipulated_sequences\Deepfakes\c23\frames\046_904\021.png,046_904,1,train
C:\Capstone\DeepfakeBench\datasets\rgb\FaceForensics++\manipulated_sequences\Deepfakes\c23\frames\046_904\022.png,046_904,1,train
C:\Capstone\DeepfakeBench\datasets\rgb\FaceForensics++\manipulated_sequences\Deepfakes\c23\frames\046_904\023.png,046_904,1,train
C:\Capstone\DeepfakeBench\datasets\rgb\FaceForensics++\manipulated_sequences\Deepfakes\c23\frames\046_904\024.png,046_904,1,train
C:\Capstone\DeepfakeBench\datasets\rgb\FaceForensics++\manipulated_sequences\Deepfakes\c23\frames\046_904\025.png,046_904,1,train
C:\Capstone\DeepfakeBench\datasets\rgb\FaceForensics++\manipulated_sequences\Deepfakes\c23\frames\046_904\026.png,046_904,1,train
C:\Capstone\DeepfakeBench\datasets\rgb\FaceForensics++\manipulated_sequences\Deepfakes\c23\frames\046_904\027.png,046_904,1,train
C:\Capstone\DeepfakeBench\datasets\rgb\FaceForensics++\manipulated_sequences\Deepfakes\c23\frames\046_904\028.png,046_904,1,train
C:\Capstone\DeepfakeBench\datasets\rgb\FaceForensics++\manipulated_sequences\Deepfakes\c23\frames\046_904\029.png,046_904,1,train
C:\Capstone\DeepfakeBench\datasets\rgb\FaceForensics++\manipulated_sequences\Deepfakes\c23\frames\046_904\030.png,046_904,1,train
C:\Capstone\DeepfakeBench\datasets\rgb\FaceForensics++\manipulated_sequences\Deepfakes\c23\frames\046_904\031.png,046_904,1,train
C:\Capstone\DeepfakeBench\datasets\rgb\FaceForensics++\original_sequences\youtube\c23\frames\828\000.png,828,0,train
C:\Capstone\DeepfakeBench\datasets\rgb\FaceForensics++\original_sequences\youtube\c23\frames\828\001.png,828,0,train
C:\Capstone\DeepfakeBench\datasets\rgb\FaceForensics++\original_sequences\youtube\c23\frames\828\002.png,828,0,train
C:\Capstone\DeepfakeBench\datasets\rgb\FaceForensics++\original_sequences\youtube\c23\frames\828\003.png,828,0,train
C:\Capstone\DeepfakeBench\datasets\rgb\FaceForensics++\original_sequences\youtube\c23\frames\828\004.png,828,0,train
C:\Capstone\DeepfakeBench\datasets\rgb\FaceForensics++\original_sequences\youtube\c23\frames\828\005.png,828,0,train
C:\Capstone\DeepfakeBench\datasets\rgb\FaceForensics++\original_sequences\youtube\c23\frames\828\006.png,828,0,train
C:\Capstone\DeepfakeBench\datasets\rgb\FaceForensics++\original_sequences\youtube\c23\frames\828\007.png,828,0,train
C:\Capstone\DeepfakeBench\datasets\rgb\FaceForensics++\original_sequences\youtube\c23\frames\828\008.png,828,0,train
C:\Capstone\DeepfakeBench\datasets\rgb\FaceForensics++\original_sequences\youtube\c23\frames\828\009.png,828,0,train
C:\Capstone\DeepfakeBench\datasets\rgb\FaceForensics++\original_sequences\youtube\c23\frames\828\010.png,828,0,train
C:\Capstone\DeepfakeBench\datasets\rgb\FaceForensics++\original_sequences\youtube\c23\frames\828\011.png,828,0,train
C:\Capstone\DeepfakeBench\datasets\rgb\FaceForensics++\original_sequences\youtube\c23\frames\828\012.png,828,0,train
C:\Capstone\DeepfakeBench\datasets\rgb\FaceForensics++\original_sequences\youtube\c23\frames\828\013.png,828,0,train
C:\Capstone\DeepfakeBench\datasets\rgb\FaceForensics++\original_sequences\youtube\c23\frames\828\014.png,828,0,train
C:\Capstone\DeepfakeBench\datasets\rgb\FaceForensics++\original_sequences\youtube\c23\frames\828\015.png,828,0,train
C:\Capstone\DeepfakeBench\datasets\rgb\FaceForensics++\original_sequences\youtube\c23\frames\828\016.png,828,0,train
C:\Capstone\DeepfakeBench\datasets\rgb\FaceForensics++\original_sequences\youtube\c23\frames\828\017.png,828,0,train
C:\Capstone\DeepfakeBench\datasets\rgb\FaceForensics++\original_sequences\youtube\c23\frames\828\018.png,828,0,train
C:\Capstone\DeepfakeBench\datasets\rgb\FaceForensics++\original_sequences\youtube\c23\frames\828\019.png,828,0,train
C:\Capstone\DeepfakeBench\datasets\rgb\FaceForensics++\original_sequences\youtube\c23\frames\828\020.png,828,0,train
C:\Capstone\DeepfakeBench\datasets\rgb\FaceForensics++\original_sequences\youtube\c23\frames\828\021.png,828,0,train
C:\Capstone\DeepfakeBench\datasets\rgb\FaceForensics++\original_sequences\youtube\c23\frames\828\022.png,828,0,train
C:\Capstone\DeepfakeBench\datasets\rgb\FaceForensics++\original_sequences\youtube\c23\frames\828\023.png,828,0,train
C:\Capstone\DeepfakeBench\datasets\rgb\FaceForensics++\original_sequences\youtube\c23\frames\828\024.png,828,0,train
C:\Capstone\DeepfakeBench\datasets\rgb\FaceForensics++\original_sequences\youtube\c23\frames\828\025.png,828,0,train
C:\Capstone\DeepfakeBench\datasets\rgb\FaceForensics++\original_sequences\youtube\c23\frames\828\026.png,828,0,train
C:\Capstone\DeepfakeBench\datasets\rgb\FaceForensics++\original_sequences\youtube\c23\frames\828\027.png,828,0,train
C:\Capstone\DeepfakeBench\datasets\rgb\FaceForensics++\original_sequences\youtube\c23\frames\828\028.png,828,0,train
C:\Capstone\DeepfakeBench\datasets\rgb\FaceForensics++\original_sequences\youtube\c23\frames\828\029.png,828,0,train
C:\Capstone\DeepfakeBench\datasets\rgb\FaceForensics++\original_sequences\youtube\c23\frames\828\030.png,828,0,train
C:\Capstone\DeepfakeBench\datasets\rgb\FaceForensics++\original_sequences\youtube\c23\frames\828\031.png,828,0,train
C:\Capstone\DeepfakeBench\datasets\rgb\FaceForensics++\original_sequences\youtube\c23\frames\554\000.png,554,0,train
C:\Capstone\DeepfakeBench\datasets\rgb\FaceForensics++\original_sequences\youtube\c23\frames\554\001.png,554,0,train
C:\Capstone\DeepfakeBench\datasets\rgb\FaceForensics++\original_sequences\youtube\c23\frames\554\002.png,554,0,train
C:\Capstone\DeepfakeBench\datasets\rgb\FaceForensics++\original_sequences\youtube\c23\frames\554\003.png,554,0,train
C:\Capstone\DeepfakeBench\datasets\rgb\FaceForensics++\original_sequences\youtube\c23\frames\554\004.png,554,0,train
C:\Capstone\DeepfakeBench\datasets\rgb\FaceForensics++\original_sequences\youtube\c23\frames\554\005.png,554,0,train
C:\Capstone\DeepfakeBench\datasets\rgb\FaceForensics++\original_sequences\youtube\c23\frames\554\006.png,554,0,train
C:\Capstone\DeepfakeBench\datasets\rgb\FaceForensics++\original_sequences\youtube\c23\frames\554\007.png,554,0,train
C:\Capstone\DeepfakeBench\datasets\rgb\FaceForensics++\original_sequences\youtube\c23\frames\554\008.png,554,0,train
C:\Capstone\DeepfakeBench\datasets\rgb\FaceForensics++\original_sequences\youtube\c23\frames\554\009.png,554,0,train
C:\Capstone\DeepfakeBench\datasets\rgb\FaceForensics++\original_sequences\youtube\c23\frames\554\010.png,554,0,train
C:\Capstone\DeepfakeBench\datasets\rgb\FaceForensics++\original_sequences\youtube\c23\frames\554\011.png,554,0,train
C:\Capstone\DeepfakeBench\datasets\rgb\FaceForensics++\original_sequences\youtube\c23\frames\554\012.png,554,0,train
C:\Capstone\DeepfakeBench\datasets\rgb\FaceForensics++\original_sequences\youtube\c23\frames\554\013.png,554,0,train
C:\Capstone\DeepfakeBench\datasets\rgb\FaceForensics++\original_sequences\youtube\c23\frames\554\014.png,554,0,train
C:\Capstone\DeepfakeBench\datasets\rgb\FaceForensics++\original_sequences\youtube\c23\frames\554\015.png,554,0,train
C:\Capstone\DeepfakeBench\datasets\rgb\FaceForensics++\original_sequences\youtube\c23\frames\554\016.png,554,0,train
C:\Capstone\DeepfakeBench\datasets\rgb\FaceForensics++\original_sequences\youtube\c23\frames\554\017.png,554,0,train
C:\Capstone\DeepfakeBench\datasets\rgb\FaceForensics++\original_sequences\youtube\c23\frames\554\018.png,554,0,train
C:\Capstone\DeepfakeBench\datasets\rgb\FaceForensics++\original_sequences\youtube\c23\frames\554\019.png,554,0,train
C:\Capstone\DeepfakeBench\datasets\rgb\FaceForensics++\original_sequences\youtube\c23\frames\554\020.png,554,0,train
C:\Capstone\DeepfakeBench\datasets\rgb\FaceForensics++\original_sequences\youtube\c23\frames\554\021.png,554,0,train
C:\Capstone\DeepfakeBench\datasets\rgb\FaceForensics++\original_sequences\youtube\c23\frames\554\022.png,554,0,train
C:\Capstone\DeepfakeBench\datasets\rgb\FaceForensics++\original_sequences\youtube\c23\frames\554\023.png,554,0,train
C:\Capstone\DeepfakeBench\datasets\rgb\FaceForensics++\original_sequences\youtube\c23\frames\554\024.png,554,0,train
C:\Capstone\DeepfakeBench\datasets\rgb\FaceForensics++\original_sequences\youtube\c23\frames\554\025.png,554,0,train
C:\Capstone\DeepfakeBench\datasets\rgb\FaceForensics++\original_sequences\youtube\c23\frames\554\026.png,554,0,train
C:\Capstone\DeepfakeBench\datasets\rgb\FaceForensics++\original_sequences\youtube\c23\frames\554\027.png,554,0,train
C:\Capstone\DeepfakeBench\datasets\rgb\FaceForensics++\original_sequences\youtube\c23\frames\554\028.png,554,0,train
C:\Capstone\DeepfakeBench\datasets\rgb\FaceForensics++\original_sequences\youtube\c23\frames\554\029.png,554,0,train
C:\Capstone\DeepfakeBench\datasets\rgb\FaceForensics++\original_sequences\youtube\c23\frames\554\030.png,554,0,train
C:\Capstone\DeepfakeBench\datasets\rgb\FaceForensics++\original_sequences\youtube\c23\frames\554\031.png,554,0,train
C:\Capstone\DeepfakeBench\datasets\rgb\FaceForensics++\manipulated_sequences\Deepfakes\c23\frames\980_992\000.png,980_992,1,train
C:\Capstone\DeepfakeBench\datasets\rgb\FaceForensics++\manipulated_sequences\Deepfakes\c23\frames\980_992\001.png,980_992,1,train
C:\Capstone\DeepfakeBench\datasets\rgb\FaceForensics++\manipulated_sequences\Deepfakes\c23\frames\980_992\002.png,980_992,1,train
C:\Capstone\DeepfakeBench\datasets\rgb\FaceForensics++\manipulated_sequences\Deepfakes\c23\frames\980_992\003.png,980_992,1,train
C:\Capstone\DeepfakeBench\datasets\rgb\FaceForensics++\manipulated_sequences\Deepfakes\c23\frames\980_992\004.png,980_992,1,train
C:\Capstone\DeepfakeBench\datasets\rgb\FaceForensics++\manipulated_sequences\Deepfakes\c23\frames\980_992\005.png,980_992,1,train
C:\Capstone\DeepfakeBench\datasets\rgb\FaceForensics++\manipulated_sequences\Deepfakes\c23\frames\980_992\006.png,980_992,1,train
C:\Capstone\DeepfakeBench\datasets\rgb\FaceForensics++\manipulated_sequences\Deepfakes\c23\frames\980_992\007.png,980_992,1,train
C:\Capstone\DeepfakeBench\datasets\rgb\FaceForensics++\manipulated_sequences\Deepfakes\c23\frames\980_992\008.png,980_992,1,train
C:\Capstone\DeepfakeBench\datasets\rgb\FaceForensics++\manipulated_sequences\Deepfakes\c23\frames\980_992\009.png,980_992,1,train
C:\Capstone\DeepfakeBench\datasets\rgb\FaceForensics++\manipulated_sequences\Deepfakes\c23\frames\980_992\010.png,980_992,1,train
C:\Capstone\DeepfakeBench\datasets\rgb\FaceForensics++\manipulated_sequences\Deepfakes\c23\frames\980_992\011.png,980_992,1,train
C:\Capstone\DeepfakeBench\datasets\rgb\FaceForensics++\manipulated_sequences\Deepfakes\c23\frames\980_992\012.png,980_992,1,train
C:\Capstone\DeepfakeBench\datasets\rgb\FaceForensics++\manipulated_sequences\Deepfakes\c23\frames\980_992\013.png,980_992,1,train
C:\Capstone\DeepfakeBench\datasets\rgb\FaceForensics++\manipulated_sequences\Deepfakes\c23\frames\980_992\014.png,980_992,1,train
C:\Capstone\DeepfakeBench\datasets\rgb\FaceForensics++\manipulated_sequences\Deepfakes\c23\frames\980_992\015.png,980_992,1,train
C:\Capstone\DeepfakeBench\datasets\rgb\FaceForensics++\manipulated_sequences\Deepfakes\c23\frames\980_992\016.png,980_992,1,train
C:\Capstone\DeepfakeBench\datasets\rgb\FaceForensics++\manipulated_sequences\Deepfakes\c23\frames\980_992\017.png,980_992,1,train
C:\Capstone\DeepfakeBench\datasets\rgb\FaceForensics++\manipulated_sequences\Deepfakes\c23\frames\980_992\018.png,980_992,1,train
C:\Capstone\DeepfakeBench\datasets\rgb\FaceForensics++\manipulated_sequences\Deepfakes\c23\frames\980_992\019.png,980_992,1,train
C:\Capstone\DeepfakeBench\datasets\rgb\FaceForensics++\manipulated_sequences\Deepfakes\c23\frames\980_992\020.png,980_992,1,train
C:\Capstone\DeepfakeBench\datasets\rgb\FaceForensics++\manipulated_sequences\Deepfakes\c23\frames\980_992\021.png,980_992,1,train
C:\Capstone\DeepfakeBench\datasets\rgb\FaceForensics++\manipulated_sequences\Deepfakes\c23\frames\980_992\022.png,980_992,1,train
C:\Capstone\DeepfakeBench\datasets\rgb\FaceForensics++\manipulated_sequences\Deepfakes\c23\frames\980_992\023.png,980_992,1,train
C:\Capstone\DeepfakeBench\datasets\rgb\FaceForensics++\manipulated_sequences\Deepfakes\c23\frames\980_992\024.png,980_992,1,train
C:\Capstone\DeepfakeBench\datasets\rgb\FaceForensics++\manipulated_sequences\Deepfakes\c23\frames\980_992\025.png,980_992,1,train
C:\Capstone\DeepfakeBench\datasets\rgb\FaceForensics++\manipulated_sequences\Deepfakes\c23\frames\980_992\026.png,980_992,1,train
C:\Capstone\DeepfakeBench\datasets\rgb\FaceForensics++\manipulated_sequences\Deepfakes\c23\frames\980_992\027.png,980_992,1,train
C:\Capstone\DeepfakeBench\datasets\rgb\FaceForensics++\manipulated_sequences\Deepfakes\c23\frames\980_992\028.png,980_992,1,train
C:\Capstone\DeepfakeBench\datasets\rgb\FaceForensics++\manipulated_sequences\Deepfakes\c23\frames\980_992\029.png,980_992,1,train
C:\Capstone\DeepfakeBench\datasets\rgb\FaceForensics++\manipulated_sequences\Deepfakes\c23\frames\980_992\030.png,980_992,1,train
C:\Capstone\DeepfakeBench\datasets\rgb\FaceForensics++\manipulated_sequences\Deepfakes\c23\frames\980_992\031.png,980_992,1,train
C:\Capstone\DeepfakeBench\datasets\rgb\FaceForensics++\original_sequences\youtube\c23\frames\897\000.png,897,0,train
C:\Capstone\DeepfakeBench\datasets\rgb\FaceForensics++\original_sequences\youtube\c23\frames\897\001.png,897,0,train
C:\Capstone\DeepfakeBench\datasets\rgb\FaceForensics++\original_sequences\youtube\c23\frames\897\002.png,897,0,train
C:\Capstone\DeepfakeBench\datasets\rgb\FaceForensics++\original_sequences\youtube\c23\frames\897\003.png,897,0,train
C:\Capstone\DeepfakeBench\datasets\rgb\FaceForensics++\original_sequences\youtube\c23\frames\897\004.png,897,0,train
C:\Capstone\DeepfakeBench\datasets\rgb\FaceForensics++\original_sequences\youtube\c23\frames\897\005.png,897,0,train
C:\Capstone\DeepfakeBench\datasets\rgb\FaceForensics++\original_sequences\youtube\c23\frames\897\006.png,897,0,train
C:\Capstone\DeepfakeBench\datasets\rgb\FaceForensics++\original_sequences\youtube\c23\frames\897\007.png,897,0,train
C:\Capstone\DeepfakeBench\datasets\rgb\FaceForensics++\original_sequences\youtube\c23\frames\897\008.png,897,0,train
C:\Capstone\DeepfakeBench\datasets\rgb\FaceForensics++\original_sequences\youtube\c23\frames\897\009.png,897,0,train
C:\Capstone\DeepfakeBench\datasets\rgb\FaceForensics++\original_sequences\youtube\c23\frames\897\010.png,897,0,train
C:\Capstone\DeepfakeBench\datasets\rgb\FaceForensics++\original_sequences\youtube\c23\frames\897\011.png,897,0,train
C:\Capstone\DeepfakeBench\datasets\rgb\FaceForensics++\original_sequences\youtube\c23\frames\897\012.png,897,0,train
C:\Capstone\DeepfakeBench\datasets\rgb\FaceForensics++\original_sequences\youtube\c23\frames\897\013.png,897,0,train
C:\Capstone\DeepfakeBench\datasets\rgb\FaceForensics++\original_sequences\youtube\c23\frames\897\014.png,897,0,train
C:\Capstone\DeepfakeBench\datasets\rgb\FaceForensics++\original_sequences\youtube\c23\frames\897\015.png,897,0,train
C:\Capstone\DeepfakeBench\datasets\rgb\FaceForensics++\original_sequences\youtube\c23\frames\897\016.png,897,0,train
C:\Capstone\DeepfakeBench\datasets\rgb\FaceForensics++\original_sequences\youtube\c23\frames\897\017.png,897,0,train
C:\Capstone\DeepfakeBench\datasets\rgb\FaceForensics++\original_sequences\youtube\c23\frames\897\018.png,897,0,train
C:\Capstone\DeepfakeBench\datasets\rgb\FaceForensics++\original_sequences\youtube\c23\frames\897\019.png,897,0,train
C:\Capstone\DeepfakeBench\datasets\rgb\FaceForensics++\original_sequences\youtube\c23\frames\897\020.png,897,0,train
C:\Capstone\DeepfakeBench\datasets\rgb\FaceForensics++\original_sequences\youtube\c23\frames\897\021.png,897,0,train
C:\Capstone\DeepfakeBench\datasets\rgb\FaceForensics++\original_sequences\youtube\c23\frames\897\022.png,897,0,train
C:\Capstone\DeepfakeBench\datasets\rgb\FaceForensics++\original_sequences\youtube\c23\frames\897\023.png,897,0,train
C:\Capstone\DeepfakeBench\datasets\rgb\FaceForensics++\original_sequences\youtube\c23\frames\897\024.png,897,0,train
C:\Capstone\DeepfakeBench\datasets\rgb\FaceForensics++\original_sequences\youtube\c23\frames\897\025.png,897,0,train
C:\Capstone\DeepfakeBench\datasets\rgb\FaceForensics++\original_sequences\youtube\c23\frames\897\026.png,897,0,train
C:\Capstone\DeepfakeBench\datasets\rgb\FaceForensics++\original_sequences\youtube\c23\frames\897\027.png,897,0,train
C:\Capstone\DeepfakeBench\datasets\rgb\FaceForensics++\original_sequences\youtube\c23\frames\897\028.png,897,0,train
C:\Capstone\DeepfakeBench\datasets\rgb\FaceForensics++\original_sequences\youtube\c23\frames\897\029.png,897,0,train
C:\Capstone\DeepfakeBench\datasets\rgb\FaceForensics++\original_sequences\youtube\c23\frames\897\030.png,897,0,train
C:\Capstone\DeepfakeBench\datasets\rgb\FaceForensics++\original_sequences\youtube\c23\frames\897\031.png,897,0,train
C:\Capstone\DeepfakeBench\datasets\rgb\FaceForensics++\manipulated_sequences\Deepfakes\c23\frames\175_159\000.png,175_159,1,train
C:\Capstone\DeepfakeBench\datasets\rgb\FaceForensics++\manipulated_sequences\Deepfakes\c23\frames\175_159\001.png,175_159,1,train
C:\Capstone\DeepfakeBench\datasets\rgb\FaceForensics++\manipulated_sequences\Deepfakes\c23\frames\175_159\002.png,175_159,1,train
C:\Capstone\DeepfakeBench\datasets\rgb\FaceForensics++\manipulated_sequences\Deepfakes\c23\frames\175_159\003.png,175_159,1,train
C:\Capstone\DeepfakeBench\datasets\rgb\FaceForensics++\manipulated_sequences\Deepfakes\c23\frames\175_159\004.png,175_159,1,train
C:\Capstone\DeepfakeBench\datasets\rgb\FaceForensics++\manipulated_sequences\Deepfakes\c23\frames\175_159\005.png,175_159,1,train
C:\Capstone\DeepfakeBench\datasets\rgb\FaceForensics++\manipulated_sequences\Deepfakes\c23\frames\175_159\006.png,175_159,1,train
C:\Capstone\DeepfakeBench\datasets\rgb\FaceForensics++\manipulated_sequences\Deepfakes\c23\frames\175_159\007.png,175_159,1,train
C:\Capstone\DeepfakeBench\datasets\rgb\FaceForensics++\manipulated_sequences\Deepfakes\c23\frames\175_159\008.png,175_159,1,train
C:\Capstone\DeepfakeBench\datasets\rgb\FaceForensics++\manipulated_sequences\Deepfakes\c23\frames\175_159\009.png,175_159,1,train
C:\Capstone\DeepfakeBench\datasets\rgb\FaceForensics++\manipulated_sequences\Deepfakes\c23\frames\175_159\010.png,175_159,1,train
C:\Capstone\DeepfakeBench\datasets\rgb\FaceForensics++\manipulated_sequences\Deepfakes\c23\frames\175_159\011.png,175_159,1,train
C:\Capstone\DeepfakeBench\datasets\rgb\FaceForensics++\manipulated_sequences\Deepfakes\c23\frames\175_159\012.png,175_159,1,train
C:\Capstone\DeepfakeBench\datasets\rgb\FaceForensics++\manipulated_sequences\Deepfakes\c23\frames\175_159\013.png,175_159,1,train
C:\Capstone\DeepfakeBench\datasets\rgb\FaceForensics++\manipulated_sequences\Deepfakes\c23\frames\175_159\014.png,175_159,1,train
C:\Capstone\DeepfakeBench\datasets\rgb\FaceForensics++\manipulated_sequences\Deepfakes\c23\frames\175_159\015.png,175_159,1,train
C:\Capstone\DeepfakeBench\datasets\rgb\FaceForensics++\manipulated_sequences\Deepfakes\c23\frames\175_159\016.png,175_159,1,train
C:\Capstone\DeepfakeBench\datasets\rgb\FaceForensics++\manipulated_sequences\Deepfakes\c23\frames\175_159\017.png,175_159,1,train
C:\Capstone\DeepfakeBench\datasets\rgb\FaceForensics++\manipulated_sequences\Deepfakes\c23\frames\175_159\018.png,175_159,1,train
C:\Capstone\DeepfakeBench\datasets\rgb\FaceForensics++\manipulated_sequences\Deepfakes\c23\frames\175_159\019.png,175_159,1,train
C:\Capstone\DeepfakeBench\datasets\rgb\FaceForensics++\manipulated_sequences\Deepfakes\c23\frames\175_159\020.png,175_159,1,train
C:\Capstone\DeepfakeBench\datasets\rgb\FaceForensics++\manipulated_sequences\Deepfakes\c23\frames\175_159\021.png,175_159,1,train
C:\Capstone\DeepfakeBench\datasets\rgb\FaceForensics++\manipulated_sequences\Deepfakes\c23\frames\175_159\022.png,175_159,1,train
C:\Capstone\DeepfakeBench\datasets\rgb\FaceForensics++\manipulated_sequences\Deepfakes\c23\frames\175_159\023.png,175_159,1,train
C:\Capstone\DeepfakeBench\datasets\rgb\FaceForensics++\manipulated_sequences\Deepfakes\c23\frames\175_159\024.png,175_159,1,train
C:\Capstone\DeepfakeBench\datasets\rgb\FaceForensics++\manipulated_sequences\Deepfakes\c23\frames\175_159\025.png,175_159,1,train
C:\Capstone\DeepfakeBench\datasets\rgb\FaceForensics++\manipulated_sequences\Deepfakes\c23\frames\175_159\026.png,175_159,1,train
C:\Capstone\DeepfakeBench\datasets\rgb\FaceForensics++\manipulated_sequences\Deepfakes\c23\frames\175_159\027.png,175_159,1,train
C:\Capstone\DeepfakeBench\datasets\rgb\FaceForensics++\manipulated_sequences\Deepfakes\c23\frames\175_159\028.png,175_159,1,train
C:\Capstone\DeepfakeBench\datasets\rgb\FaceForensics++\manipulated_sequences\Deepfakes\c23\frames\175_159\029.png,175_159,1,train
C:\Capstone\DeepfakeBench\datasets\rgb\FaceForensics++\manipulated_sequences\Deepfakes\c23\frames\175_159\030.png,175_159,1,train
C:\Capstone\DeepfakeBench\datasets\rgb\FaceForensics++\manipulated_sequences\Deepfakes\c23\frames\175_159\031.png,175_159,1,train
C:\Capstone\DeepfakeBench\datasets\rgb\FaceForensics++\manipulated_sequences\Deepfakes\c23\frames\107_109\000.png,107_109,1,train
C:\Capstone\DeepfakeBench\datasets\rgb\FaceForensics++\manipulated_sequences\Deepfakes\c23\frames\107_109\001.png,107_109,1,train
C:\Capstone\DeepfakeBench\datasets\rgb\FaceForensics++\manipulated_sequences\Deepfakes\c23\frames\107_109\002.png,107_109,1,train
C:\Capstone\DeepfakeBench\datasets\rgb\FaceForensics++\manipulated_sequences\Deepfakes\c23\frames\107_109\003.png,107_109,1,train
C:\Capstone\DeepfakeBench\datasets\rgb\FaceForensics++\manipulated_sequences\Deepfakes\c23\frames\107_109\004.png,107_109,1,train
C:\Capstone\DeepfakeBench\datasets\rgb\FaceForensics++\manipulated_sequences\Deepfakes\c23\frames\107_109\005.png,107_109,1,train
C:\Capstone\DeepfakeBench\datasets\rgb\FaceForensics++\manipulated_sequences\Deepfakes\c23\frames\107_109\006.png,107_109,1,train
C:\Capstone\DeepfakeBench\datasets\rgb\FaceForensics++\manipulated_sequences\Deepfakes\c23\frames\107_109\007.png,107_109,1,train
C:\Capstone\DeepfakeBench\datasets\rgb\FaceForensics++\manipulated_sequences\Deepfakes\c23\frames\107_109\008.png,107_109,1,train
C:\Capstone\DeepfakeBench\datasets\rgb\FaceForensics++\manipulated_sequences\Deepfakes\c23\frames\107_109\009.png,107_109,1,train
C:\Capstone\DeepfakeBench\datasets\rgb\FaceForensics++\manipulated_sequences\Deepfakes\c23\frames\107_109\010.png,107_109,1,train
C:\Capstone\DeepfakeBench\datasets\rgb\FaceForensics++\manipulated_sequences\Deepfakes\c23\frames\107_109\011.png,107_109,1,train
C:\Capstone\DeepfakeBench\datasets\rgb\FaceForensics++\manipulated_sequences\Deepfakes\c23\frames\107_109\012.png,107_109,1,train
C:\Capstone\DeepfakeBench\datasets\rgb\FaceForensics++\manipulated_sequences\Deepfakes\c23\frames\107_109\013.png,107_109,1,train
C:\Capstone\DeepfakeBench\datasets\rgb\FaceForensics++\manipulated_sequences\Deepfakes\c23\frames\107_109\014.png,107_109,1,train
C:\Capstone\DeepfakeBench\datasets\rgb\FaceForensics++\manipulated_sequences\Deepfakes\c23\frames\107_109\015.png,107_109,1,train
C:\Capstone\DeepfakeBench\datasets\rgb\FaceForensics++\manipulated_sequences\Deepfakes\c23\frames\107_109\016.png,107_109,1,train
C:\Capstone\DeepfakeBench\datasets\rgb\FaceForensics++\manipulated_sequences\Deepfakes\c23\frames\107_109\017.png,107_109,1,train
C:\Capstone\DeepfakeBench\datasets\rgb\FaceForensics++\manipulated_sequences\Deepfakes\c23\frames\107_109\018.png,107_109,1,train
C:\Capstone\DeepfakeBench\datasets\rgb\FaceForensics++\manipulated_sequences\Deepfakes\c23\frames\107_109\019.png,107_109,1,train
C:\Capstone\DeepfakeBench\datasets\rgb\FaceForensics++\manipulated_sequences\Deepfakes\c23\frames\107_109\020.png,107_109,1,train
C:\Capstone\DeepfakeBench\datasets\rgb\FaceForensics++\manipulated_sequences\Deepfakes\c23\frames\107_109\021.png,107_109,1,train
C:\Capstone\DeepfakeBench\datasets\rgb\FaceForensics++\manipulated_sequences\Deepfakes\c23\frames\107_109\022.png,107_109,1,train
C:\Capstone\DeepfakeBench\datasets\rgb\FaceForensics++\manipulated_sequences\Deepfakes\c23\frames\107_109\023.png,107_109,1,train
C:\Capstone\DeepfakeBench\datasets\rgb\FaceForensics++\manipulated_sequences\Deepfakes\c23\frames\107_109\024.png,107_109,1,train
C:\Capstone\DeepfakeBench\datasets\rgb\FaceForensics++\manipulated_sequences\Deepfakes\c23\frames\107_109\025.png,107_109,1,train
C:\Capstone\DeepfakeBench\datasets\rgb\FaceForensics++\manipulated_sequences\Deepfakes\c23\frames\107_109\026.png,107_109,1,train
C:\Capstone\DeepfakeBench\datasets\rgb\FaceForensics++\manipulated_sequences\Deepfakes\c23\frames\107_109\027.png,107_109,1,train
C:\Capstone\DeepfakeBench\datasets\rgb\FaceForensics++\manipulated_sequences\Deepfakes\c23\frames\107_109\028.png,107_109,1,train
C:\Capstone\DeepfakeBench\datasets\rgb\FaceForensics++\manipulated_sequences\Deepfakes\c23\frames\107_109\029.png,107_109,1,train
C:\Capstone\DeepfakeBench\datasets\rgb\FaceForensics++\manipulated_sequences\Deepfakes\c23\frames\107_109\030.png,107_109,1,train
C:\Capstone\DeepfakeBench\datasets\rgb\FaceForensics++\manipulated_sequences\Deepfakes\c23\frames\107_109\031.png,107_109,1,train
C:\Capstone\DeepfakeBench\datasets\rgb\FaceForensics++\manipulated_sequences\Deepfakes\c23\frames\272_396\000.png,272_396,1,train
C:\Capstone\DeepfakeBench\datasets\rgb\FaceForensics++\manipulated_sequences\Deepfakes\c23\frames\272_396\001.png,272_396,1,train
C:\Capstone\DeepfakeBench\datasets\rgb\FaceForensics++\manipulated_sequences\Deepfakes\c23\frames\272_396\002.png,272_396,1,train
C:\Capstone\DeepfakeBench\datasets\rgb\FaceForensics++\manipulated_sequences\Deepfakes\c23\frames\272_396\003.png,272_396,1,train
C:\Capstone\DeepfakeBench\datasets\rgb\FaceForensics++\manipulated_sequences\Deepfakes\c23\frames\272_396\004.png,272_396,1,train
C:\Capstone\DeepfakeBench\datasets\rgb\FaceForensics++\manipulated_sequences\Deepfakes\c23\frames\272_396\005.png,272_396,1,train
C:\Capstone\DeepfakeBench\datasets\rgb\FaceForensics++\manipulated_sequences\Deepfakes\c23\frames\272_396\006.png,272_396,1,train
C:\Capstone\DeepfakeBench\datasets\rgb\FaceForensics++\manipulated_sequences\Deepfakes\c23\frames\272_396\007.png,272_396,1,train
C:\Capstone\DeepfakeBench\datasets\rgb\FaceForensics++\manipulated_sequences\Deepfakes\c23\frames\272_396\008.png,272_396,1,train
C:\Capstone\DeepfakeBench\datasets\rgb\FaceForensics++\manipulated_sequences\Deepfakes\c23\frames\272_396\009.png,272_396,1,train
C:\Capstone\DeepfakeBench\datasets\rgb\FaceForensics++\manipulated_sequences\Deepfakes\c23\frames\272_396\010.png,272_396,1,train
C:\Capstone\DeepfakeBench\datasets\rgb\FaceForensics++\manipulated_sequences\Deepfakes\c23\frames\272_396\011.png,272_396,1,train
C:\Capstone\DeepfakeBench\datasets\rgb\FaceForensics++\manipulated_sequences\Deepfakes\c23\frames\272_396\012.png,272_396,1,train
C:\Capstone\DeepfakeBench\datasets\rgb\FaceForensics++\manipulated_sequences\Deepfakes\c23\frames\272_396\013.png,272_396,1,train
C:\Capstone\DeepfakeBench\datasets\rgb\FaceForensics++\manipulated_sequences\Deepfakes\c23\frames\272_396\014.png,272_396,1,train
C:\Capstone\DeepfakeBench\datasets\rgb\FaceForensics++\manipulated_sequences\Deepfakes\c23\frames\272_396\015.png,272_396,1,train
C:\Capstone\DeepfakeBench\datasets\rgb\FaceForensics++\manipulated_sequences\Deepfakes\c23\frames\272_396\016.png,272_396,1,train
C:\Capstone\DeepfakeBench\datasets\rgb\FaceForensics++\manipulated_sequences\Deepfakes\c23\frames\272_396\017.png,272_396,1,train
C:\Capstone\DeepfakeBench\datasets\rgb\FaceForensics++\manipulated_sequences\Deepfakes\c23\frames\272_396\018.png,272_396,1,train
C:\Capstone\DeepfakeBench\datasets\rgb\FaceForensics++\manipulated_sequences\Deepfakes\c23\frames\272_396\019.png,272_396,1,train
C:\Capstone\DeepfakeBench\datasets\rgb\FaceForensics++\manipulated_sequences\Deepfakes\c23\frames\272_396\020.png,272_396,1,train
C:\Capstone\DeepfakeBench\datasets\rgb\FaceForensics++\manipulated_sequences\Deepfakes\c23\frames\272_396\021.png,272_396,1,train
C:\Capstone\DeepfakeBench\datasets\rgb\FaceForensics++\manipulated_sequences\Deepfakes\c23\frames\272_396\022.png,272_396,1,train
C:\Capstone\DeepfakeBench\datasets\rgb\FaceForensics++\manipulated_sequences\Deepfakes\c23\frames\272_396\023.png,272_396,1,train
C:\Capstone\DeepfakeBench\datasets\rgb\FaceForensics++\manipulated_sequences\Deepfakes\c23\frames\272_396\024.png,272_396,1,train
C:\Capstone\DeepfakeBench\datasets\rgb\FaceForensics++\manipulated_sequences\Deepfakes\c23\frames\272_396\025.png,272_396,1,train
C:\Capstone\DeepfakeBench\datasets\rgb\FaceForensics++\manipulated_sequences\Deepfakes\c23\frames\272_396\026.png,272_396,1,train
C:\Capstone\DeepfakeBench\datasets\rgb\FaceForensics++\manipulated_sequences\Deepfakes\c23\frames\272_396\027.png,272_396,1,train
C:\Capstone\DeepfakeBench\datasets\rgb\FaceForensics++\manipulated_sequences\Deepfakes\c23\frames\272_396\028.png,272_396,1,train
C:\Capstone\DeepfakeBench\datasets\rgb\FaceForensics++\manipulated_sequences\Deepfakes\c23\frames\272_396\029.png,272_396,1,train
C:\Capstone\DeepfakeBench\datasets\rgb\FaceForensics++\manipulated_sequences\Deepfakes\c23\frames\272_396\030.png,272_396,1,train
C:\Capstone\DeepfakeBench\datasets\rgb\FaceForensics++\manipulated_sequences\Deepfakes\c23\frames\272_396\031.png,272_396,1,train
C:\Capstone\DeepfakeBench\datasets\rgb\FaceForensics++\manipulated_sequences\Deepfakes\c23\frames\420_257\000.png,420_257,1,train
C:\Capstone\DeepfakeBench\datasets\rgb\FaceForensics++\manipulated_sequences\Deepfakes\c23\frames\420_257\001.png,420_257,1,train
C:\Capstone\DeepfakeBench\datasets\rgb\FaceForensics++\manipulated_sequences\Deepfakes\c23\frames\420_257\002.png,420_257,1,train
C:\Capstone\DeepfakeBench\datasets\rgb\FaceForensics++\manipulated_sequences\Deepfakes\c23\frames\420_257\003.png,420_257,1,train
C:\Capstone\DeepfakeBench\datasets\rgb\FaceForensics++\manipulated_sequences\Deepfakes\c23\frames\420_257\004.png,420_257,1,train
C:\Capstone\DeepfakeBench\datasets\rgb\FaceForensics++\manipulated_sequences\Deepfakes\c23\frames\420_257\005.png,420_257,1,train
C:\Capstone\DeepfakeBench\datasets\rgb\FaceForensics++\manipulated_sequences\Deepfakes\c23\frames\420_257\006.png,420_257,1,train
C:\Capstone\DeepfakeBench\datasets\rgb\FaceForensics++\manipulated_sequences\Deepfakes\c23\frames\420_257\007.png,420_257,1,train
C:\Capstone\DeepfakeBench\datasets\rgb\FaceForensics++\manipulated_sequences\Deepfakes\c23\frames\420_257\008.png,420_257,1,train
C:\Capstone\DeepfakeBench\datasets\rgb\FaceForensics++\manipulated_sequences\Deepfakes\c23\frames\420_257\009.png,420_257,1,train
C:\Capstone\DeepfakeBench\datasets\rgb\FaceForensics++\manipulated_sequences\Deepfakes\c23\frames\420_257\010.png,420_257,1,train
C:\Capstone\DeepfakeBench\datasets\rgb\FaceForensics++\manipulated_sequences\Deepfakes\c23\frames\420_257\011.png,420_257,1,train
C:\Capstone\DeepfakeBench\datasets\rgb\FaceForensics++\manipulated_sequences\Deepfakes\c23\frames\420_257\012.png,420_257,1,train
C:\Capstone\DeepfakeBench\datasets\rgb\FaceForensics++\manipulated_sequences\Deepfakes\c23\frames\420_257\013.png,420_257,1,train
C:\Capstone\DeepfakeBench\datasets\rgb\FaceForensics++\manipulated_sequences\Deepfakes\c23\frames\420_257\014.png,420_257,1,train
C:\Capstone\DeepfakeBench\datasets\rgb\FaceForensics++\manipulated_sequences\Deepfakes\c23\frames\420_257\015.png,420_257,1,train
C:\Capstone\DeepfakeBench\datasets\rgb\FaceForensics++\manipulated_sequences\Deepfakes\c23\frames\420_257\016.png,420_257,1,train
C:\Capstone\DeepfakeBench\datasets\rgb\FaceForensics++\manipulated_sequences\Deepfakes\c23\frames\420_257\017.png,420_257,1,train
C:\Capstone\DeepfakeBench\datasets\rgb\FaceForensics++\manipulated_sequences\Deepfakes\c23\frames\420_257\018.png,420_257,1,train
C:\Capstone\DeepfakeBench\datasets\rgb\FaceForensics++\manipulated_sequences\Deepfakes\c23\frames\420_257\019.png,420_257,1,train
C:\Capstone\DeepfakeBench\datasets\rgb\FaceForensics++\manipulated_sequences\Deepfakes\c23\frames\420_257\020.png,420_257,1,train
C:\Capstone\DeepfakeBench\datasets\rgb\FaceForensics++\manipulated_sequences\Deepfakes\c23\frames\420_257\021.png,420_257,1,train
C:\Capstone\DeepfakeBench\datasets\rgb\FaceForensics++\manipulated_sequences\Deepfakes\c23\frames\420_257\022.png,420_257,1,train
C:\Capstone\DeepfakeBench\datasets\rgb\FaceForensics++\manipulated_sequences\Deepfakes\c23\frames\420_257\023.png,420_257,1,train
C:\Capstone\DeepfakeBench\datasets\rgb\FaceForensics++\manipulated_sequences\Deepfakes\c23\frames\420_257\024.png,420_257,1,train
C:\Capstone\DeepfakeBench\datasets\rgb\FaceForensics++\manipulated_sequences\Deepfakes\c23\frames\420_257\025.png,420_257,1,train
C:\Capstone\DeepfakeBench\datasets\rgb\FaceForensics++\manipulated_sequences\Deepfakes\c23\frames\420_257\026.png,420_257,1,train
C:\Capstone\DeepfakeBench\datasets\rgb\FaceForensics++\manipulated_sequences\Deepfakes\c23\frames\420_257\027.png,420_257,1,train
C:\Capstone\DeepfakeBench\datasets\rgb\FaceForensics++\manipulated_sequences\Deepfakes\c23\frames\420_257\028.png,420_257,1,train
C:\Capstone\DeepfakeBench\datasets\rgb\FaceForensics++\manipulated_sequences\Deepfakes\c23\frames\420_257\029.png,420_257,1,train
C:\Capstone\DeepfakeBench\datasets\rgb\FaceForensics++\manipulated_sequences\Deepfakes\c23\frames\420_257\030.png,420_257,1,train
C:\Capstone\DeepfakeBench\datasets\rgb\FaceForensics++\manipulated_sequences\Deepfakes\c23\frames\420_257\031.png,420_257,1,train
C:\Capstone\DeepfakeBench\datasets\rgb\FaceForensics++\original_sequences\youtube\c23\frames\272\000.png,272,0,train
C:\Capstone\DeepfakeBench\datasets\rgb\FaceForensics++\original_sequences\youtube\c23\frames\272\001.png,272,0,train
C:\Capstone\DeepfakeBench\datasets\rgb\FaceForensics++\original_sequences\youtube\c23\frames\272\002.png,272,0,train
C:\Capstone\DeepfakeBench\datasets\rgb\FaceForensics++\original_sequences\youtube\c23\frames\272\003.png,272,0,train
C:\Capstone\DeepfakeBench\datasets\rgb\FaceForensics++\original_sequences\youtube\c23\frames\272\004.png,272,0,train
C:\Capstone\DeepfakeBench\datasets\rgb\FaceForensics++\original_sequences\youtube\c23\frames\272\005.png,272,0,train
C:\Capstone\DeepfakeBench\datasets\rgb\FaceForensics++\original_sequences\youtube\c23\frames\272\006.png,272,0,train
C:\Capstone\DeepfakeBench\datasets\rgb\FaceForensics++\original_sequences\youtube\c23\frames\272\007.png,272,0,train
C:\Capstone\DeepfakeBench\datasets\rgb\FaceForensics++\original_sequences\youtube\c23\frames\272\008.png,272,0,train
C:\Capstone\DeepfakeBench\datasets\rgb\FaceForensics++\original_sequences\youtube\c23\frames\272\009.png,272,0,train
C:\Capstone\DeepfakeBench\datasets\rgb\FaceForensics++\original_sequences\youtube\c23\frames\272\010.png,272,0,train
C:\Capstone\DeepfakeBench\datasets\rgb\FaceForensics++\original_sequences\youtube\c23\frames\272\011.png,272,0,train
C:\Capstone\DeepfakeBench\datasets\rgb\FaceForensics++\original_sequences\youtube\c23\frames\272\012.png,272,0,train
C:\Capstone\DeepfakeBench\datasets\rgb\FaceForensics++\original_sequences\youtube\c23\frames\272\013.png,272,0,train
C:\Capstone\DeepfakeBench\datasets\rgb\FaceForensics++\original_sequences\youtube\c23\frames\272\014.png,272,0,train
C:\Capstone\DeepfakeBench\datasets\rgb\FaceForensics++\original_sequences\youtube\c23\frames\272\015.png,272,0,train
C:\Capstone\DeepfakeBench\datasets\rgb\FaceForensics++\original_sequences\youtube\c23\frames\272\016.png,272,0,train
C:\Capstone\DeepfakeBench\datasets\rgb\FaceForensics++\original_sequences\youtube\c23\frames\272\017.png,272,0,train
C:\Capstone\DeepfakeBench\datasets\rgb\FaceForensics++\original_sequences\youtube\c23\frames\272\018.png,272,0,train
C:\Capstone\DeepfakeBench\datasets\rgb\FaceForensics++\original_sequences\youtube\c23\frames\272\019.png,272,0,train
C:\Capstone\DeepfakeBench\datasets\rgb\FaceForensics++\original_sequences\youtube\c23\frames\272\020.png,272,0,train
C:\Capstone\DeepfakeBench\datasets\rgb\FaceForensics++\original_sequences\youtube\c23\frames\272\021.png,272,0,train
C:\Capstone\DeepfakeBench\datasets\rgb\FaceForensics++\original_sequences\youtube\c23\frames\272\022.png,272,0,train
C:\Capstone\DeepfakeBench\datasets\rgb\FaceForensics++\original_sequences\youtube\c23\frames\272\023.png,272,0,train
C:\Capstone\DeepfakeBench\datasets\rgb\FaceForensics++\original_sequences\youtube\c23\frames\272\024.png,272,0,train
C:\Capstone\DeepfakeBench\datasets\rgb\FaceForensics++\original_sequences\youtube\c23\frames\272\025.png,272,0,train
C:\Capstone\DeepfakeBench\datasets\rgb\FaceForensics++\original_sequences\youtube\c23\frames\272\026.png,272,0,train
C:\Capstone\DeepfakeBench\datasets\rgb\FaceForensics++\original_sequences\youtube\c23\frames\272\027.png,272,0,train
C:\Capstone\DeepfakeBench\datasets\rgb\FaceForensics++\original_sequences\youtube\c23\frames\272\028.png,272,0,train
C:\Capstone\DeepfakeBench\datasets\rgb\FaceForensics++\original_sequences\youtube\c23\frames\272\029.png,272,0,train
C:\Capstone\DeepfakeBench\datasets\rgb\FaceForensics++\original_sequences\youtube\c23\frames\272\030.png,272,0,train
C:\Capstone\DeepfakeBench\datasets\rgb\FaceForensics++\original_sequences\youtube\c23\frames\272\031.png,272,0,train
C:\Capstone\DeepfakeBench\datasets\rgb\FaceForensics++\original_sequences\youtube\c23\frames\175\000.png,175,0,train
C:\Capstone\DeepfakeBench\datasets\rgb\FaceForensics++\original_sequences\youtube\c23\frames\175\001.png,175,0,train
C:\Capstone\DeepfakeBench\datasets\rgb\FaceForensics++\original_sequences\youtube\c23\frames\175\002.png,175,0,train
C:\Capstone\DeepfakeBench\datasets\rgb\FaceForensics++\original_sequences\youtube\c23\frames\175\003.png,175,0,train
C:\Capstone\DeepfakeBench\datasets\rgb\FaceForensics++\original_sequences\youtube\c23\frames\175\004.png,175,0,train
C:\Capstone\DeepfakeBench\datasets\rgb\FaceForensics++\original_sequences\youtube\c23\frames\175\005.png,175,0,train
C:\Capstone\DeepfakeBench\datasets\rgb\FaceForensics++\original_sequences\youtube\c23\frames\175\006.png,175,0,train
C:\Capstone\DeepfakeBench\datasets\rgb\FaceForensics++\original_sequences\youtube\c23\frames\175\007.png,175,0,train
C:\Capstone\DeepfakeBench\datasets\rgb\FaceForensics++\original_sequences\youtube\c23\frames\175\008.png,175,0,train
C:\Capstone\DeepfakeBench\datasets\rgb\FaceForensics++\original_sequences\youtube\c23\frames\175\009.png,175,0,train
C:\Capstone\DeepfakeBench\datasets\rgb\FaceForensics++\original_sequences\youtube\c23\frames\175\010.png,175,0,train
C:\Capstone\DeepfakeBench\datasets\rgb\FaceForensics++\original_sequences\youtube\c23\frames\175\011.png,175,0,train
C:\Capstone\DeepfakeBench\datasets\rgb\FaceForensics++\original_sequences\youtube\c23\frames\175\012.png,175,0,train
C:\Capstone\DeepfakeBench\datasets\rgb\FaceForensics++\original_sequences\youtube\c23\frames\175\013.png,175,0,train
C:\Capstone\DeepfakeBench\datasets\rgb\FaceForensics++\original_sequences\youtube\c23\frames\175\014.png,175,0,train
C:\Capstone\DeepfakeBench\datasets\rgb\FaceForensics++\original_sequences\youtube\c23\frames\175\015.png,175,0,train
C:\Capstone\DeepfakeBench\datasets\rgb\FaceForensics++\original_sequences\youtube\c23\frames\175\016.png,175,0,train
C:\Capstone\DeepfakeBench\datasets\rgb\FaceForensics++\original_sequences\youtube\c23\frames\175\017.png,175,0,train
C:\Capstone\DeepfakeBench\datasets\rgb\FaceForensics++\original_sequences\youtube\c23\frames\175\018.png,175,0,train
C:\Capstone\DeepfakeBench\datasets\rgb\FaceForensics++\original_sequences\youtube\c23\frames\175\019.png,175,0,train
C:\Capstone\DeepfakeBench\datasets\rgb\FaceForensics++\original_sequences\youtube\c23\frames\175\020.png,175,0,train
C:\Capstone\DeepfakeBench\datasets\rgb\FaceForensics++\original_sequences\youtube\c23\frames\175\021.png,175,0,train
C:\Capstone\DeepfakeBench\datasets\rgb\FaceForensics++\original_sequences\youtube\c23\frames\175\022.png,175,0,train
C:\Capstone\DeepfakeBench\datasets\rgb\FaceForensics++\original_sequences\youtube\c23\frames\175\023.png,175,0,train
C:\Capstone\DeepfakeBench\datasets\rgb\FaceForensics++\original_sequences\youtube\c23\frames\175\024.png,175,0,train
C:\Capstone\DeepfakeBench\datasets\rgb\FaceForensics++\original_sequences\youtube\c23\frames\175\025.png,175,0,train
C:\Capstone\DeepfakeBench\datasets\rgb\FaceForensics++\original_sequences\youtube\c23\frames\175\026.png,175,0,train
C:\Capstone\DeepfakeBench\datasets\rgb\FaceForensics++\original_sequences\youtube\c23\frames\175\027.png,175,0,train
C:\Capstone\DeepfakeBench\datasets\rgb\FaceForensics++\original_sequences\youtube\c23\frames\175\028.png,175,0,train
C:\Capstone\DeepfakeBench\datasets\rgb\FaceForensics++\original_sequences\youtube\c23\frames\175\029.png,175,0,train
C:\Capstone\DeepfakeBench\datasets\rgb\FaceForensics++\original_sequences\youtube\c23\frames\175\030.png,175,0,train
C:\Capstone\DeepfakeBench\datasets\rgb\FaceForensics++\original_sequences\youtube\c23\frames\175\031.png,175,0,train
C:\Capstone\DeepfakeBench\datasets\rgb\FaceForensics++\manipulated_sequences\Deepfakes\c23\frames\392_339\000.png,392_339,1,train
C:\Capstone\DeepfakeBench\datasets\rgb\FaceForensics++\manipulated_sequences\Deepfakes\c23\frames\392_339\001.png,392_339,1,train
C:\Capstone\DeepfakeBench\datasets\rgb\FaceForensics++\manipulated_sequences\Deepfakes\c23\frames\392_339\002.png,392_339,1,train
C:\Capstone\DeepfakeBench\datasets\rgb\FaceForensics++\manipulated_sequences\Deepfakes\c23\frames\392_339\003.png,392_339,1,train
C:\Capstone\DeepfakeBench\datasets\rgb\FaceForensics++\manipulated_sequences\Deepfakes\c23\frames\392_339\004.png,392_339,1,train
C:\Capstone\DeepfakeBench\datasets\rgb\FaceForensics++\manipulated_sequences\Deepfakes\c23\frames\392_339\005.png,392_339,1,train
C:\Capstone\DeepfakeBench\datasets\rgb\FaceForensics++\manipulated_sequences\Deepfakes\c23\frames\392_339\006.png,392_339,1,train
C:\Capstone\DeepfakeBench\datasets\rgb\FaceForensics++\manipulated_sequences\Deepfakes\c23\frames\392_339\007.png,392_339,1,train
C:\Capstone\DeepfakeBench\datasets\rgb\FaceForensics++\manipulated_sequences\Deepfakes\c23\frames\392_339\008.png,392_339,1,train
C:\Capstone\DeepfakeBench\datasets\rgb\FaceForensics++\manipulated_sequences\Deepfakes\c23\frames\392_339\009.png,392_339,1,train
C:\Capstone\DeepfakeBench\datasets\rgb\FaceForensics++\manipulated_sequences\Deepfakes\c23\frames\392_339\010.png,392_339,1,train
C:\Capstone\DeepfakeBench\datasets\rgb\FaceForensics++\manipulated_sequences\Deepfakes\c23\frames\392_339\011.png,392_339,1,train
C:\Capstone\DeepfakeBench\datasets\rgb\FaceForensics++\manipulated_sequences\Deepfakes\c23\frames\392_339\012.png,392_339,1,train
C:\Capstone\DeepfakeBench\datasets\rgb\FaceForensics++\manipulated_sequences\Deepfakes\c23\frames\392_339\013.png,392_339,1,train
C:\Capstone\DeepfakeBench\datasets\rgb\FaceForensics++\manipulated_sequences\Deepfakes\c23\frames\392_339\014.png,392_339,1,train
C:\Capstone\DeepfakeBench\datasets\rgb\FaceForensics++\manipulated_sequences\Deepfakes\c23\frames\392_339\015.png,392_339,1,train
C:\Capstone\DeepfakeBench\datasets\rgb\FaceForensics++\manipulated_sequences\Deepfakes\c23\frames\392_339\016.png,392_339,1,train
C:\Capstone\DeepfakeBench\datasets\rgb\FaceForensics++\manipulated_sequences\Deepfakes\c23\frames\392_339\017.png,392_339,1,train
C:\Capstone\DeepfakeBench\datasets\rgb\FaceForensics++\manipulated_sequences\Deepfakes\c23\frames\392_339\018.png,392_339,1,train
C:\Capstone\DeepfakeBench\datasets\rgb\FaceForensics++\manipulated_sequences\Deepfakes\c23\frames\392_339\019.png,392_339,1,train
C:\Capstone\DeepfakeBench\datasets\rgb\FaceForensics++\manipulated_sequences\Deepfakes\c23\frames\392_339\020.png,392_339,1,train
C:\Capstone\DeepfakeBench\datasets\rgb\FaceForensics++\manipulated_sequences\Deepfakes\c23\frames\392_339\021.png,392_339,1,train
C:\Capstone\DeepfakeBench\datasets\rgb\FaceForensics++\manipulated_sequences\Deepfakes\c23\frames\392_339\022.png,392_339,1,train
C:\Capstone\DeepfakeBench\datasets\rgb\FaceForensics++\manipulated_sequences\Deepfakes\c23\frames\392_339\023.png,392_339,1,train
C:\Capstone\DeepfakeBench\datasets\rgb\FaceForensics++\manipulated_sequences\Deepfakes\c23\frames\392_339\024.png,392_339,1,train
C:\Capstone\DeepfakeBench\datasets\rgb\FaceForensics++\manipulated_sequences\Deepfakes\c23\frames\392_339\025.png,392_339,1,train
C:\Capstone\DeepfakeBench\datasets\rgb\FaceForensics++\manipulated_sequences\Deepfakes\c23\frames\392_339\026.png,392_339,1,train
C:\Capstone\DeepfakeBench\datasets\rgb\FaceForensics++\manipulated_sequences\Deepfakes\c23\frames\392_339\027.png,392_339,1,train
C:\Capstone\DeepfakeBench\datasets\rgb\FaceForensics++\manipulated_sequences\Deepfakes\c23\frames\392_339\028.png,392_339,1,train
C:\Capstone\DeepfakeBench\datasets\rgb\FaceForensics++\manipulated_sequences\Deepfakes\c23\frames\392_339\029.png,392_339,1,train
C:\Capstone\DeepfakeBench\datasets\rgb\FaceForensics++\manipulated_sequences\Deepfakes\c23\frames\392_339\030.png,392_339,1,train
C:\Capstone\DeepfakeBench\datasets\rgb\FaceForensics++\manipulated_sequences\Deepfakes\c23\frames\392_339\031.png,392_339,1,train
C:\Capstone\DeepfakeBench\datasets\rgb\FaceForensics++\manipulated_sequences\Deepfakes\c23\frames\221_206\000.png,221_206,1,train
C:\Capstone\DeepfakeBench\datasets\rgb\FaceForensics++\manipulated_sequences\Deepfakes\c23\frames\221_206\001.png,221_206,1,train
C:\Capstone\DeepfakeBench\datasets\rgb\FaceForensics++\manipulated_sequences\Deepfakes\c23\frames\221_206\002.png,221_206,1,train
C:\Capstone\DeepfakeBench\datasets\rgb\FaceForensics++\manipulated_sequences\Deepfakes\c23\frames\221_206\003.png,221_206,1,train
C:\Capstone\DeepfakeBench\datasets\rgb\FaceForensics++\manipulated_sequences\Deepfakes\c23\frames\221_206\004.png,221_206,1,train
C:\Capstone\DeepfakeBench\datasets\rgb\FaceForensics++\manipulated_sequences\Deepfakes\c23\frames\221_206\005.png,221_206,1,train
C:\Capstone\DeepfakeBench\datasets\rgb\FaceForensics++\manipulated_sequences\Deepfakes\c23\frames\221_206\006.png,221_206,1,train
C:\Capstone\DeepfakeBench\datasets\rgb\FaceForensics++\manipulated_sequences\Deepfakes\c23\frames\221_206\007.png,221_206,1,train
C:\Capstone\DeepfakeBench\datasets\rgb\FaceForensics++\manipulated_sequences\Deepfakes\c23\frames\221_206\008.png,221_206,1,train
C:\Capstone\DeepfakeBench\datasets\rgb\FaceForensics++\manipulated_sequences\Deepfakes\c23\frames\221_206\009.png,221_206,1,train
C:\Capstone\DeepfakeBench\datasets\rgb\FaceForensics++\manipulated_sequences\Deepfakes\c23\frames\221_206\010.png,221_206,1,train
C:\Capstone\DeepfakeBench\datasets\rgb\FaceForensics++\manipulated_sequences\Deepfakes\c23\frames\221_206\011.png,221_206,1,train
C:\Capstone\DeepfakeBench\datasets\rgb\FaceForensics++\manipulated_sequences\Deepfakes\c23\frames\221_206\012.png,221_206,1,train
C:\Capstone\DeepfakeBench\datasets\rgb\FaceForensics++\manipulated_sequences\Deepfakes\c23\frames\221_206\013.png,221_206,1,train
C:\Capstone\DeepfakeBench\datasets\rgb\FaceForensics++\manipulated_sequences\Deepfakes\c23\frames\221_206\014.png,221_206,1,train
C:\Capstone\DeepfakeBench\datasets\rgb\FaceForensics++\manipulated_sequences\Deepfakes\c23\frames\221_206\015.png,221_206,1,train
C:\Capstone\DeepfakeBench\datasets\rgb\FaceForensics++\manipulated_sequences\Deepfakes\c23\frames\221_206\016.png,221_206,1,train
C:\Capstone\DeepfakeBench\datasets\rgb\FaceForensics++\manipulated_sequences\Deepfakes\c23\frames\221_206\017.png,221_206,1,train
C:\Capstone\DeepfakeBench\datasets\rgb\FaceForensics++\manipulated_sequences\Deepfakes\c23\frames\221_206\018.png,221_206,1,train
C:\Capstone\DeepfakeBench\datasets\rgb\FaceForensics++\manipulated_sequences\Deepfakes\c23\frames\221_206\019.png,221_206,1,train
C:\Capstone\DeepfakeBench\datasets\rgb\FaceForensics++\manipulated_sequences\Deepfakes\c23\frames\221_206\020.png,221_206,1,train
C:\Capstone\DeepfakeBench\datasets\rgb\FaceForensics++\manipulated_sequences\Deepfakes\c23\frames\221_206\021.png,221_206,1,train
C:\Capstone\DeepfakeBench\datasets\rgb\FaceForensics++\manipulated_sequences\Deepfakes\c23\frames\221_206\022.png,221_206,1,train
C:\Capstone\DeepfakeBench\datasets\rgb\FaceForensics++\manipulated_sequences\Deepfakes\c23\frames\221_206\023.png,221_206,1,train
C:\Capstone\DeepfakeBench\datasets\rgb\FaceForensics++\manipulated_sequences\Deepfakes\c23\frames\221_206\024.png,221_206,1,train
C:\Capstone\DeepfakeBench\datasets\rgb\FaceForensics++\manipulated_sequences\Deepfakes\c23\frames\221_206\025.png,221_206,1,train
C:\Capstone\DeepfakeBench\datasets\rgb\FaceForensics++\manipulated_sequences\Deepfakes\c23\frames\221_206\026.png,221_206,1,train
C:\Capstone\DeepfakeBench\datasets\rgb\FaceForensics++\manipulated_sequences\Deepfakes\c23\frames\221_206\027.png,221_206,1,train
C:\Capstone\DeepfakeBench\datasets\rgb\FaceForensics++\manipulated_sequences\Deepfakes\c23\frames\221_206\028.png,221_206,1,train
C:\Capstone\DeepfakeBench\datasets\rgb\FaceForensics++\manipulated_sequences\Deepfakes\c23\frames\221_206\029.png,221_206,1,train
C:\Capstone\DeepfakeBench\datasets\rgb\FaceForensics++\manipulated_sequences\Deepfakes\c23\frames\221_206\030.png,221_206,1,train
C:\Capstone\DeepfakeBench\datasets\rgb\FaceForensics++\manipulated_sequences\Deepfakes\c23\frames\221_206\031.png,221_206,1,train
C:\Capstone\DeepfakeBench\datasets\rgb\FaceForensics++\manipulated_sequences\Deepfakes\c23\frames\720_672\000.png,720_672,1,train
C:\Capstone\DeepfakeBench\datasets\rgb\FaceForensics++\manipulated_sequences\Deepfakes\c23\frames\720_672\001.png,720_672,1,train
C:\Capstone\DeepfakeBench\datasets\rgb\FaceForensics++\manipulated_sequences\Deepfakes\c23\frames\720_672\002.png,720_672,1,train
C:\Capstone\DeepfakeBench\datasets\rgb\FaceForensics++\manipulated_sequences\Deepfakes\c23\frames\720_672\003.png,720_672,1,train
C:\Capstone\DeepfakeBench\datasets\rgb\FaceForensics++\manipulated_sequences\Deepfakes\c23\frames\720_672\004.png,720_672,1,train
C:\Capstone\DeepfakeBench\datasets\rgb\FaceForensics++\manipulated_sequences\Deepfakes\c23\frames\720_672\005.png,720_672,1,train
C:\Capstone\DeepfakeBench\datasets\rgb\FaceForensics++\manipulated_sequences\Deepfakes\c23\frames\720_672\006.png,720_672,1,train
C:\Capstone\DeepfakeBench\datasets\rgb\FaceForensics++\manipulated_sequences\Deepfakes\c23\frames\720_672\007.png,720_672,1,train
C:\Capstone\DeepfakeBench\datasets\rgb\FaceForensics++\manipulated_sequences\Deepfakes\c23\frames\720_672\008.png,720_672,1,train
C:\Capstone\DeepfakeBench\datasets\rgb\FaceForensics++\manipulated_sequences\Deepfakes\c23\frames\720_672\009.png,720_672,1,train
C:\Capstone\DeepfakeBench\datasets\rgb\FaceForensics++\manipulated_sequences\Deepfakes\c23\frames\720_672\010.png,720_672,1,train
C:\Capstone\DeepfakeBench\datasets\rgb\FaceForensics++\manipulated_sequences\Deepfakes\c23\frames\720_672\011.png,720_672,1,train
C:\Capstone\DeepfakeBench\datasets\rgb\FaceForensics++\manipulated_sequences\Deepfakes\c23\frames\720_672\012.png,720_672,1,train
C:\Capstone\DeepfakeBench\datasets\rgb\FaceForensics++\manipulated_sequences\Deepfakes\c23\frames\720_672\013.png,720_672,1,train
C:\Capstone\DeepfakeBench\datasets\rgb\FaceForensics++\manipulated_sequences\Deepfakes\c23\frames\720_672\014.png,720_672,1,train
C:\Capstone\DeepfakeBench\datasets\rgb\FaceForensics++\manipulated_sequences\Deepfakes\c23\frames\720_672\015.png,720_672,1,train
C:\Capstone\DeepfakeBench\datasets\rgb\FaceForensics++\manipulated_sequences\Deepfakes\c23\frames\720_672\016.png,720_672,1,train
C:\Capstone\DeepfakeBench\datasets\rgb\FaceForensics++\manipulated_sequences\Deepfakes\c23\frames\720_672\017.png,720_672,1,train
C:\Capstone\DeepfakeBench\datasets\rgb\FaceForensics++\manipulated_sequences\Deepfakes\c23\frames\720_672\018.png,720_672,1,train
C:\Capstone\DeepfakeBench\datasets\rgb\FaceForensics++\manipulated_sequences\Deepfakes\c23\frames\720_672\019.png,720_672,1,train
C:\Capstone\DeepfakeBench\datasets\rgb\FaceForensics++\manipulated_sequences\Deepfakes\c23\frames\720_672\020.png,720_672,1,train
C:\Capstone\DeepfakeBench\datasets\rgb\FaceForensics++\manipulated_sequences\Deepfakes\c23\frames\720_672\021.png,720_672,1,train
C:\Capstone\DeepfakeBench\datasets\rgb\FaceForensics++\manipulated_sequences\Deepfakes\c23\frames\720_672\022.png,720_672,1,train
C:\Capstone\DeepfakeBench\datasets\rgb\FaceForensics++\manipulated_sequences\Deepfakes\c23\frames\720_672\023.png,720_672,1,train
C:\Capstone\DeepfakeBench\datasets\rgb\FaceForensics++\manipulated_sequences\Deepfakes\c23\frames\720_672\024.png,720_672,1,train
C:\Capstone\DeepfakeBench\datasets\rgb\FaceForensics++\manipulated_sequences\Deepfakes\c23\frames\720_672\025.png,720_672,1,train
C:\Capstone\DeepfakeBench\datasets\rgb\FaceForensics++\manipulated_sequences\Deepfakes\c23\frames\720_672\026.png,720_672,1,train
C:\Capstone\DeepfakeBench\datasets\rgb\FaceForensics++\manipulated_sequences\Deepfakes\c23\frames\720_672\027.png,720_672,1,train
C:\Capstone\DeepfakeBench\datasets\rgb\FaceForensics++\manipulated_sequences\Deepfakes\c23\frames\720_672\028.png,720_672,1,train
C:\Capstone\DeepfakeBench\datasets\rgb\FaceForensics++\manipulated_sequences\Deepfakes\c23\frames\720_672\029.png,720_672,1,train
C:\Capstone\DeepfakeBench\datasets\rgb\FaceForensics++\manipulated_sequences\Deepfakes\c23\frames\720_672\030.png,720_672,1,train
C:\Capstone\DeepfakeBench\datasets\rgb\FaceForensics++\manipulated_sequences\Deepfakes\c23\frames\720_672\031.png,720_672,1,train
C:\Capstone\DeepfakeBench\datasets\rgb\FaceForensics++\original_sequences\youtube\c23\frames\633\000.png,633,0,train
C:\Capstone\DeepfakeBench\datasets\rgb\FaceForensics++\original_sequences\youtube\c23\frames\633\001.png,633,0,train
C:\Capstone\DeepfakeBench\datasets\rgb\FaceForensics++\original_sequences\youtube\c23\frames\633\002.png,633,0,train
C:\Capstone\DeepfakeBench\datasets\rgb\FaceForensics++\original_sequences\youtube\c23\frames\633\003.png,633,0,train
C:\Capstone\DeepfakeBench\datasets\rgb\FaceForensics++\original_sequences\youtube\c23\frames\633\004.png,633,0,train
C:\Capstone\DeepfakeBench\datasets\rgb\FaceForensics++\original_sequences\youtube\c23\frames\633\005.png,633,0,train
C:\Capstone\DeepfakeBench\datasets\rgb\FaceForensics++\original_sequences\youtube\c23\frames\633\006.png,633,0,train
C:\Capstone\DeepfakeBench\datasets\rgb\FaceForensics++\original_sequences\youtube\c23\frames\633\007.png,633,0,train
C:\Capstone\DeepfakeBench\datasets\rgb\FaceForensics++\original_sequences\youtube\c23\frames\633\008.png,633,0,train
C:\Capstone\DeepfakeBench\datasets\rgb\FaceForensics++\original_sequences\youtube\c23\frames\633\009.png,633,0,train
C:\Capstone\DeepfakeBench\datasets\rgb\FaceForensics++\original_sequences\youtube\c23\frames\633\010.png,633,0,train
C:\Capstone\DeepfakeBench\datasets\rgb\FaceForensics++\original_sequences\youtube\c23\frames\633\011.png,633,0,train
C:\Capstone\DeepfakeBench\datasets\rgb\FaceForensics++\original_sequences\youtube\c23\frames\633\012.png,633,0,train
C:\Capstone\DeepfakeBench\datasets\rgb\FaceForensics++\original_sequences\youtube\c23\frames\633\013.png,633,0,train
C:\Capstone\DeepfakeBench\datasets\rgb\FaceForensics++\original_sequences\youtube\c23\frames\633\014.png,633,0,train
C:\Capstone\DeepfakeBench\datasets\rgb\FaceForensics++\original_sequences\youtube\c23\frames\633\015.png,633,0,train
C:\Capstone\DeepfakeBench\datasets\rgb\FaceForensics++\original_sequences\youtube\c23\frames\633\016.png,633,0,train
C:\Capstone\DeepfakeBench\datasets\rgb\FaceForensics++\original_sequences\youtube\c23\frames\633\017.png,633,0,train
C:\Capstone\DeepfakeBench\datasets\rgb\FaceForensics++\original_sequences\youtube\c23\frames\633\018.png,633,0,train
C:\Capstone\DeepfakeBench\datasets\rgb\FaceForensics++\original_sequences\youtube\c23\frames\633\019.png,633,0,train
C:\Capstone\DeepfakeBench\datasets\rgb\FaceForensics++\original_sequences\youtube\c23\frames\633\020.png,633,0,train
C:\Capstone\DeepfakeBench\datasets\rgb\FaceForensics++\original_sequences\youtube\c23\frames\633\021.png,633,0,train
C:\Capstone\DeepfakeBench\datasets\rgb\FaceForensics++\original_sequences\youtube\c23\frames\633\022.png,633,0,train
C:\Capstone\DeepfakeBench\datasets\rgb\FaceForensics++\original_sequences\youtube\c23\frames\633\023.png,633,0,train
C:\Capstone\DeepfakeBench\datasets\rgb\FaceForensics++\original_sequences\youtube\c23\frames\633\024.png,633,0,train
C:\Capstone\DeepfakeBench\datasets\rgb\FaceForensics++\original_sequences\youtube\c23\frames\633\025.png,633,0,train
C:\Capstone\DeepfakeBench\datasets\rgb\FaceForensics++\original_sequences\youtube\c23\frames\633\026.png,633,0,train
C:\Capstone\DeepfakeBench\datasets\rgb\FaceForensics++\original_sequences\youtube\c23\frames\633\027.png,633,0,train
C:\Capstone\DeepfakeBench\datasets\rgb\FaceForensics++\original_sequences\youtube\c23\frames\633\028.png,633,0,train
C:\Capstone\DeepfakeBench\datasets\rgb\FaceForensics++\original_sequences\youtube\c23\frames\633\029.png,633,0,train
C:\Capstone\DeepfakeBench\datasets\rgb\FaceForensics++\original_sequences\youtube\c23\frames\633\030.png,633,0,train
C:\Capstone\DeepfakeBench\datasets\rgb\FaceForensics++\original_sequences\youtube\c23\frames\633\031.png,633,0,train
C:\Capstone\DeepfakeBench\datasets\rgb\FaceForensics++\original_sequences\youtube\c23\frames\878\000.png,878,0,train
C:\Capstone\DeepfakeBench\datasets\rgb\FaceForensics++\original_sequences\youtube\c23\frames\878\001.png,878,0,train
C:\Capstone\DeepfakeBench\datasets\rgb\FaceForensics++\original_sequences\youtube\c23\frames\878\002.png,878,0,train
C:\Capstone\DeepfakeBench\datasets\rgb\FaceForensics++\original_sequences\youtube\c23\frames\878\003.png,878,0,train
C:\Capstone\DeepfakeBench\datasets\rgb\FaceForensics++\original_sequences\youtube\c23\frames\878\004.png,878,0,train
C:\Capstone\DeepfakeBench\datasets\rgb\FaceForensics++\original_sequences\youtube\c23\frames\878\005.png,878,0,train
C:\Capstone\DeepfakeBench\datasets\rgb\FaceForensics++\original_sequences\youtube\c23\frames\878\006.png,878,0,train
C:\Capstone\DeepfakeBench\datasets\rgb\FaceForensics++\original_sequences\youtube\c23\frames\878\007.png,878,0,train
C:\Capstone\DeepfakeBench\datasets\rgb\FaceForensics++\original_sequences\youtube\c23\frames\878\008.png,878,0,train
C:\Capstone\DeepfakeBench\datasets\rgb\FaceForensics++\original_sequences\youtube\c23\frames\878\009.png,878,0,train
C:\Capstone\DeepfakeBench\datasets\rgb\FaceForensics++\original_sequences\youtube\c23\frames\878\010.png,878,0,train
C:\Capstone\DeepfakeBench\datasets\rgb\FaceForensics++\original_sequences\youtube\c23\frames\878\011.png,878,0,train
C:\Capstone\DeepfakeBench\datasets\rgb\FaceForensics++\original_sequences\youtube\c23\frames\878\012.png,878,0,train
C:\Capstone\DeepfakeBench\datasets\rgb\FaceForensics++\original_sequences\youtube\c23\frames\878\013.png,878,0,train
C:\Capstone\DeepfakeBench\datasets\rgb\FaceForensics++\original_sequences\youtube\c23\frames\878\014.png,878,0,train
C:\Capstone\DeepfakeBench\datasets\rgb\FaceForensics++\original_sequences\youtube\c23\frames\878\015.png,878,0,train
C:\Capstone\DeepfakeBench\datasets\rgb\FaceForensics++\original_sequences\youtube\c23\frames\878\016.png,878,0,train
C:\Capstone\DeepfakeBench\datasets\rgb\FaceForensics++\original_sequences\youtube\c23\frames\878\017.png,878,0,train
C:\Capstone\DeepfakeBench\datasets\rgb\FaceForensics++\original_sequences\youtube\c23\frames\878\018.png,878,0,train
C:\Capstone\DeepfakeBench\datasets\rgb\FaceForensics++\original_sequences\youtube\c23\frames\878\019.png,878,0,train
C:\Capstone\DeepfakeBench\datasets\rgb\FaceForensics++\original_sequences\youtube\c23\frames\878\020.png,878,0,train
C:\Capstone\DeepfakeBench\datasets\rgb\FaceForensics++\original_sequences\youtube\c23\frames\878\021.png,878,0,train
C:\Capstone\DeepfakeBench\datasets\rgb\FaceForensics++\original_sequences\youtube\c23\frames\878\022.png,878,0,train
C:\Capstone\DeepfakeBench\datasets\rgb\FaceForensics++\original_sequences\youtube\c23\frames\878\023.png,878,0,train
C:\Capstone\DeepfakeBench\datasets\rgb\FaceForensics++\original_sequences\youtube\c23\frames\878\024.png,878,0,train
C:\Capstone\DeepfakeBench\datasets\rgb\FaceForensics++\original_sequences\youtube\c23\frames\878\025.png,878,0,train
C:\Capstone\DeepfakeBench\datasets\rgb\FaceForensics++\original_sequences\youtube\c23\frames\878\026.png,878,0,train
C:\Capstone\DeepfakeBench\datasets\rgb\FaceForensics++\original_sequences\youtube\c23\frames\878\027.png,878,0,train
C:\Capstone\DeepfakeBench\datasets\rgb\FaceForensics++\original_sequences\youtube\c23\frames\878\028.png,878,0,train
C:\Capstone\DeepfakeBench\datasets\rgb\FaceForensics++\original_sequences\youtube\c23\frames\878\029.png,878,0,train
C:\Capstone\DeepfakeBench\datasets\rgb\FaceForensics++\original_sequences\youtube\c23\frames\878\030.png,878,0,train
C:\Capstone\DeepfakeBench\datasets\rgb\FaceForensics++\original_sequences\youtube\c23\frames\878\031.png,878,0,train
C:\Capstone\DeepfakeBench\datasets\rgb\FaceForensics++\manipulated_sequences\Deepfakes\c23\frames\441_439\000.png,441_439,1,train
C:\Capstone\DeepfakeBench\datasets\rgb\FaceForensics++\manipulated_sequences\Deepfakes\c23\frames\441_439\001.png,441_439,1,train
C:\Capstone\DeepfakeBench\datasets\rgb\FaceForensics++\manipulated_sequences\Deepfakes\c23\frames\441_439\002.png,441_439,1,train
C:\Capstone\DeepfakeBench\datasets\rgb\FaceForensics++\manipulated_sequences\Deepfakes\c23\frames\441_439\003.png,441_439,1,train
C:\Capstone\DeepfakeBench\datasets\rgb\FaceForensics++\manipulated_sequences\Deepfakes\c23\frames\441_439\004.png,441_439,1,train
C:\Capstone\DeepfakeBench\datasets\rgb\FaceForensics++\manipulated_sequences\Deepfakes\c23\frames\441_439\005.png,441_439,1,train
C:\Capstone\DeepfakeBench\datasets\rgb\FaceForensics++\manipulated_sequences\Deepfakes\c23\frames\441_439\006.png,441_439,1,train
C:\Capstone\DeepfakeBench\datasets\rgb\FaceForensics++\manipulated_sequences\Deepfakes\c23\frames\441_439\007.png,441_439,1,train
C:\Capstone\DeepfakeBench\datasets\rgb\FaceForensics++\manipulated_sequences\Deepfakes\c23\frames\441_439\008.png,441_439,1,train
C:\Capstone\DeepfakeBench\datasets\rgb\FaceForensics++\manipulated_sequences\Deepfakes\c23\frames\441_439\009.png,441_439,1,train
C:\Capstone\DeepfakeBench\datasets\rgb\FaceForensics++\manipulated_sequences\Deepfakes\c23\frames\441_439\010.png,441_439,1,train
C:\Capstone\DeepfakeBench\datasets\rgb\FaceForensics++\manipulated_sequences\Deepfakes\c23\frames\441_439\011.png,441_439,1,train
C:\Capstone\DeepfakeBench\datasets\rgb\FaceForensics++\manipulated_sequences\Deepfakes\c23\frames\441_439\012.png,441_439,1,train
C:\Capstone\DeepfakeBench\datasets\rgb\FaceForensics++\manipulated_sequences\Deepfakes\c23\frames\441_439\013.png,441_439,1,train
C:\Capstone\DeepfakeBench\datasets\rgb\FaceForensics++\manipulated_sequences\Deepfakes\c23\frames\441_439\014.png,441_439,1,train
C:\Capstone\DeepfakeBench\datasets\rgb\FaceForensics++\manipulated_sequences\Deepfakes\c23\frames\441_439\015.png,441_439,1,train
C:\Capstone\DeepfakeBench\datasets\rgb\FaceForensics++\manipulated_sequences\Deepfakes\c23\frames\441_439\016.png,441_439,1,train
C:\Capstone\DeepfakeBench\datasets\rgb\FaceForensics++\manipulated_sequences\Deepfakes\c23\frames\441_439\017.png,441_439,1,train
C:\Capstone\DeepfakeBench\datasets\rgb\FaceForensics++\manipulated_sequences\Deepfakes\c23\frames\441_439\018.png,441_439,1,train
C:\Capstone\DeepfakeBench\datasets\rgb\FaceForensics++\manipulated_sequences\Deepfakes\c23\frames\441_439\019.png,441_439,1,train
C:\Capstone\DeepfakeBench\datasets\rgb\FaceForensics++\manipulated_sequences\Deepfakes\c23\frames\441_439\020.png,441_439,1,train
C:\Capstone\DeepfakeBench\datasets\rgb\FaceForensics++\manipulated_sequences\Deepfakes\c23\frames\441_439\021.png,441_439,1,train
C:\Capstone\DeepfakeBench\datasets\rgb\FaceForensics++\manipulated_sequences\Deepfakes\c23\frames\441_439\022.png,441_439,1,train
C:\Capstone\DeepfakeBench\datasets\rgb\FaceForensics++\manipulated_sequences\Deepfakes\c23\frames\441_439\023.png,441_439,1,train
C:\Capstone\DeepfakeBench\datasets\rgb\FaceForensics++\manipulated_sequences\Deepfakes\c23\frames\441_439\024.png,441_439,1,train
C:\Capstone\DeepfakeBench\datasets\rgb\FaceForensics++\manipulated_sequences\Deepfakes\c23\frames\441_439\025.png,441_439,1,train
C:\Capstone\DeepfakeBench\datasets\rgb\FaceForensics++\manipulated_sequences\Deepfakes\c23\frames\441_439\026.png,441_439,1,train
C:\Capstone\DeepfakeBench\datasets\rgb\FaceForensics++\manipulated_sequences\Deepfakes\c23\frames\441_439\027.png,441_439,1,train
C:\Capstone\DeepfakeBench\datasets\rgb\FaceForensics++\manipulated_sequences\Deepfakes\c23\frames\441_439\028.png,441_439,1,train
C:\Capstone\DeepfakeBench\datasets\rgb\FaceForensics++\manipulated_sequences\Deepfakes\c23\frames\441_439\029.png,441_439,1,train
C:\Capstone\DeepfakeBench\datasets\rgb\FaceForensics++\manipulated_sequences\Deepfakes\c23\frames\441_439\030.png,441_439,1,train
C:\Capstone\DeepfakeBench\datasets\rgb\FaceForensics++\manipulated_sequences\Deepfakes\c23\frames\441_439\031.png,441_439,1,train
C:\Capstone\DeepfakeBench\datasets\rgb\FaceForensics++\manipulated_sequences\Deepfakes\c23\frames\033_097\000.png,033_097,1,train
C:\Capstone\DeepfakeBench\datasets\rgb\FaceForensics++\manipulated_sequences\Deepfakes\c23\frames\033_097\001.png,033_097,1,train
C:\Capstone\DeepfakeBench\datasets\rgb\FaceForensics++\manipulated_sequences\Deepfakes\c23\frames\033_097\002.png,033_097,1,train
C:\Capstone\DeepfakeBench\datasets\rgb\FaceForensics++\manipulated_sequences\Deepfakes\c23\frames\033_097\003.png,033_097,1,train
C:\Capstone\DeepfakeBench\datasets\rgb\FaceForensics++\manipulated_sequences\Deepfakes\c23\frames\033_097\004.png,033_097,1,train
C:\Capstone\DeepfakeBench\datasets\rgb\FaceForensics++\manipulated_sequences\Deepfakes\c23\frames\033_097\005.png,033_097,1,train
C:\Capstone\DeepfakeBench\datasets\rgb\FaceForensics++\manipulated_sequences\Deepfakes\c23\frames\033_097\006.png,033_097,1,train
C:\Capstone\DeepfakeBench\datasets\rgb\FaceForensics++\manipulated_sequences\Deepfakes\c23\frames\033_097\007.png,033_097,1,train
C:\Capstone\DeepfakeBench\datasets\rgb\FaceForensics++\manipulated_sequences\Deepfakes\c23\frames\033_097\008.png,033_097,1,train
C:\Capstone\DeepfakeBench\datasets\rgb\FaceForensics++\manipulated_sequences\Deepfakes\c23\frames\033_097\009.png,033_097,1,train
C:\Capstone\DeepfakeBench\datasets\rgb\FaceForensics++\manipulated_sequences\Deepfakes\c23\frames\033_097\010.png,033_097,1,train
C:\Capstone\DeepfakeBench\datasets\rgb\FaceForensics++\manipulated_sequences\Deepfakes\c23\frames\033_097\011.png,033_097,1,train
C:\Capstone\DeepfakeBench\datasets\rgb\FaceForensics++\manipulated_sequences\Deepfakes\c23\frames\033_097\012.png,033_097,1,train
C:\Capstone\DeepfakeBench\datasets\rgb\FaceForensics++\manipulated_sequences\Deepfakes\c23\frames\033_097\013.png,033_097,1,train
C:\Capstone\DeepfakeBench\datasets\rgb\FaceForensics++\manipulated_sequences\Deepfakes\c23\frames\033_097\014.png,033_097,1,train
C:\Capstone\DeepfakeBench\datasets\rgb\FaceForensics++\manipulated_sequences\Deepfakes\c23\frames\033_097\015.png,033_097,1,train
C:\Capstone\DeepfakeBench\datasets\rgb\FaceForensics++\manipulated_sequences\Deepfakes\c23\frames\033_097\016.png,033_097,1,train
C:\Capstone\DeepfakeBench\datasets\rgb\FaceForensics++\manipulated_sequences\Deepfakes\c23\frames\033_097\017.png,033_097,1,train
C:\Capstone\DeepfakeBench\datasets\rgb\FaceForensics++\manipulated_sequences\Deepfakes\c23\frames\033_097\018.png,033_097,1,train
C:\Capstone\DeepfakeBench\datasets\rgb\FaceForensics++\manipulated_sequences\Deepfakes\c23\frames\033_097\019.png,033_097,1,train
C:\Capstone\DeepfakeBench\datasets\rgb\FaceForensics++\manipulated_sequences\Deepfakes\c23\frames\033_097\020.png,033_097,1,train
C:\Capstone\DeepfakeBench\datasets\rgb\FaceForensics++\manipulated_sequences\Deepfakes\c23\frames\033_097\021.png,033_097,1,train
C:\Capstone\DeepfakeBench\datasets\rgb\FaceForensics++\manipulated_sequences\Deepfakes\c23\frames\033_097\022.png,033_097,1,train
C:\Capstone\DeepfakeBench\datasets\rgb\FaceForensics++\manipulated_sequences\Deepfakes\c23\frames\033_097\023.png,033_097,1,train
C:\Capstone\DeepfakeBench\datasets\rgb\FaceForensics++\manipulated_sequences\Deepfakes\c23\frames\033_097\024.png,033_097,1,train
C:\Capstone\DeepfakeBench\datasets\rgb\FaceForensics++\manipulated_sequences\Deepfakes\c23\frames\033_097\025.png,033_097,1,train
C:\Capstone\DeepfakeBench\datasets\rgb\FaceForensics++\manipulated_sequences\Deepfakes\c23\frames\033_097\026.png,033_097,1,train
C:\Capstone\DeepfakeBench\datasets\rgb\FaceForensics++\manipulated_sequences\Deepfakes\c23\frames\033_097\027.png,033_097,1,train
C:\Capstone\DeepfakeBench\datasets\rgb\FaceForensics++\manipulated_sequences\Deepfakes\c23\frames\033_097\028.png,033_097,1,train
C:\Capstone\DeepfakeBench\datasets\rgb\FaceForensics++\manipulated_sequences\Deepfakes\c23\frames\033_097\029.png,033_097,1,train
C:\Capstone\DeepfakeBench\datasets\rgb\FaceForensics++\manipulated_sequences\Deepfakes\c23\frames\033_097\030.png,033_097,1,train
C:\Capstone\DeepfakeBench\datasets\rgb\FaceForensics++\manipulated_sequences\Deepfakes\c23\frames\033_097\031.png,033_097,1,train
C:\Capstone\DeepfakeBench\datasets\rgb\FaceForensics++\manipulated_sequences\Deepfakes\c23\frames\556_588\000.png,556_588,1,train
C:\Capstone\DeepfakeBench\datasets\rgb\FaceForensics++\manipulated_sequences\Deepfakes\c23\frames\556_588\001.png,556_588,1,train
C:\Capstone\DeepfakeBench\datasets\rgb\FaceForensics++\manipulated_sequences\Deepfakes\c23\frames\556_588\002.png,556_588,1,train
C:\Capstone\DeepfakeBench\datasets\rgb\FaceForensics++\manipulated_sequences\Deepfakes\c23\frames\556_588\003.png,556_588,1,train
C:\Capstone\DeepfakeBench\datasets\rgb\FaceForensics++\manipulated_sequences\Deepfakes\c23\frames\556_588\004.png,556_588,1,train
C:\Capstone\DeepfakeBench\datasets\rgb\FaceForensics++\manipulated_sequences\Deepfakes\c23\frames\556_588\005.png,556_588,1,train
C:\Capstone\DeepfakeBench\datasets\rgb\FaceForensics++\manipulated_sequences\Deepfakes\c23\frames\556_588\006.png,556_588,1,train
C:\Capstone\DeepfakeBench\datasets\rgb\FaceForensics++\manipulated_sequences\Deepfakes\c23\frames\556_588\007.png,556_588,1,train
C:\Capstone\DeepfakeBench\datasets\rgb\FaceForensics++\manipulated_sequences\Deepfakes\c23\frames\556_588\008.png,556_588,1,train
C:\Capstone\DeepfakeBench\datasets\rgb\FaceForensics++\manipulated_sequences\Deepfakes\c23\frames\556_588\009.png,556_588,1,train
C:\Capstone\DeepfakeBench\datasets\rgb\FaceForensics++\manipulated_sequences\Deepfakes\c23\frames\556_588\010.png,556_588,1,train
C:\Capstone\DeepfakeBench\datasets\rgb\FaceForensics++\manipulated_sequences\Deepfakes\c23\frames\556_588\011.png,556_588,1,train
C:\Capstone\DeepfakeBench\datasets\rgb\FaceForensics++\manipulated_sequences\Deepfakes\c23\frames\556_588\012.png,556_588,1,train
C:\Capstone\DeepfakeBench\datasets\rgb\FaceForensics++\manipulated_sequences\Deepfakes\c23\frames\556_588\013.png,556_588,1,train
C:\Capstone\DeepfakeBench\datasets\rgb\FaceForensics++\manipulated_sequences\Deepfakes\c23\frames\556_588\014.png,556_588,1,train
C:\Capstone\DeepfakeBench\datasets\rgb\FaceForensics++\manipulated_sequences\Deepfakes\c23\frames\556_588\015.png,556_588,1,train
C:\Capstone\DeepfakeBench\datasets\rgb\FaceForensics++\manipulated_sequences\Deepfakes\c23\frames\556_588\016.png,556_588,1,train
C:\Capstone\DeepfakeBench\datasets\rgb\FaceForensics++\manipulated_sequences\Deepfakes\c23\frames\556_588\017.png,556_588,1,train
C:\Capstone\DeepfakeBench\datasets\rgb\FaceForensics++\manipulated_sequences\Deepfakes\c23\frames\556_588\018.png,556_588,1,train
C:\Capstone\DeepfakeBench\datasets\rgb\FaceForensics++\manipulated_sequences\Deepfakes\c23\frames\556_588\019.png,556_588,1,train
C:\Capstone\DeepfakeBench\datasets\rgb\FaceForensics++\manipulated_sequences\Deepfakes\c23\frames\556_588\020.png,556_588,1,train
C:\Capstone\DeepfakeBench\datasets\rgb\FaceForensics++\manipulated_sequences\Deepfakes\c23\frames\556_588\021.png,556_588,1,train
C:\Capstone\DeepfakeBench\datasets\rgb\FaceForensics++\manipulated_sequences\Deepfakes\c23\frames\556_588\022.png,556_588,1,train
C:\Capstone\DeepfakeBench\datasets\rgb\FaceForensics++\manipulated_sequences\Deepfakes\c23\frames\556_588\023.png,556_588,1,train
C:\Capstone\DeepfakeBench\datasets\rgb\FaceForensics++\manipulated_sequences\Deepfakes\c23\frames\556_588\024.png,556_588,1,train
C:\Capstone\DeepfakeBench\datasets\rgb\FaceForensics++\manipulated_sequences\Deepfakes\c23\frames\556_588\025.png,556_588,1,train
C:\Capstone\DeepfakeBench\datasets\rgb\FaceForensics++\manipulated_sequences\Deepfakes\c23\frames\556_588\026.png,556_588,1,train
C:\Capstone\DeepfakeBench\datasets\rgb\FaceForensics++\manipulated_sequences\Deepfakes\c23\frames\556_588\027.png,556_588,1,train
C:\Capstone\DeepfakeBench\datasets\rgb\FaceForensics++\manipulated_sequences\Deepfakes\c23\frames\556_588\028.png,556_588,1,train
C:\Capstone\DeepfakeBench\datasets\rgb\FaceForensics++\manipulated_sequences\Deepfakes\c23\frames\556_588\029.png,556_588,1,train
C:\Capstone\DeepfakeBench\datasets\rgb\FaceForensics++\manipulated_sequences\Deepfakes\c23\frames\556_588\030.png,556_588,1,train
C:\Capstone\DeepfakeBench\datasets\rgb\FaceForensics++\manipulated_sequences\Deepfakes\c23\frames\556_588\031.png,556_588,1,train
C:\Capstone\DeepfakeBench\datasets\rgb\FaceForensics++\original_sequences\youtube\c23\frames\683\000.png,683,0,train
C:\Capstone\DeepfakeBench\datasets\rgb\FaceForensics++\original_sequences\youtube\c23\frames\683\001.png,683,0,train
C:\Capstone\DeepfakeBench\datasets\rgb\FaceForensics++\original_sequences\youtube\c23\frames\683\002.png,683,0,train
C:\Capstone\DeepfakeBench\datasets\rgb\FaceForensics++\original_sequences\youtube\c23\frames\683\003.png,683,0,train
C:\Capstone\DeepfakeBench\datasets\rgb\FaceForensics++\original_sequences\youtube\c23\frames\683\004.png,683,0,train
C:\Capstone\DeepfakeBench\datasets\rgb\FaceForensics++\original_sequences\youtube\c23\frames\683\005.png,683,0,train
C:\Capstone\DeepfakeBench\datasets\rgb\FaceForensics++\original_sequences\youtube\c23\frames\683\006.png,683,0,train
C:\Capstone\DeepfakeBench\datasets\rgb\FaceForensics++\original_sequences\youtube\c23\frames\683\007.png,683,0,train
C:\Capstone\DeepfakeBench\datasets\rgb\FaceForensics++\original_sequences\youtube\c23\frames\683\008.png,683,0,train
C:\Capstone\DeepfakeBench\datasets\rgb\FaceForensics++\original_sequences\youtube\c23\frames\683\009.png,683,0,train
C:\Capstone\DeepfakeBench\datasets\rgb\FaceForensics++\original_sequences\youtube\c23\frames\683\010.png,683,0,train
C:\Capstone\DeepfakeBench\datasets\rgb\FaceForensics++\original_sequences\youtube\c23\frames\683\011.png,683,0,train
C:\Capstone\DeepfakeBench\datasets\rgb\FaceForensics++\original_sequences\youtube\c23\frames\683\012.png,683,0,train
C:\Capstone\DeepfakeBench\datasets\rgb\FaceForensics++\original_sequences\youtube\c23\frames\683\013.png,683,0,train
C:\Capstone\DeepfakeBench\datasets\rgb\FaceForensics++\original_sequences\youtube\c23\frames\683\014.png,683,0,train
C:\Capstone\DeepfakeBench\datasets\rgb\FaceForensics++\original_sequences\youtube\c23\frames\683\015.png,683,0,train
C:\Capstone\DeepfakeBench\datasets\rgb\FaceForensics++\original_sequences\youtube\c23\frames\683\016.png,683,0,train
C:\Capstone\DeepfakeBench\datasets\rgb\FaceForensics++\original_sequences\youtube\c23\frames\683\017.png,683,0,train
C:\Capstone\DeepfakeBench\datasets\rgb\FaceForensics++\original_sequences\youtube\c23\frames\683\018.png,683,0,train
C:\Capstone\DeepfakeBench\datasets\rgb\FaceForensics++\original_sequences\youtube\c23\frames\683\019.png,683,0,train
C:\Capstone\DeepfakeBench\datasets\rgb\FaceForensics++\original_sequences\youtube\c23\frames\683\020.png,683,0,train
C:\Capstone\DeepfakeBench\datasets\rgb\FaceForensics++\original_sequences\youtube\c23\frames\683\021.png,683,0,train
C:\Capstone\DeepfakeBench\datasets\rgb\FaceForensics++\original_sequences\youtube\c23\frames\683\022.png,683,0,train
C:\Capstone\DeepfakeBench\datasets\rgb\FaceForensics++\original_sequences\youtube\c23\frames\683\023.png,683,0,train
C:\Capstone\DeepfakeBench\datasets\rgb\FaceForensics++\original_sequences\youtube\c23\frames\683\024.png,683,0,train
C:\Capstone\DeepfakeBench\datasets\rgb\FaceForensics++\original_sequences\youtube\c23\frames\683\025.png,683,0,train
C:\Capstone\DeepfakeBench\datasets\rgb\FaceForensics++\original_sequences\youtube\c23\frames\683\026.png,683,0,train
C:\Capstone\DeepfakeBench\datasets\rgb\FaceForensics++\original_sequences\youtube\c23\frames\683\027.png,683,0,train
C:\Capstone\DeepfakeBench\datasets\rgb\FaceForensics++\original_sequences\youtube\c23\frames\683\028.png,683,0,train
C:\Capstone\DeepfakeBench\datasets\rgb\FaceForensics++\original_sequences\youtube\c23\frames\683\029.png,683,0,train
C:\Capstone\DeepfakeBench\datasets\rgb\FaceForensics++\original_sequences\youtube\c23\frames\683\030.png,683,0,train
C:\Capstone\DeepfakeBench\datasets\rgb\FaceForensics++\original_sequences\youtube\c23\frames\683\031.png,683,0,train
C:\Capstone\DeepfakeBench\datasets\rgb\FaceForensics++\original_sequences\youtube\c23\frames\253\000.png,253,0,train
C:\Capstone\DeepfakeBench\datasets\rgb\FaceForensics++\original_sequences\youtube\c23\frames\253\001.png,253,0,train
C:\Capstone\DeepfakeBench\datasets\rgb\FaceForensics++\original_sequences\youtube\c23\frames\253\002.png,253,0,train
C:\Capstone\DeepfakeBench\datasets\rgb\FaceForensics++\original_sequences\youtube\c23\frames\253\003.png,253,0,train
C:\Capstone\DeepfakeBench\datasets\rgb\FaceForensics++\original_sequences\youtube\c23\frames\253\004.png,253,0,train
C:\Capstone\DeepfakeBench\datasets\rgb\FaceForensics++\original_sequences\youtube\c23\frames\253\005.png,253,0,train
C:\Capstone\DeepfakeBench\datasets\rgb\FaceForensics++\original_sequences\youtube\c23\frames\253\006.png,253,0,train
C:\Capstone\DeepfakeBench\datasets\rgb\FaceForensics++\original_sequences\youtube\c23\frames\253\007.png,253,0,train
C:\Capstone\DeepfakeBench\datasets\rgb\FaceForensics++\original_sequences\youtube\c23\frames\253\008.png,253,0,train
C:\Capstone\DeepfakeBench\datasets\rgb\FaceForensics++\original_sequences\youtube\c23\frames\253\009.png,253,0,train
C:\Capstone\DeepfakeBench\datasets\rgb\FaceForensics++\original_sequences\youtube\c23\frames\253\010.png,253,0,train
C:\Capstone\DeepfakeBench\datasets\rgb\FaceForensics++\original_sequences\youtube\c23\frames\253\011.png,253,0,train
C:\Capstone\DeepfakeBench\datasets\rgb\FaceForensics++\original_sequences\youtube\c23\frames\253\012.png,253,0,train
C:\Capstone\DeepfakeBench\datasets\rgb\FaceForensics++\original_sequences\youtube\c23\frames\253\013.png,253,0,train
C:\Capstone\DeepfakeBench\datasets\rgb\FaceForensics++\original_sequences\youtube\c23\frames\253\014.png,253,0,train
C:\Capstone\DeepfakeBench\datasets\rgb\FaceForensics++\original_sequences\youtube\c23\frames\253\015.png,253,0,train
C:\Capstone\DeepfakeBench\datasets\rgb\FaceForensics++\original_sequences\youtube\c23\frames\253\016.png,253,0,train
C:\Capstone\DeepfakeBench\datasets\rgb\FaceForensics++\original_sequences\youtube\c23\frames\253\017.png,253,0,train
C:\Capstone\DeepfakeBench\datasets\rgb\FaceForensics++\original_sequences\youtube\c23\frames\253\018.png,253,0,train
C:\Capstone\DeepfakeBench\datasets\rgb\FaceForensics++\original_sequences\youtube\c23\frames\253\019.png,253,0,train
C:\Capstone\DeepfakeBench\datasets\rgb\FaceForensics++\original_sequences\youtube\c23\frames\253\020.png,253,0,train
C:\Capstone\DeepfakeBench\datasets\rgb\FaceForensics++\original_sequences\youtube\c23\frames\253\021.png,253,0,train
C:\Capstone\DeepfakeBench\datasets\rgb\FaceForensics++\original_sequences\youtube\c23\frames\253\022.png,253,0,train
C:\Capstone\DeepfakeBench\datasets\rgb\FaceForensics++\original_sequences\youtube\c23\frames\253\023.png,253,0,train
C:\Capstone\DeepfakeBench\datasets\rgb\FaceForensics++\original_sequences\youtube\c23\frames\253\024.png,253,0,train
C:\Capstone\DeepfakeBench\datasets\rgb\FaceForensics++\original_sequences\youtube\c23\frames\253\025.png,253,0,train
C:\Capstone\DeepfakeBench\datasets\rgb\FaceForensics++\original_sequences\youtube\c23\frames\253\026.png,253,0,train
C:\Capstone\DeepfakeBench\datasets\rgb\FaceForensics++\original_sequences\youtube\c23\frames\253\027.png,253,0,train
C:\Capstone\DeepfakeBench\datasets\rgb\FaceForensics++\original_sequences\youtube\c23\frames\253\028.png,253,0,train
C:\Capstone\DeepfakeBench\datasets\rgb\FaceForensics++\original_sequences\youtube\c23\frames\253\029.png,253,0,train
C:\Capstone\DeepfakeBench\datasets\rgb\FaceForensics++\original_sequences\youtube\c23\frames\253\030.png,253,0,train
C:\Capstone\DeepfakeBench\datasets\rgb\FaceForensics++\original_sequences\youtube\c23\frames\253\031.png,253,0,train
C:\Capstone\DeepfakeBench\datasets\rgb\FaceForensics++\manipulated_sequences\Deepfakes\c23\frames\896_128\000.png,896_128,1,train
C:\Capstone\DeepfakeBench\datasets\rgb\FaceForensics++\manipulated_sequences\Deepfakes\c23\frames\896_128\001.png,896_128,1,train
C:\Capstone\DeepfakeBench\datasets\rgb\FaceForensics++\manipulated_sequences\Deepfakes\c23\frames\896_128\002.png,896_128,1,train
C:\Capstone\DeepfakeBench\datasets\rgb\FaceForensics++\manipulated_sequences\Deepfakes\c23\frames\896_128\003.png,896_128,1,train
C:\Capstone\DeepfakeBench\datasets\rgb\FaceForensics++\manipulated_sequences\Deepfakes\c23\frames\896_128\004.png,896_128,1,train
C:\Capstone\DeepfakeBench\datasets\rgb\FaceForensics++\manipulated_sequences\Deepfakes\c23\frames\896_128\005.png,896_128,1,train
C:\Capstone\DeepfakeBench\datasets\rgb\FaceForensics++\manipulated_sequences\Deepfakes\c23\frames\896_128\006.png,896_128,1,train
C:\Capstone\DeepfakeBench\datasets\rgb\FaceForensics++\manipulated_sequences\Deepfakes\c23\frames\896_128\007.png,896_128,1,train
C:\Capstone\DeepfakeBench\datasets\rgb\FaceForensics++\manipulated_sequences\Deepfakes\c23\frames\896_128\008.png,896_128,1,train
C:\Capstone\DeepfakeBench\datasets\rgb\FaceForensics++\manipulated_sequences\Deepfakes\c23\frames\896_128\009.png,896_128,1,train
C:\Capstone\DeepfakeBench\datasets\rgb\FaceForensics++\manipulated_sequences\Deepfakes\c23\frames\896_128\010.png,896_128,1,train
C:\Capstone\DeepfakeBench\datasets\rgb\FaceForensics++\manipulated_sequences\Deepfakes\c23\frames\896_128\011.png,896_128,1,train
C:\Capstone\DeepfakeBench\datasets\rgb\FaceForensics++\manipulated_sequences\Deepfakes\c23\frames\896_128\012.png,896_128,1,train
C:\Capstone\DeepfakeBench\datasets\rgb\FaceForensics++\manipulated_sequences\Deepfakes\c23\frames\896_128\013.png,896_128,1,train
C:\Capstone\DeepfakeBench\datasets\rgb\FaceForensics++\manipulated_sequences\Deepfakes\c23\frames\896_128\014.png,896_128,1,train
C:\Capstone\DeepfakeBench\datasets\rgb\FaceForensics++\manipulated_sequences\Deepfakes\c23\frames\896_128\015.png,896_128,1,train
C:\Capstone\DeepfakeBench\datasets\rgb\FaceForensics++\manipulated_sequences\Deepfakes\c23\frames\896_128\016.png,896_128,1,train
C:\Capstone\DeepfakeBench\datasets\rgb\FaceForensics++\manipulated_sequences\Deepfakes\c23\frames\896_128\017.png,896_128,1,train
C:\Capstone\DeepfakeBench\datasets\rgb\FaceForensics++\manipulated_sequences\Deepfakes\c23\frames\896_128\018.png,896_128,1,train
C:\Capstone\DeepfakeBench\datasets\rgb\FaceForensics++\manipulated_sequences\Deepfakes\c23\frames\896_128\019.png,896_128,1,train
C:\Capstone\DeepfakeBench\datasets\rgb\FaceForensics++\manipulated_sequences\Deepfakes\c23\frames\896_128\020.png,896_128,1,train
C:\Capstone\DeepfakeBench\datasets\rgb\FaceForensics++\manipulated_sequences\Deepfakes\c23\frames\896_128\021.png,896_128,1,train
C:\Capstone\DeepfakeBench\datasets\rgb\FaceForensics++\manipulated_sequences\Deepfakes\c23\frames\896_128\022.png,896_128,1,train
C:\Capstone\DeepfakeBench\datasets\rgb\FaceForensics++\manipulated_sequences\Deepfakes\c23\frames\896_128\023.png,896_128,1,train
C:\Capstone\DeepfakeBench\datasets\rgb\FaceForensics++\manipulated_sequences\Deepfakes\c23\frames\896_128\024.png,896_128,1,train
C:\Capstone\DeepfakeBench\datasets\rgb\FaceForensics++\manipulated_sequences\Deepfakes\c23\frames\896_128\025.png,896_128,1,train
C:\Capstone\DeepfakeBench\datasets\rgb\FaceForensics++\manipulated_sequences\Deepfakes\c23\frames\896_128\026.png,896_128,1,train
C:\Capstone\DeepfakeBench\datasets\rgb\FaceForensics++\manipulated_sequences\Deepfakes\c23\frames\896_128\027.png,896_128,1,train
C:\Capstone\DeepfakeBench\datasets\rgb\FaceForensics++\manipulated_sequences\Deepfakes\c23\frames\896_128\028.png,896_128,1,train
C:\Capstone\DeepfakeBench\datasets\rgb\FaceForensics++\manipulated_sequences\Deepfakes\c23\frames\896_128\029.png,896_128,1,train
C:\Capstone\DeepfakeBench\datasets\rgb\FaceForensics++\manipulated_sequences\Deepfakes\c23\frames\896_128\030.png,896_128,1,train
C:\Capstone\DeepfakeBench\datasets\rgb\FaceForensics++\manipulated_sequences\Deepfakes\c23\frames\896_128\031.png,896_128,1,train
C:\Capstone\DeepfakeBench\datasets\rgb\FaceForensics++\manipulated_sequences\Deepfakes\c23\frames\134_192\000.png,134_192,1,train
C:\Capstone\DeepfakeBench\datasets\rgb\FaceForensics++\manipulated_sequences\Deepfakes\c23\frames\134_192\001.png,134_192,1,train
C:\Capstone\DeepfakeBench\datasets\rgb\FaceForensics++\manipulated_sequences\Deepfakes\c23\frames\134_192\002.png,134_192,1,train
C:\Capstone\DeepfakeBench\datasets\rgb\FaceForensics++\manipulated_sequences\Deepfakes\c23\frames\134_192\003.png,134_192,1,train
C:\Capstone\DeepfakeBench\datasets\rgb\FaceForensics++\manipulated_sequences\Deepfakes\c23\frames\134_192\004.png,134_192,1,train
C:\Capstone\DeepfakeBench\datasets\rgb\FaceForensics++\manipulated_sequences\Deepfakes\c23\frames\134_192\005.png,134_192,1,train
C:\Capstone\DeepfakeBench\datasets\rgb\FaceForensics++\manipulated_sequences\Deepfakes\c23\frames\134_192\006.png,134_192,1,train
C:\Capstone\DeepfakeBench\datasets\rgb\FaceForensics++\manipulated_sequences\Deepfakes\c23\frames\134_192\007.png,134_192,1,train
C:\Capstone\DeepfakeBench\datasets\rgb\FaceForensics++\manipulated_sequences\Deepfakes\c23\frames\134_192\008.png,134_192,1,train
C:\Capstone\DeepfakeBench\datasets\rgb\FaceForensics++\manipulated_sequences\Deepfakes\c23\frames\134_192\009.png,134_192,1,train
C:\Capstone\DeepfakeBench\datasets\rgb\FaceForensics++\manipulated_sequences\Deepfakes\c23\frames\134_192\010.png,134_192,1,train
C:\Capstone\DeepfakeBench\datasets\rgb\FaceForensics++\manipulated_sequences\Deepfakes\c23\frames\134_192\011.png,134_192,1,train
C:\Capstone\DeepfakeBench\datasets\rgb\FaceForensics++\manipulated_sequences\Deepfakes\c23\frames\134_192\012.png,134_192,1,train
C:\Capstone\DeepfakeBench\datasets\rgb\FaceForensics++\manipulated_sequences\Deepfakes\c23\frames\134_192\013.png,134_192,1,train
C:\Capstone\DeepfakeBench\datasets\rgb\FaceForensics++\manipulated_sequences\Deepfakes\c23\frames\134_192\014.png,134_192,1,train
C:\Capstone\DeepfakeBench\datasets\rgb\FaceForensics++\manipulated_sequences\Deepfakes\c23\frames\134_192\015.png,134_192,1,train
C:\Capstone\DeepfakeBench\datasets\rgb\FaceForensics++\manipulated_sequences\Deepfakes\c23\frames\134_192\016.png,134_192,1,train
C:\Capstone\DeepfakeBench\datasets\rgb\FaceForensics++\manipulated_sequences\Deepfakes\c23\frames\134_192\017.png,134_192,1,train
C:\Capstone\DeepfakeBench\datasets\rgb\FaceForensics++\manipulated_sequences\Deepfakes\c23\frames\134_192\018.png,134_192,1,train
C:\Capstone\DeepfakeBench\datasets\rgb\FaceForensics++\manipulated_sequences\Deepfakes\c23\frames\134_192\019.png,134_192,1,train
C:\Capstone\DeepfakeBench\datasets\rgb\FaceForensics++\manipulated_sequences\Deepfakes\c23\frames\134_192\020.png,134_192,1,train
C:\Capstone\DeepfakeBench\datasets\rgb\FaceForensics++\manipulated_sequences\Deepfakes\c23\frames\134_192\021.png,134_192,1,train
C:\Capstone\DeepfakeBench\datasets\rgb\FaceForensics++\manipulated_sequences\Deepfakes\c23\frames\134_192\022.png,134_192,1,train
C:\Capstone\DeepfakeBench\datasets\rgb\FaceForensics++\manipulated_sequences\Deepfakes\c23\frames\134_192\023.png,134_192,1,train
C:\Capstone\DeepfakeBench\datasets\rgb\FaceForensics++\manipulated_sequences\Deepfakes\c23\frames\134_192\024.png,134_192,1,train
C:\Capstone\DeepfakeBench\datasets\rgb\FaceForensics++\manipulated_sequences\Deepfakes\c23\frames\134_192\025.png,134_192,1,train
C:\Capstone\DeepfakeBench\datasets\rgb\FaceForensics++\manipulated_sequences\Deepfakes\c23\frames\134_192\026.png,134_192,1,train
C:\Capstone\DeepfakeBench\datasets\rgb\FaceForensics++\manipulated_sequences\Deepfakes\c23\frames\134_192\027.png,134_192,1,train
C:\Capstone\DeepfakeBench\datasets\rgb\FaceForensics++\manipulated_sequences\Deepfakes\c23\frames\134_192\028.png,134_192,1,train
C:\Capstone\DeepfakeBench\datasets\rgb\FaceForensics++\manipulated_sequences\Deepfakes\c23\frames\134_192\029.png,134_192,1,train
C:\Capstone\DeepfakeBench\datasets\rgb\FaceForensics++\manipulated_sequences\Deepfakes\c23\frames\134_192\030.png,134_192,1,train
C:\Capstone\DeepfakeBench\datasets\rgb\FaceForensics++\manipulated_sequences\Deepfakes\c23\frames\134_192\031.png,134_192,1,train
C:\Capstone\DeepfakeBench\datasets\rgb\FaceForensics++\original_sequences\youtube\c23\frames\481\000.png,481,0,train
C:\Capstone\DeepfakeBench\datasets\rgb\FaceForensics++\original_sequences\youtube\c23\frames\481\001.png,481,0,train
C:\Capstone\DeepfakeBench\datasets\rgb\FaceForensics++\original_sequences\youtube\c23\frames\481\002.png,481,0,train
C:\Capstone\DeepfakeBench\datasets\rgb\FaceForensics++\original_sequences\youtube\c23\frames\481\003.png,481,0,train
C:\Capstone\DeepfakeBench\datasets\rgb\FaceForensics++\original_sequences\youtube\c23\frames\481\004.png,481,0,train
C:\Capstone\DeepfakeBench\datasets\rgb\FaceForensics++\original_sequences\youtube\c23\frames\481\005.png,481,0,train
C:\Capstone\DeepfakeBench\datasets\rgb\FaceForensics++\original_sequences\youtube\c23\frames\481\006.png,481,0,train
C:\Capstone\DeepfakeBench\datasets\rgb\FaceForensics++\original_sequences\youtube\c23\frames\481\007.png,481,0,train
C:\Capstone\DeepfakeBench\datasets\rgb\FaceForensics++\original_sequences\youtube\c23\frames\481\008.png,481,0,train
C:\Capstone\DeepfakeBench\datasets\rgb\FaceForensics++\original_sequences\youtube\c23\frames\481\009.png,481,0,train
C:\Capstone\DeepfakeBench\datasets\rgb\FaceForensics++\original_sequences\youtube\c23\frames\481\010.png,481,0,train
C:\Capstone\DeepfakeBench\datasets\rgb\FaceForensics++\original_sequences\youtube\c23\frames\481\011.png,481,0,train
C:\Capstone\DeepfakeBench\datasets\rgb\FaceForensics++\original_sequences\youtube\c23\frames\481\012.png,481,0,train
C:\Capstone\DeepfakeBench\datasets\rgb\FaceForensics++\original_sequences\youtube\c23\frames\481\013.png,481,0,train
C:\Capstone\DeepfakeBench\datasets\rgb\FaceForensics++\original_sequences\youtube\c23\frames\481\014.png,481,0,train
C:\Capstone\DeepfakeBench\datasets\rgb\FaceForensics++\original_sequences\youtube\c23\frames\481\015.png,481,0,train
C:\Capstone\DeepfakeBench\datasets\rgb\FaceForensics++\original_sequences\youtube\c23\frames\481\016.png,481,0,train
C:\Capstone\DeepfakeBench\datasets\rgb\FaceForensics++\original_sequences\youtube\c23\frames\481\017.png,481,0,train
C:\Capstone\DeepfakeBench\datasets\rgb\FaceForensics++\original_sequences\youtube\c23\frames\481\018.png,481,0,train
C:\Capstone\DeepfakeBench\datasets\rgb\FaceForensics++\original_sequences\youtube\c23\frames\481\019.png,481,0,train
C:\Capstone\DeepfakeBench\datasets\rgb\FaceForensics++\original_sequences\youtube\c23\frames\481\020.png,481,0,train
C:\Capstone\DeepfakeBench\datasets\rgb\FaceForensics++\original_sequences\youtube\c23\frames\481\021.png,481,0,train
C:\Capstone\DeepfakeBench\datasets\rgb\FaceForensics++\original_sequences\youtube\c23\frames\481\022.png,481,0,train
C:\Capstone\DeepfakeBench\datasets\rgb\FaceForensics++\original_sequences\youtube\c23\frames\481\023.png,481,0,train
C:\Capstone\DeepfakeBench\datasets\rgb\FaceForensics++\original_sequences\youtube\c23\frames\481\024.png,481,0,train
C:\Capstone\DeepfakeBench\datasets\rgb\FaceForensics++\original_sequences\youtube\c23\frames\481\025.png,481,0,train
C:\Capstone\DeepfakeBench\datasets\rgb\FaceForensics++\original_sequences\youtube\c23\frames\481\026.png,481,0,train
C:\Capstone\DeepfakeBench\datasets\rgb\FaceForensics++\original_sequences\youtube\c23\frames\481\027.png,481,0,train
C:\Capstone\DeepfakeBench\datasets\rgb\FaceForensics++\original_sequences\youtube\c23\frames\481\028.png,481,0,train
C:\Capstone\DeepfakeBench\datasets\rgb\FaceForensics++\original_sequences\youtube\c23\frames\481\029.png,481,0,train
C:\Capstone\DeepfakeBench\datasets\rgb\FaceForensics++\original_sequences\youtube\c23\frames\481\030.png,481,0,train
C:\Capstone\DeepfakeBench\datasets\rgb\FaceForensics++\original_sequences\youtube\c23\frames\481\031.png,481,0,train
C:\Capstone\DeepfakeBench\datasets\rgb\FaceForensics++\manipulated_sequences\Deepfakes\c23\frames\716_712\000.png,716_712,1,train
C:\Capstone\DeepfakeBench\datasets\rgb\FaceForensics++\manipulated_sequences\Deepfakes\c23\frames\716_712\001.png,716_712,1,train
C:\Capstone\DeepfakeBench\datasets\rgb\FaceForensics++\manipulated_sequences\Deepfakes\c23\frames\716_712\002.png,716_712,1,train
C:\Capstone\DeepfakeBench\datasets\rgb\FaceForensics++\manipulated_sequences\Deepfakes\c23\frames\716_712\003.png,716_712,1,train
C:\Capstone\DeepfakeBench\datasets\rgb\FaceForensics++\manipulated_sequences\Deepfakes\c23\frames\716_712\004.png,716_712,1,train
C:\Capstone\DeepfakeBench\datasets\rgb\FaceForensics++\manipulated_sequences\Deepfakes\c23\frames\716_712\005.png,716_712,1,train
C:\Capstone\DeepfakeBench\datasets\rgb\FaceForensics++\manipulated_sequences\Deepfakes\c23\frames\716_712\006.png,716_712,1,train
C:\Capstone\DeepfakeBench\datasets\rgb\FaceForensics++\manipulated_sequences\Deepfakes\c23\frames\716_712\007.png,716_712,1,train
C:\Capstone\DeepfakeBench\datasets\rgb\FaceForensics++\manipulated_sequences\Deepfakes\c23\frames\716_712\008.png,716_712,1,train
C:\Capstone\DeepfakeBench\datasets\rgb\FaceForensics++\manipulated_sequences\Deepfakes\c23\frames\716_712\009.png,716_712,1,train
C:\Capstone\DeepfakeBench\datasets\rgb\FaceForensics++\manipulated_sequences\Deepfakes\c23\frames\716_712\010.png,716_712,1,train
C:\Capstone\DeepfakeBench\datasets\rgb\FaceForensics++\manipulated_sequences\Deepfakes\c23\frames\716_712\011.png,716_712,1,train
C:\Capstone\DeepfakeBench\datasets\rgb\FaceForensics++\manipulated_sequences\Deepfakes\c23\frames\716_712\012.png,716_712,1,train
C:\Capstone\DeepfakeBench\datasets\rgb\FaceForensics++\manipulated_sequences\Deepfakes\c23\frames\716_712\013.png,716_712,1,train
C:\Capstone\DeepfakeBench\datasets\rgb\FaceForensics++\manipulated_sequences\Deepfakes\c23\frames\716_712\014.png,716_712,1,train
C:\Capstone\DeepfakeBench\datasets\rgb\FaceForensics++\manipulated_sequences\Deepfakes\c23\frames\716_712\015.png,716_712,1,train
C:\Capstone\DeepfakeBench\datasets\rgb\FaceForensics++\manipulated_sequences\Deepfakes\c23\frames\716_712\016.png,716_712,1,train
C:\Capstone\DeepfakeBench\datasets\rgb\FaceForensics++\manipulated_sequences\Deepfakes\c23\frames\716_712\017.png,716_712,1,train
C:\Capstone\DeepfakeBench\datasets\rgb\FaceForensics++\manipulated_sequences\Deepfakes\c23\frames\716_712\018.png,716_712,1,train
C:\Capstone\DeepfakeBench\datasets\rgb\FaceForensics++\manipulated_sequences\Deepfakes\c23\frames\716_712\019.png,716_712,1,train
C:\Capstone\DeepfakeBench\datasets\rgb\FaceForensics++\manipulated_sequences\Deepfakes\c23\frames\716_712\020.png,716_712,1,train
C:\Capstone\DeepfakeBench\datasets\rgb\FaceForensics++\manipulated_sequences\Deepfakes\c23\frames\716_712\021.png,716_712,1,train
C:\Capstone\DeepfakeBench\datasets\rgb\FaceForensics++\manipulated_sequences\Deepfakes\c23\frames\716_712\022.png,716_712,1,train
C:\Capstone\DeepfakeBench\datasets\rgb\FaceForensics++\manipulated_sequences\Deepfakes\c23\frames\716_712\023.png,716_712,1,train
C:\Capstone\DeepfakeBench\datasets\rgb\FaceForensics++\manipulated_sequences\Deepfakes\c23\frames\716_712\024.png,716_712,1,train
C:\Capstone\DeepfakeBench\datasets\rgb\FaceForensics++\manipulated_sequences\Deepfakes\c23\frames\716_712\025.png,716_712,1,train
C:\Capstone\DeepfakeBench\datasets\rgb\FaceForensics++\manipulated_sequences\Deepfakes\c23\frames\716_712\026.png,716_712,1,train
C:\Capstone\DeepfakeBench\datasets\rgb\FaceForensics++\manipulated_sequences\Deepfakes\c23\frames\716_712\027.png,716_712,1,train
C:\Capstone\DeepfakeBench\datasets\rgb\FaceForensics++\manipulated_sequences\Deepfakes\c23\frames\716_712\028.png,716_712,1,train
C:\Capstone\DeepfakeBench\datasets\rgb\FaceForensics++\manipulated_sequences\Deepfakes\c23\frames\716_712\029.png,716_712,1,train
C:\Capstone\DeepfakeBench\datasets\rgb\FaceForensics++\manipulated_sequences\Deepfakes\c23\frames\716_712\030.png,716_712,1,train
C:\Capstone\DeepfakeBench\datasets\rgb\FaceForensics++\manipulated_sequences\Deepfakes\c23\frames\716_712\031.png,716_712,1,train
C:\Capstone\DeepfakeBench\datasets\rgb\FaceForensics++\original_sequences\youtube\c23\frames\046\000.png,046,0,train
C:\Capstone\DeepfakeBench\datasets\rgb\FaceForensics++\original_sequences\youtube\c23\frames\046\001.png,046,0,train
C:\Capstone\DeepfakeBench\datasets\rgb\FaceForensics++\original_sequences\youtube\c23\frames\046\002.png,046,0,train
C:\Capstone\DeepfakeBench\datasets\rgb\FaceForensics++\original_sequences\youtube\c23\frames\046\003.png,046,0,train
C:\Capstone\DeepfakeBench\datasets\rgb\FaceForensics++\original_sequences\youtube\c23\frames\046\004.png,046,0,train
C:\Capstone\DeepfakeBench\datasets\rgb\FaceForensics++\original_sequences\youtube\c23\frames\046\005.png,046,0,train
C:\Capstone\DeepfakeBench\datasets\rgb\FaceForensics++\original_sequences\youtube\c23\frames\046\006.png,046,0,train
C:\Capstone\DeepfakeBench\datasets\rgb\FaceForensics++\original_sequences\youtube\c23\frames\046\007.png,046,0,train
C:\Capstone\DeepfakeBench\datasets\rgb\FaceForensics++\original_sequences\youtube\c23\frames\046\008.png,046,0,train
C:\Capstone\DeepfakeBench\datasets\rgb\FaceForensics++\original_sequences\youtube\c23\frames\046\009.png,046,0,train
C:\Capstone\DeepfakeBench\datasets\rgb\FaceForensics++\original_sequences\youtube\c23\frames\046\010.png,046,0,train
C:\Capstone\DeepfakeBench\datasets\rgb\FaceForensics++\original_sequences\youtube\c23\frames\046\011.png,046,0,train
C:\Capstone\DeepfakeBench\datasets\rgb\FaceForensics++\original_sequences\youtube\c23\frames\046\012.png,046,0,train
C:\Capstone\DeepfakeBench\datasets\rgb\FaceForensics++\original_sequences\youtube\c23\frames\046\013.png,046,0,train
C:\Capstone\DeepfakeBench\datasets\rgb\FaceForensics++\original_sequences\youtube\c23\frames\046\014.png,046,0,train
C:\Capstone\DeepfakeBench\datasets\rgb\FaceForensics++\original_sequences\youtube\c23\frames\046\015.png,046,0,train
C:\Capstone\DeepfakeBench\datasets\rgb\FaceForensics++\original_sequences\youtube\c23\frames\046\016.png,046,0,train
C:\Capstone\DeepfakeBench\datasets\rgb\FaceForensics++\original_sequences\youtube\c23\frames\046\017.png,046,0,train
C:\Capstone\DeepfakeBench\datasets\rgb\FaceForensics++\original_sequences\youtube\c23\frames\046\018.png,046,0,train
C:\Capstone\DeepfakeBench\datasets\rgb\FaceForensics++\original_sequences\youtube\c23\frames\046\019.png,046,0,train
C:\Capstone\DeepfakeBench\datasets\rgb\FaceForensics++\original_sequences\youtube\c23\frames\046\020.png,046,0,train
C:\Capstone\DeepfakeBench\datasets\rgb\FaceForensics++\original_sequences\youtube\c23\frames\046\021.png,046,0,train
C:\Capstone\DeepfakeBench\datasets\rgb\FaceForensics++\original_sequences\youtube\c23\frames\046\022.png,046,0,train
C:\Capstone\DeepfakeBench\datasets\rgb\FaceForensics++\original_sequences\youtube\c23\frames\046\023.png,046,0,train
C:\Capstone\DeepfakeBench\datasets\rgb\FaceForensics++\original_sequences\youtube\c23\frames\046\024.png,046,0,train
C:\Capstone\DeepfakeBench\datasets\rgb\FaceForensics++\original_sequences\youtube\c23\frames\046\025.png,046,0,train
C:\Capstone\DeepfakeBench\datasets\rgb\FaceForensics++\original_sequences\youtube\c23\frames\046\026.png,046,0,train
C:\Capstone\DeepfakeBench\datasets\rgb\FaceForensics++\original_sequences\youtube\c23\frames\046\027.png,046,0,train
C:\Capstone\DeepfakeBench\datasets\rgb\FaceForensics++\original_sequences\youtube\c23\frames\046\028.png,046,0,train
C:\Capstone\DeepfakeBench\datasets\rgb\FaceForensics++\original_sequences\youtube\c23\frames\046\029.png,046,0,train
C:\Capstone\DeepfakeBench\datasets\rgb\FaceForensics++\original_sequences\youtube\c23\frames\046\030.png,046,0,train
C:\Capstone\DeepfakeBench\datasets\rgb\FaceForensics++\original_sequences\youtube\c23\frames\046\031.png,046,0,train
C:\Capstone\DeepfakeBench\datasets\rgb\FaceForensics++\original_sequences\youtube\c23\frames\257\000.png,257,0,train
C:\Capstone\DeepfakeBench\datasets\rgb\FaceForensics++\original_sequences\youtube\c23\frames\257\001.png,257,0,train
C:\Capstone\DeepfakeBench\datasets\rgb\FaceForensics++\original_sequences\youtube\c23\frames\257\002.png,257,0,train
C:\Capstone\DeepfakeBench\datasets\rgb\FaceForensics++\original_sequences\youtube\c23\frames\257\003.png,257,0,train
C:\Capstone\DeepfakeBench\datasets\rgb\FaceForensics++\original_sequences\youtube\c23\frames\257\004.png,257,0,train
C:\Capstone\DeepfakeBench\datasets\rgb\FaceForensics++\original_sequences\youtube\c23\frames\257\005.png,257,0,train
C:\Capstone\DeepfakeBench\datasets\rgb\FaceForensics++\original_sequences\youtube\c23\frames\257\006.png,257,0,train
C:\Capstone\DeepfakeBench\datasets\rgb\FaceForensics++\original_sequences\youtube\c23\frames\257\007.png,257,0,train
C:\Capstone\DeepfakeBench\datasets\rgb\FaceForensics++\original_sequences\youtube\c23\frames\257\008.png,257,0,train
C:\Capstone\DeepfakeBench\datasets\rgb\FaceForensics++\original_sequences\youtube\c23\frames\257\009.png,257,0,train
C:\Capstone\DeepfakeBench\datasets\rgb\FaceForensics++\original_sequences\youtube\c23\frames\257\010.png,257,0,train
C:\Capstone\DeepfakeBench\datasets\rgb\FaceForensics++\original_sequences\youtube\c23\frames\257\011.png,257,0,train
C:\Capstone\DeepfakeBench\datasets\rgb\FaceForensics++\original_sequences\youtube\c23\frames\257\012.png,257,0,train
C:\Capstone\DeepfakeBench\datasets\rgb\FaceForensics++\original_sequences\youtube\c23\frames\257\013.png,257,0,train
C:\Capstone\DeepfakeBench\datasets\rgb\FaceForensics++\original_sequences\youtube\c23\frames\257\014.png,257,0,train
C:\Capstone\DeepfakeBench\datasets\rgb\FaceForensics++\original_sequences\youtube\c23\frames\257\015.png,257,0,train
C:\Capstone\DeepfakeBench\datasets\rgb\FaceForensics++\original_sequences\youtube\c23\frames\257\016.png,257,0,train
C:\Capstone\DeepfakeBench\datasets\rgb\FaceForensics++\original_sequences\youtube\c23\frames\257\017.png,257,0,train
C:\Capstone\DeepfakeBench\datasets\rgb\FaceForensics++\original_sequences\youtube\c23\frames\257\018.png,257,0,train
C:\Capstone\DeepfakeBench\datasets\rgb\FaceForensics++\original_sequences\youtube\c23\frames\257\019.png,257,0,train
C:\Capstone\DeepfakeBench\datasets\rgb\FaceForensics++\original_sequences\youtube\c23\frames\257\020.png,257,0,train
C:\Capstone\DeepfakeBench\datasets\rgb\FaceForensics++\original_sequences\youtube\c23\frames\257\021.png,257,0,train
C:\Capstone\DeepfakeBench\datasets\rgb\FaceForensics++\original_sequences\youtube\c23\frames\257\022.png,257,0,train
C:\Capstone\DeepfakeBench\datasets\rgb\FaceForensics++\original_sequences\youtube\c23\frames\257\023.png,257,0,train
C:\Capstone\DeepfakeBench\datasets\rgb\FaceForensics++\original_sequences\youtube\c23\frames\257\024.png,257,0,train
C:\Capstone\DeepfakeBench\datasets\rgb\FaceForensics++\original_sequences\youtube\c23\frames\257\025.png,257,0,train
C:\Capstone\DeepfakeBench\datasets\rgb\FaceForensics++\original_sequences\youtube\c23\frames\257\026.png,257,0,train
C:\Capstone\DeepfakeBench\datasets\rgb\FaceForensics++\original_sequences\youtube\c23\frames\257\027.png,257,0,train
C:\Capstone\DeepfakeBench\datasets\rgb\FaceForensics++\original_sequences\youtube\c23\frames\257\028.png,257,0,train
C:\Capstone\DeepfakeBench\datasets\rgb\FaceForensics++\original_sequences\youtube\c23\frames\257\029.png,257,0,train
C:\Capstone\DeepfakeBench\datasets\rgb\FaceForensics++\original_sequences\youtube\c23\frames\257\030.png,257,0,train
C:\Capstone\DeepfakeBench\datasets\rgb\FaceForensics++\original_sequences\youtube\c23\frames\257\031.png,257,0,train
C:\Capstone\DeepfakeBench\datasets\rgb\FaceForensics++\manipulated_sequences\Deepfakes\c23\frames\878_866\000.png,878_866,1,train
C:\Capstone\DeepfakeBench\datasets\rgb\FaceForensics++\manipulated_sequences\Deepfakes\c23\frames\878_866\001.png,878_866,1,train
C:\Capstone\DeepfakeBench\datasets\rgb\FaceForensics++\manipulated_sequences\Deepfakes\c23\frames\878_866\002.png,878_866,1,train
C:\Capstone\DeepfakeBench\datasets\rgb\FaceForensics++\manipulated_sequences\Deepfakes\c23\frames\878_866\003.png,878_866,1,train
C:\Capstone\DeepfakeBench\datasets\rgb\FaceForensics++\manipulated_sequences\Deepfakes\c23\frames\878_866\004.png,878_866,1,train
C:\Capstone\DeepfakeBench\datasets\rgb\FaceForensics++\manipulated_sequences\Deepfakes\c23\frames\878_866\005.png,878_866,1,train
C:\Capstone\DeepfakeBench\datasets\rgb\FaceForensics++\manipulated_sequences\Deepfakes\c23\frames\878_866\006.png,878_866,1,train
C:\Capstone\DeepfakeBench\datasets\rgb\FaceForensics++\manipulated_sequences\Deepfakes\c23\frames\878_866\007.png,878_866,1,train
C:\Capstone\DeepfakeBench\datasets\rgb\FaceForensics++\manipulated_sequences\Deepfakes\c23\frames\878_866\008.png,878_866,1,train
C:\Capstone\DeepfakeBench\datasets\rgb\FaceForensics++\manipulated_sequences\Deepfakes\c23\frames\878_866\009.png,878_866,1,train
C:\Capstone\DeepfakeBench\datasets\rgb\FaceForensics++\manipulated_sequences\Deepfakes\c23\frames\878_866\010.png,878_866,1,train
C:\Capstone\DeepfakeBench\datasets\rgb\FaceForensics++\manipulated_sequences\Deepfakes\c23\frames\878_866\011.png,878_866,1,train
C:\Capstone\DeepfakeBench\datasets\rgb\FaceForensics++\manipulated_sequences\Deepfakes\c23\frames\878_866\012.png,878_866,1,train
C:\Capstone\DeepfakeBench\datasets\rgb\FaceForensics++\manipulated_sequences\Deepfakes\c23\frames\878_866\013.png,878_866,1,train
C:\Capstone\DeepfakeBench\datasets\rgb\FaceForensics++\manipulated_sequences\Deepfakes\c23\frames\878_866\014.png,878_866,1,train
C:\Capstone\DeepfakeBench\datasets\rgb\FaceForensics++\manipulated_sequences\Deepfakes\c23\frames\878_866\015.png,878_866,1,train
C:\Capstone\DeepfakeBench\datasets\rgb\FaceForensics++\manipulated_sequences\Deepfakes\c23\frames\878_866\016.png,878_866,1,train
C:\Capstone\DeepfakeBench\datasets\rgb\FaceForensics++\manipulated_sequences\Deepfakes\c23\frames\878_866\017.png,878_866,1,train
C:\Capstone\DeepfakeBench\datasets\rgb\FaceForensics++\manipulated_sequences\Deepfakes\c23\frames\878_866\018.png,878_866,1,train
C:\Capstone\DeepfakeBench\datasets\rgb\FaceForensics++\manipulated_sequences\Deepfakes\c23\frames\878_866\019.png,878_866,1,train
C:\Capstone\DeepfakeBench\datasets\rgb\FaceForensics++\manipulated_sequences\Deepfakes\c23\frames\878_866\020.png,878_866,1,train
C:\Capstone\DeepfakeBench\datasets\rgb\FaceForensics++\manipulated_sequences\Deepfakes\c23\frames\878_866\021.png,878_866,1,train
C:\Capstone\DeepfakeBench\datasets\rgb\FaceForensics++\manipulated_sequences\Deepfakes\c23\frames\878_866\022.png,878_866,1,train
C:\Capstone\DeepfakeBench\datasets\rgb\FaceForensics++\manipulated_sequences\Deepfakes\c23\frames\878_866\023.png,878_866,1,train
C:\Capstone\DeepfakeBench\datasets\rgb\FaceForensics++\manipulated_sequences\Deepfakes\c23\frames\878_866\024.png,878_866,1,train
C:\Capstone\DeepfakeBench\datasets\rgb\FaceForensics++\manipulated_sequences\Deepfakes\c23\frames\878_866\025.png,878_866,1,train
C:\Capstone\DeepfakeBench\datasets\rgb\FaceForensics++\manipulated_sequences\Deepfakes\c23\frames\878_866\026.png,878_866,1,train
C:\Capstone\DeepfakeBench\datasets\rgb\FaceForensics++\manipulated_sequences\Deepfakes\c23\frames\878_866\027.png,878_866,1,train
C:\Capstone\DeepfakeBench\datasets\rgb\FaceForensics++\manipulated_sequences\Deepfakes\c23\frames\878_866\028.png,878_866,1,train
C:\Capstone\DeepfakeBench\datasets\rgb\FaceForensics++\manipulated_sequences\Deepfakes\c23\frames\878_866\029.png,878_866,1,train
C:\Capstone\DeepfakeBench\datasets\rgb\FaceForensics++\manipulated_sequences\Deepfakes\c23\frames\878_866\030.png,878_866,1,train
C:\Capstone\DeepfakeBench\datasets\rgb\FaceForensics++\manipulated_sequences\Deepfakes\c23\frames\878_866\031.png,878_866,1,train
C:\Capstone\DeepfakeBench\datasets\rgb\FaceForensics++\original_sequences\youtube\c23\frames\994\000.png,994,0,train
C:\Capstone\DeepfakeBench\datasets\rgb\FaceForensics++\original_sequences\youtube\c23\frames\994\001.png,994,0,train
C:\Capstone\DeepfakeBench\datasets\rgb\FaceForensics++\original_sequences\youtube\c23\frames\994\002.png,994,0,train
C:\Capstone\DeepfakeBench\datasets\rgb\FaceForensics++\original_sequences\youtube\c23\frames\994\003.png,994,0,train
C:\Capstone\DeepfakeBench\datasets\rgb\FaceForensics++\original_sequences\youtube\c23\frames\994\004.png,994,0,train
C:\Capstone\DeepfakeBench\datasets\rgb\FaceForensics++\original_sequences\youtube\c23\frames\994\005.png,994,0,train
C:\Capstone\DeepfakeBench\datasets\rgb\FaceForensics++\original_sequences\youtube\c23\frames\994\006.png,994,0,train
C:\Capstone\DeepfakeBench\datasets\rgb\FaceForensics++\original_sequences\youtube\c23\frames\994\007.png,994,0,train
C:\Capstone\DeepfakeBench\datasets\rgb\FaceForensics++\original_sequences\youtube\c23\frames\994\008.png,994,0,train
C:\Capstone\DeepfakeBench\datasets\rgb\FaceForensics++\original_sequences\youtube\c23\frames\994\009.png,994,0,train
C:\Capstone\DeepfakeBench\datasets\rgb\FaceForensics++\original_sequences\youtube\c23\frames\994\010.png,994,0,train
C:\Capstone\DeepfakeBench\datasets\rgb\FaceForensics++\original_sequences\youtube\c23\frames\994\011.png,994,0,train
C:\Capstone\DeepfakeBench\datasets\rgb\FaceForensics++\original_sequences\youtube\c23\frames\994\012.png,994,0,train
C:\Capstone\DeepfakeBench\datasets\rgb\FaceForensics++\original_sequences\youtube\c23\frames\994\013.png,994,0,train
C:\Capstone\DeepfakeBench\datasets\rgb\FaceForensics++\original_sequences\youtube\c23\frames\994\014.png,994,0,train
C:\Capstone\DeepfakeBench\datasets\rgb\FaceForensics++\original_sequences\youtube\c23\frames\994\015.png,994,0,train
C:\Capstone\DeepfakeBench\datasets\rgb\FaceForensics++\original_sequences\youtube\c23\frames\994\016.png,994,0,train
C:\Capstone\DeepfakeBench\datasets\rgb\FaceForensics++\original_sequences\youtube\c23\frames\994\017.png,994,0,train
C:\Capstone\DeepfakeBench\datasets\rgb\FaceForensics++\original_sequences\youtube\c23\frames\994\018.png,994,0,train
C:\Capstone\DeepfakeBench\datasets\rgb\FaceForensics++\original_sequences\youtube\c23\frames\994\019.png,994,0,train
C:\Capstone\DeepfakeBench\datasets\rgb\FaceForensics++\original_sequences\youtube\c23\frames\994\020.png,994,0,train
C:\Capstone\DeepfakeBench\datasets\rgb\FaceForensics++\original_sequences\youtube\c23\frames\994\021.png,994,0,train
C:\Capstone\DeepfakeBench\datasets\rgb\FaceForensics++\original_sequences\youtube\c23\frames\994\022.png,994,0,train
C:\Capstone\DeepfakeBench\datasets\rgb\FaceForensics++\original_sequences\youtube\c23\frames\994\023.png,994,0,train
C:\Capstone\DeepfakeBench\datasets\rgb\FaceForensics++\original_sequences\youtube\c23\frames\994\024.png,994,0,train
C:\Capstone\DeepfakeBench\datasets\rgb\FaceForensics++\original_sequences\youtube\c23\frames\994\025.png,994,0,train
C:\Capstone\DeepfakeBench\datasets\rgb\FaceForensics++\original_sequences\youtube\c23\frames\994\026.png,994,0,train
C:\Capstone\DeepfakeBench\datasets\rgb\FaceForensics++\original_sequences\youtube\c23\frames\994\027.png,994,0,train
C:\Capstone\DeepfakeBench\datasets\rgb\FaceForensics++\original_sequences\youtube\c23\frames\994\028.png,994,0,train
C:\Capstone\DeepfakeBench\datasets\rgb\FaceForensics++\original_sequences\youtube\c23\frames\994\029.png,994,0,train
C:\Capstone\DeepfakeBench\datasets\rgb\FaceForensics++\original_sequences\youtube\c23\frames\994\030.png,994,0,train
C:\Capstone\DeepfakeBench\datasets\rgb\FaceForensics++\original_sequences\youtube\c23\frames\994\031.png,994,0,train
C:\Capstone\DeepfakeBench\datasets\rgb\FaceForensics++\original_sequences\youtube\c23\frames\992\000.png,992,0,train
C:\Capstone\DeepfakeBench\datasets\rgb\FaceForensics++\original_sequences\youtube\c23\frames\992\001.png,992,0,train
C:\Capstone\DeepfakeBench\datasets\rgb\FaceForensics++\original_sequences\youtube\c23\frames\992\002.png,992,0,train
C:\Capstone\DeepfakeBench\datasets\rgb\FaceForensics++\original_sequences\youtube\c23\frames\992\003.png,992,0,train
C:\Capstone\DeepfakeBench\datasets\rgb\FaceForensics++\original_sequences\youtube\c23\frames\992\004.png,992,0,train
C:\Capstone\DeepfakeBench\datasets\rgb\FaceForensics++\original_sequences\youtube\c23\frames\992\005.png,992,0,train
C:\Capstone\DeepfakeBench\datasets\rgb\FaceForensics++\original_sequences\youtube\c23\frames\992\006.png,992,0,train
C:\Capstone\DeepfakeBench\datasets\rgb\FaceForensics++\original_sequences\youtube\c23\frames\992\007.png,992,0,train
C:\Capstone\DeepfakeBench\datasets\rgb\FaceForensics++\original_sequences\youtube\c23\frames\992\008.png,992,0,train
C:\Capstone\DeepfakeBench\datasets\rgb\FaceForensics++\original_sequences\youtube\c23\frames\992\009.png,992,0,train
C:\Capstone\DeepfakeBench\datasets\rgb\FaceForensics++\original_sequences\youtube\c23\frames\992\010.png,992,0,train
C:\Capstone\DeepfakeBench\datasets\rgb\FaceForensics++\original_sequences\youtube\c23\frames\992\011.png,992,0,train
C:\Capstone\DeepfakeBench\datasets\rgb\FaceForensics++\original_sequences\youtube\c23\frames\992\012.png,992,0,train
C:\Capstone\DeepfakeBench\datasets\rgb\FaceForensics++\original_sequences\youtube\c23\frames\992\013.png,992,0,train
C:\Capstone\DeepfakeBench\datasets\rgb\FaceForensics++\original_sequences\youtube\c23\frames\992\014.png,992,0,train
C:\Capstone\DeepfakeBench\datasets\rgb\FaceForensics++\original_sequences\youtube\c23\frames\992\015.png,992,0,train
C:\Capstone\DeepfakeBench\datasets\rgb\FaceForensics++\original_sequences\youtube\c23\frames\992\016.png,992,0,train
C:\Capstone\DeepfakeBench\datasets\rgb\FaceForensics++\original_sequences\youtube\c23\frames\992\017.png,992,0,train
C:\Capstone\DeepfakeBench\datasets\rgb\FaceForensics++\original_sequences\youtube\c23\frames\992\018.png,992,0,train
C:\Capstone\DeepfakeBench\datasets\rgb\FaceForensics++\original_sequences\youtube\c23\frames\992\019.png,992,0,train
C:\Capstone\DeepfakeBench\datasets\rgb\FaceForensics++\original_sequences\youtube\c23\frames\992\020.png,992,0,train
C:\Capstone\DeepfakeBench\datasets\rgb\FaceForensics++\original_sequences\youtube\c23\frames\992\021.png,992,0,train
C:\Capstone\DeepfakeBench\datasets\rgb\FaceForensics++\original_sequences\youtube\c23\frames\992\022.png,992,0,train
C:\Capstone\DeepfakeBench\datasets\rgb\FaceForensics++\original_sequences\youtube\c23\frames\992\023.png,992,0,train
C:\Capstone\DeepfakeBench\datasets\rgb\FaceForensics++\original_sequences\youtube\c23\frames\992\024.png,992,0,train
C:\Capstone\DeepfakeBench\datasets\rgb\FaceForensics++\original_sequences\youtube\c23\frames\992\025.png,992,0,train
C:\Capstone\DeepfakeBench\datasets\rgb\FaceForensics++\original_sequences\youtube\c23\frames\992\026.png,992,0,train
C:\Capstone\DeepfakeBench\datasets\rgb\FaceForensics++\original_sequences\youtube\c23\frames\992\027.png,992,0,train
C:\Capstone\DeepfakeBench\datasets\rgb\FaceForensics++\original_sequences\youtube\c23\frames\992\028.png,992,0,train
C:\Capstone\DeepfakeBench\datasets\rgb\FaceForensics++\original_sequences\youtube\c23\frames\992\029.png,992,0,train
C:\Capstone\DeepfakeBench\datasets\rgb\FaceForensics++\original_sequences\youtube\c23\frames\992\030.png,992,0,train
C:\Capstone\DeepfakeBench\datasets\rgb\FaceForensics++\original_sequences\youtube\c23\frames\992\031.png,992,0,train
C:\Capstone\DeepfakeBench\datasets\rgb\FaceForensics++\manipulated_sequences\Deepfakes\c23\frames\263_284\000.png,263_284,1,train
C:\Capstone\DeepfakeBench\datasets\rgb\FaceForensics++\manipulated_sequences\Deepfakes\c23\frames\263_284\001.png,263_284,1,train
C:\Capstone\DeepfakeBench\datasets\rgb\FaceForensics++\manipulated_sequences\Deepfakes\c23\frames\263_284\002.png,263_284,1,train
C:\Capstone\DeepfakeBench\datasets\rgb\FaceForensics++\manipulated_sequences\Deepfakes\c23\frames\263_284\003.png,263_284,1,train
C:\Capstone\DeepfakeBench\datasets\rgb\FaceForensics++\manipulated_sequences\Deepfakes\c23\frames\263_284\004.png,263_284,1,train
C:\Capstone\DeepfakeBench\datasets\rgb\FaceForensics++\manipulated_sequences\Deepfakes\c23\frames\263_284\005.png,263_284,1,train
C:\Capstone\DeepfakeBench\datasets\rgb\FaceForensics++\manipulated_sequences\Deepfakes\c23\frames\263_284\006.png,263_284,1,train
C:\Capstone\DeepfakeBench\datasets\rgb\FaceForensics++\manipulated_sequences\Deepfakes\c23\frames\263_284\007.png,263_284,1,train
C:\Capstone\DeepfakeBench\datasets\rgb\FaceForensics++\manipulated_sequences\Deepfakes\c23\frames\263_284\008.png,263_284,1,train
C:\Capstone\DeepfakeBench\datasets\rgb\FaceForensics++\manipulated_sequences\Deepfakes\c23\frames\263_284\009.png,263_284,1,train
C:\Capstone\DeepfakeBench\datasets\rgb\FaceForensics++\manipulated_sequences\Deepfakes\c23\frames\263_284\010.png,263_284,1,train
C:\Capstone\DeepfakeBench\datasets\rgb\FaceForensics++\manipulated_sequences\Deepfakes\c23\frames\263_284\011.png,263_284,1,train
C:\Capstone\DeepfakeBench\datasets\rgb\FaceForensics++\manipulated_sequences\Deepfakes\c23\frames\263_284\012.png,263_284,1,train
C:\Capstone\DeepfakeBench\datasets\rgb\FaceForensics++\manipulated_sequences\Deepfakes\c23\frames\263_284\013.png,263_284,1,train
C:\Capstone\DeepfakeBench\datasets\rgb\FaceForensics++\manipulated_sequences\Deepfakes\c23\frames\263_284\014.png,263_284,1,train
C:\Capstone\DeepfakeBench\datasets\rgb\FaceForensics++\manipulated_sequences\Deepfakes\c23\frames\263_284\015.png,263_284,1,train
C:\Capstone\DeepfakeBench\datasets\rgb\FaceForensics++\manipulated_sequences\Deepfakes\c23\frames\263_284\016.png,263_284,1,train
C:\Capstone\DeepfakeBench\datasets\rgb\FaceForensics++\manipulated_sequences\Deepfakes\c23\frames\263_284\017.png,263_284,1,train
C:\Capstone\DeepfakeBench\datasets\rgb\FaceForensics++\manipulated_sequences\Deepfakes\c23\frames\263_284\018.png,263_284,1,train
C:\Capstone\DeepfakeBench\datasets\rgb\FaceForensics++\manipulated_sequences\Deepfakes\c23\frames\263_284\019.png,263_284,1,train
C:\Capstone\DeepfakeBench\datasets\rgb\FaceForensics++\manipulated_sequences\Deepfakes\c23\frames\263_284\020.png,263_284,1,train
C:\Capstone\DeepfakeBench\datasets\rgb\FaceForensics++\manipulated_sequences\Deepfakes\c23\frames\263_284\021.png,263_284,1,train
C:\Capstone\DeepfakeBench\datasets\rgb\FaceForensics++\manipulated_sequences\Deepfakes\c23\frames\263_284\022.png,263_284,1,train
C:\Capstone\DeepfakeBench\datasets\rgb\FaceForensics++\manipulated_sequences\Deepfakes\c23\frames\263_284\023.png,263_284,1,train
C:\Capstone\DeepfakeBench\datasets\rgb\FaceForensics++\manipulated_sequences\Deepfakes\c23\frames\263_284\024.png,263_284,1,train
C:\Capstone\DeepfakeBench\datasets\rgb\FaceForensics++\manipulated_sequences\Deepfakes\c23\frames\263_284\025.png,263_284,1,train
C:\Capstone\DeepfakeBench\datasets\rgb\FaceForensics++\manipulated_sequences\Deepfakes\c23\frames\263_284\026.png,263_284,1,train
C:\Capstone\DeepfakeBench\datasets\rgb\FaceForensics++\manipulated_sequences\Deepfakes\c23\frames\263_284\027.png,263_284,1,train
C:\Capstone\DeepfakeBench\datasets\rgb\FaceForensics++\manipulated_sequences\Deepfakes\c23\frames\263_284\028.png,263_284,1,train
C:\Capstone\DeepfakeBench\datasets\rgb\FaceForensics++\manipulated_sequences\Deepfakes\c23\frames\263_284\029.png,263_284,1,train
C:\Capstone\DeepfakeBench\datasets\rgb\FaceForensics++\manipulated_sequences\Deepfakes\c23\frames\263_284\030.png,263_284,1,train
C:\Capstone\DeepfakeBench\datasets\rgb\FaceForensics++\manipulated_sequences\Deepfakes\c23\frames\263_284\031.png,263_284,1,train
C:\Capstone\DeepfakeBench\datasets\rgb\FaceForensics++\manipulated_sequences\Deepfakes\c23\frames\222_168\000.png,222_168,1,train
C:\Capstone\DeepfakeBench\datasets\rgb\FaceForensics++\manipulated_sequences\Deepfakes\c23\frames\222_168\001.png,222_168,1,train
C:\Capstone\DeepfakeBench\datasets\rgb\FaceForensics++\manipulated_sequences\Deepfakes\c23\frames\222_168\002.png,222_168,1,train
C:\Capstone\DeepfakeBench\datasets\rgb\FaceForensics++\manipulated_sequences\Deepfakes\c23\frames\222_168\003.png,222_168,1,train
C:\Capstone\DeepfakeBench\datasets\rgb\FaceForensics++\manipulated_sequences\Deepfakes\c23\frames\222_168\004.png,222_168,1,train
C:\Capstone\DeepfakeBench\datasets\rgb\FaceForensics++\manipulated_sequences\Deepfakes\c23\frames\222_168\005.png,222_168,1,train
C:\Capstone\DeepfakeBench\datasets\rgb\FaceForensics++\manipulated_sequences\Deepfakes\c23\frames\222_168\006.png,222_168,1,train
C:\Capstone\DeepfakeBench\datasets\rgb\FaceForensics++\manipulated_sequences\Deepfakes\c23\frames\222_168\007.png,222_168,1,train
C:\Capstone\DeepfakeBench\datasets\rgb\FaceForensics++\manipulated_sequences\Deepfakes\c23\frames\222_168\008.png,222_168,1,train
C:\Capstone\DeepfakeBench\datasets\rgb\FaceForensics++\manipulated_sequences\Deepfakes\c23\frames\222_168\009.png,222_168,1,train
C:\Capstone\DeepfakeBench\datasets\rgb\FaceForensics++\manipulated_sequences\Deepfakes\c23\frames\222_168\010.png,222_168,1,train
C:\Capstone\DeepfakeBench\datasets\rgb\FaceForensics++\manipulated_sequences\Deepfakes\c23\frames\222_168\011.png,222_168,1,train
C:\Capstone\DeepfakeBench\datasets\rgb\FaceForensics++\manipulated_sequences\Deepfakes\c23\frames\222_168\012.png,222_168,1,train
C:\Capstone\DeepfakeBench\datasets\rgb\FaceForensics++\manipulated_sequences\Deepfakes\c23\frames\222_168\013.png,222_168,1,train
C:\Capstone\DeepfakeBench\datasets\rgb\FaceForensics++\manipulated_sequences\Deepfakes\c23\frames\222_168\014.png,222_168,1,train
C:\Capstone\DeepfakeBench\datasets\rgb\FaceForensics++\manipulated_sequences\Deepfakes\c23\frames\222_168\015.png,222_168,1,train
C:\Capstone\DeepfakeBench\datasets\rgb\FaceForensics++\manipulated_sequences\Deepfakes\c23\frames\222_168\016.png,222_168,1,train
C:\Capstone\DeepfakeBench\datasets\rgb\FaceForensics++\manipulated_sequences\Deepfakes\c23\frames\222_168\017.png,222_168,1,train
C:\Capstone\DeepfakeBench\datasets\rgb\FaceForensics++\manipulated_sequences\Deepfakes\c23\frames\222_168\018.png,222_168,1,train
C:\Capstone\DeepfakeBench\datasets\rgb\FaceForensics++\manipulated_sequences\Deepfakes\c23\frames\222_168\019.png,222_168,1,train
C:\Capstone\DeepfakeBench\datasets\rgb\FaceForensics++\manipulated_sequences\Deepfakes\c23\frames\222_168\020.png,222_168,1,train
C:\Capstone\DeepfakeBench\datasets\rgb\FaceForensics++\manipulated_sequences\Deepfakes\c23\frames\222_168\021.png,222_168,1,train
C:\Capstone\DeepfakeBench\datasets\rgb\FaceForensics++\manipulated_sequences\Deepfakes\c23\frames\222_168\022.png,222_168,1,train
C:\Capstone\DeepfakeBench\datasets\rgb\FaceForensics++\manipulated_sequences\Deepfakes\c23\frames\222_168\023.png,222_168,1,train
C:\Capstone\DeepfakeBench\datasets\rgb\FaceForensics++\manipulated_sequences\Deepfakes\c23\frames\222_168\024.png,222_168,1,train
C:\Capstone\DeepfakeBench\datasets\rgb\FaceForensics++\manipulated_sequences\Deepfakes\c23\frames\222_168\025.png,222_168,1,train
C:\Capstone\DeepfakeBench\datasets\rgb\FaceForensics++\manipulated_sequences\Deepfakes\c23\frames\222_168\026.png,222_168,1,train
C:\Capstone\DeepfakeBench\datasets\rgb\FaceForensics++\manipulated_sequences\Deepfakes\c23\frames\222_168\027.png,222_168,1,train
C:\Capstone\DeepfakeBench\datasets\rgb\FaceForensics++\manipulated_sequences\Deepfakes\c23\frames\222_168\028.png,222_168,1,train
C:\Capstone\DeepfakeBench\datasets\rgb\FaceForensics++\manipulated_sequences\Deepfakes\c23\frames\222_168\029.png,222_168,1,train
C:\Capstone\DeepfakeBench\datasets\rgb\FaceForensics++\manipulated_sequences\Deepfakes\c23\frames\222_168\030.png,222_168,1,train
C:\Capstone\DeepfakeBench\datasets\rgb\FaceForensics++\manipulated_sequences\Deepfakes\c23\frames\222_168\031.png,222_168,1,train
C:\Capstone\DeepfakeBench\datasets\rgb\FaceForensics++\manipulated_sequences\Deepfakes\c23\frames\992_980\000.png,992_980,1,train
C:\Capstone\DeepfakeBench\datasets\rgb\FaceForensics++\manipulated_sequences\Deepfakes\c23\frames\992_980\001.png,992_980,1,train
C:\Capstone\DeepfakeBench\datasets\rgb\FaceForensics++\manipulated_sequences\Deepfakes\c23\frames\992_980\002.png,992_980,1,train
C:\Capstone\DeepfakeBench\datasets\rgb\FaceForensics++\manipulated_sequences\Deepfakes\c23\frames\992_980\003.png,992_980,1,train
C:\Capstone\DeepfakeBench\datasets\rgb\FaceForensics++\manipulated_sequences\Deepfakes\c23\frames\992_980\004.png,992_980,1,train
C:\Capstone\DeepfakeBench\datasets\rgb\FaceForensics++\manipulated_sequences\Deepfakes\c23\frames\992_980\005.png,992_980,1,train
C:\Capstone\DeepfakeBench\datasets\rgb\FaceForensics++\manipulated_sequences\Deepfakes\c23\frames\992_980\006.png,992_980,1,train
C:\Capstone\DeepfakeBench\datasets\rgb\FaceForensics++\manipulated_sequences\Deepfakes\c23\frames\992_980\007.png,992_980,1,train
C:\Capstone\DeepfakeBench\datasets\rgb\FaceForensics++\manipulated_sequences\Deepfakes\c23\frames\992_980\008.png,992_980,1,train
C:\Capstone\DeepfakeBench\datasets\rgb\FaceForensics++\manipulated_sequences\Deepfakes\c23\frames\992_980\009.png,992_980,1,train
C:\Capstone\DeepfakeBench\datasets\rgb\FaceForensics++\manipulated_sequences\Deepfakes\c23\frames\992_980\010.png,992_980,1,train
C:\Capstone\DeepfakeBench\datasets\rgb\FaceForensics++\manipulated_sequences\Deepfakes\c23\frames\992_980\011.png,992_980,1,train
C:\Capstone\DeepfakeBench\datasets\rgb\FaceForensics++\manipulated_sequences\Deepfakes\c23\frames\992_980\012.png,992_980,1,train
C:\Capstone\DeepfakeBench\datasets\rgb\FaceForensics++\manipulated_sequences\Deepfakes\c23\frames\992_980\013.png,992_980,1,train
C:\Capstone\DeepfakeBench\datasets\rgb\FaceForensics++\manipulated_sequences\Deepfakes\c23\frames\992_980\014.png,992_980,1,train
C:\Capstone\DeepfakeBench\datasets\rgb\FaceForensics++\manipulated_sequences\Deepfakes\c23\frames\992_980\015.png,992_980,1,train
C:\Capstone\DeepfakeBench\datasets\rgb\FaceForensics++\manipulated_sequences\Deepfakes\c23\frames\992_980\016.png,992_980,1,train
C:\Capstone\DeepfakeBench\datasets\rgb\FaceForensics++\manipulated_sequences\Deepfakes\c23\frames\992_980\017.png,992_980,1,train
C:\Capstone\DeepfakeBench\datasets\rgb\FaceForensics++\manipulated_sequences\Deepfakes\c23\frames\992_980\018.png,992_980,1,train
C:\Capstone\DeepfakeBench\datasets\rgb\FaceForensics++\manipulated_sequences\Deepfakes\c23\frames\992_980\019.png,992_980,1,train
C:\Capstone\DeepfakeBench\datasets\rgb\FaceForensics++\manipulated_sequences\Deepfakes\c23\frames\992_980\020.png,992_980,1,train
C:\Capstone\DeepfakeBench\datasets\rgb\FaceForensics++\manipulated_sequences\Deepfakes\c23\frames\992_980\021.png,992_980,1,train
C:\Capstone\DeepfakeBench\datasets\rgb\FaceForensics++\manipulated_sequences\Deepfakes\c23\frames\992_980\022.png,992_980,1,train
C:\Capstone\DeepfakeBench\datasets\rgb\FaceForensics++\manipulated_sequences\Deepfakes\c23\frames\992_980\023.png,992_980,1,train
C:\Capstone\DeepfakeBench\datasets\rgb\FaceForensics++\manipulated_sequences\Deepfakes\c23\frames\992_980\024.png,992_980,1,train
C:\Capstone\DeepfakeBench\datasets\rgb\FaceForensics++\manipulated_sequences\Deepfakes\c23\frames\992_980\025.png,992_980,1,train
C:\Capstone\DeepfakeBench\datasets\rgb\FaceForensics++\manipulated_sequences\Deepfakes\c23\frames\992_980\026.png,992_980,1,train
C:\Capstone\DeepfakeBench\datasets\rgb\FaceForensics++\manipulated_sequences\Deepfakes\c23\frames\992_980\027.png,992_980,1,train
C:\Capstone\DeepfakeBench\datasets\rgb\FaceForensics++\manipulated_sequences\Deepfakes\c23\frames\992_980\028.png,992_980,1,train
C:\Capstone\DeepfakeBench\datasets\rgb\FaceForensics++\manipulated_sequences\Deepfakes\c23\frames\992_980\029.png,992_980,1,train
C:\Capstone\DeepfakeBench\datasets\rgb\FaceForensics++\manipulated_sequences\Deepfakes\c23\frames\992_980\030.png,992_980,1,train
C:\Capstone\DeepfakeBench\datasets\rgb\FaceForensics++\manipulated_sequences\Deepfakes\c23\frames\992_980\031.png,992_980,1,train
C:\Capstone\DeepfakeBench\datasets\rgb\FaceForensics++\manipulated_sequences\Deepfakes\c23\frames\284_263\000.png,284_263,1,train
C:\Capstone\DeepfakeBench\datasets\rgb\FaceForensics++\manipulated_sequences\Deepfakes\c23\frames\284_263\001.png,284_263,1,train
C:\Capstone\DeepfakeBench\datasets\rgb\FaceForensics++\manipulated_sequences\Deepfakes\c23\frames\284_263\002.png,284_263,1,train
C:\Capstone\DeepfakeBench\datasets\rgb\FaceForensics++\manipulated_sequences\Deepfakes\c23\frames\284_263\003.png,284_263,1,train
C:\Capstone\DeepfakeBench\datasets\rgb\FaceForensics++\manipulated_sequences\Deepfakes\c23\frames\284_263\004.png,284_263,1,train
C:\Capstone\DeepfakeBench\datasets\rgb\FaceForensics++\manipulated_sequences\Deepfakes\c23\frames\284_263\005.png,284_263,1,train
C:\Capstone\DeepfakeBench\datasets\rgb\FaceForensics++\manipulated_sequences\Deepfakes\c23\frames\284_263\006.png,284_263,1,train
C:\Capstone\DeepfakeBench\datasets\rgb\FaceForensics++\manipulated_sequences\Deepfakes\c23\frames\284_263\007.png,284_263,1,train
C:\Capstone\DeepfakeBench\datasets\rgb\FaceForensics++\manipulated_sequences\Deepfakes\c23\frames\284_263\008.png,284_263,1,train
C:\Capstone\DeepfakeBench\datasets\rgb\FaceForensics++\manipulated_sequences\Deepfakes\c23\frames\284_263\009.png,284_263,1,train
C:\Capstone\DeepfakeBench\datasets\rgb\FaceForensics++\manipulated_sequences\Deepfakes\c23\frames\284_263\010.png,284_263,1,train
C:\Capstone\DeepfakeBench\datasets\rgb\FaceForensics++\manipulated_sequences\Deepfakes\c23\frames\284_263\011.png,284_263,1,train
C:\Capstone\DeepfakeBench\datasets\rgb\FaceForensics++\manipulated_sequences\Deepfakes\c23\frames\284_263\012.png,284_263,1,train
C:\Capstone\DeepfakeBench\datasets\rgb\FaceForensics++\manipulated_sequences\Deepfakes\c23\frames\284_263\013.png,284_263,1,train
C:\Capstone\DeepfakeBench\datasets\rgb\FaceForensics++\manipulated_sequences\Deepfakes\c23\frames\284_263\014.png,284_263,1,train
C:\Capstone\DeepfakeBench\datasets\rgb\FaceForensics++\manipulated_sequences\Deepfakes\c23\frames\284_263\015.png,284_263,1,train
C:\Capstone\DeepfakeBench\datasets\rgb\FaceForensics++\manipulated_sequences\Deepfakes\c23\frames\284_263\016.png,284_263,1,train
C:\Capstone\DeepfakeBench\datasets\rgb\FaceForensics++\manipulated_sequences\Deepfakes\c23\frames\284_263\017.png,284_263,1,train
C:\Capstone\DeepfakeBench\datasets\rgb\FaceForensics++\manipulated_sequences\Deepfakes\c23\frames\284_263\018.png,284_263,1,train
C:\Capstone\DeepfakeBench\datasets\rgb\FaceForensics++\manipulated_sequences\Deepfakes\c23\frames\284_263\019.png,284_263,1,train
C:\Capstone\DeepfakeBench\datasets\rgb\FaceForensics++\manipulated_sequences\Deepfakes\c23\frames\284_263\020.png,284_263,1,train
C:\Capstone\DeepfakeBench\datasets\rgb\FaceForensics++\manipulated_sequences\Deepfakes\c23\frames\284_263\021.png,284_263,1,train
C:\Capstone\DeepfakeBench\datasets\rgb\FaceForensics++\manipulated_sequences\Deepfakes\c23\frames\284_263\022.png,284_263,1,train
C:\Capstone\DeepfakeBench\datasets\rgb\FaceForensics++\manipulated_sequences\Deepfakes\c23\frames\284_263\023.png,284_263,1,train
C:\Capstone\DeepfakeBench\datasets\rgb\FaceForensics++\manipulated_sequences\Deepfakes\c23\frames\284_263\024.png,284_263,1,train
C:\Capstone\DeepfakeBench\datasets\rgb\FaceForensics++\manipulated_sequences\Deepfakes\c23\frames\284_263\025.png,284_263,1,train
C:\Capstone\DeepfakeBench\datasets\rgb\FaceForensics++\manipulated_sequences\Deepfakes\c23\frames\284_263\026.png,284_263,1,train
C:\Capstone\DeepfakeBench\datasets\rgb\FaceForensics++\manipulated_sequences\Deepfakes\c23\frames\284_263\027.png,284_263,1,train
C:\Capstone\DeepfakeBench\datasets\rgb\FaceForensics++\manipulated_sequences\Deepfakes\c23\frames\284_263\028.png,284_263,1,train
C:\Capstone\DeepfakeBench\datasets\rgb\FaceForensics++\manipulated_sequences\Deepfakes\c23\frames\284_263\029.png,284_263,1,train
C:\Capstone\DeepfakeBench\datasets\rgb\FaceForensics++\manipulated_sequences\Deepfakes\c23\frames\284_263\030.png,284_263,1,train
C:\Capstone\DeepfakeBench\datasets\rgb\FaceForensics++\manipulated_sequences\Deepfakes\c23\frames\284_263\031.png,284_263,1,train
C:\Capstone\DeepfakeBench\datasets\rgb\FaceForensics++\manipulated_sequences\Deepfakes\c23\frames\811_920\000.png,811_920,1,train
C:\Capstone\DeepfakeBench\datasets\rgb\FaceForensics++\manipulated_sequences\Deepfakes\c23\frames\811_920\001.png,811_920,1,train
C:\Capstone\DeepfakeBench\datasets\rgb\FaceForensics++\manipulated_sequences\Deepfakes\c23\frames\811_920\002.png,811_920,1,train
C:\Capstone\DeepfakeBench\datasets\rgb\FaceForensics++\manipulated_sequences\Deepfakes\c23\frames\811_920\003.png,811_920,1,train
C:\Capstone\DeepfakeBench\datasets\rgb\FaceForensics++\manipulated_sequences\Deepfakes\c23\frames\811_920\004.png,811_920,1,train
C:\Capstone\DeepfakeBench\datasets\rgb\FaceForensics++\manipulated_sequences\Deepfakes\c23\frames\811_920\005.png,811_920,1,train
C:\Capstone\DeepfakeBench\datasets\rgb\FaceForensics++\manipulated_sequences\Deepfakes\c23\frames\811_920\006.png,811_920,1,train
C:\Capstone\DeepfakeBench\datasets\rgb\FaceForensics++\manipulated_sequences\Deepfakes\c23\frames\811_920\007.png,811_920,1,train
C:\Capstone\DeepfakeBench\datasets\rgb\FaceForensics++\manipulated_sequences\Deepfakes\c23\frames\811_920\008.png,811_920,1,train
C:\Capstone\DeepfakeBench\datasets\rgb\FaceForensics++\manipulated_sequences\Deepfakes\c23\frames\811_920\009.png,811_920,1,train
C:\Capstone\DeepfakeBench\datasets\rgb\FaceForensics++\manipulated_sequences\Deepfakes\c23\frames\811_920\010.png,811_920,1,train
C:\Capstone\DeepfakeBench\datasets\rgb\FaceForensics++\manipulated_sequences\Deepfakes\c23\frames\811_920\011.png,811_920,1,train
C:\Capstone\DeepfakeBench\datasets\rgb\FaceForensics++\manipulated_sequences\Deepfakes\c23\frames\811_920\012.png,811_920,1,train
C:\Capstone\DeepfakeBench\datasets\rgb\FaceForensics++\manipulated_sequences\Deepfakes\c23\frames\811_920\013.png,811_920,1,train
C:\Capstone\DeepfakeBench\datasets\rgb\FaceForensics++\manipulated_sequences\Deepfakes\c23\frames\811_920\014.png,811_920,1,train
C:\Capstone\DeepfakeBench\datasets\rgb\FaceForensics++\manipulated_sequences\Deepfakes\c23\frames\811_920\015.png,811_920,1,train
C:\Capstone\DeepfakeBench\datasets\rgb\FaceForensics++\manipulated_sequences\Deepfakes\c23\frames\811_920\016.png,811_920,1,train
C:\Capstone\DeepfakeBench\datasets\rgb\FaceForensics++\manipulated_sequences\Deepfakes\c23\frames\811_920\017.png,811_920,1,train
C:\Capstone\DeepfakeBench\datasets\rgb\FaceForensics++\manipulated_sequences\Deepfakes\c23\frames\811_920\018.png,811_920,1,train
C:\Capstone\DeepfakeBench\datasets\rgb\FaceForensics++\manipulated_sequences\Deepfakes\c23\frames\811_920\019.png,811_920,1,train
C:\Capstone\DeepfakeBench\datasets\rgb\FaceForensics++\manipulated_sequences\Deepfakes\c23\frames\811_920\020.png,811_920,1,train
C:\Capstone\DeepfakeBench\datasets\rgb\FaceForensics++\manipulated_sequences\Deepfakes\c23\frames\811_920\021.png,811_920,1,train
C:\Capstone\DeepfakeBench\datasets\rgb\FaceForensics++\manipulated_sequences\Deepfakes\c23\frames\811_920\022.png,811_920,1,train
C:\Capstone\DeepfakeBench\datasets\rgb\FaceForensics++\manipulated_sequences\Deepfakes\c23\frames\811_920\023.png,811_920,1,train
C:\Capstone\DeepfakeBench\datasets\rgb\FaceForensics++\manipulated_sequences\Deepfakes\c23\frames\811_920\024.png,811_920,1,train
C:\Capstone\DeepfakeBench\datasets\rgb\FaceForensics++\manipulated_sequences\Deepfakes\c23\frames\811_920\025.png,811_920,1,train
C:\Capstone\DeepfakeBench\datasets\rgb\FaceForensics++\manipulated_sequences\Deepfakes\c23\frames\811_920\026.png,811_920,1,train
C:\Capstone\DeepfakeBench\datasets\rgb\FaceForensics++\manipulated_sequences\Deepfakes\c23\frames\811_920\027.png,811_920,1,train
C:\Capstone\DeepfakeBench\datasets\rgb\FaceForensics++\manipulated_sequences\Deepfakes\c23\frames\811_920\028.png,811_920,1,train
C:\Capstone\DeepfakeBench\datasets\rgb\FaceForensics++\manipulated_sequences\Deepfakes\c23\frames\811_920\029.png,811_920,1,train
C:\Capstone\DeepfakeBench\datasets\rgb\FaceForensics++\manipulated_sequences\Deepfakes\c23\frames\811_920\030.png,811_920,1,train
C:\Capstone\DeepfakeBench\datasets\rgb\FaceForensics++\manipulated_sequences\Deepfakes\c23\frames\811_920\031.png,811_920,1,train
C:\Capstone\DeepfakeBench\datasets\rgb\FaceForensics++\manipulated_sequences\Deepfakes\c23\frames\192_134\000.png,192_134,1,train
C:\Capstone\DeepfakeBench\datasets\rgb\FaceForensics++\manipulated_sequences\Deepfakes\c23\frames\192_134\001.png,192_134,1,train
C:\Capstone\DeepfakeBench\datasets\rgb\FaceForensics++\manipulated_sequences\Deepfakes\c23\frames\192_134\002.png,192_134,1,train
C:\Capstone\DeepfakeBench\datasets\rgb\FaceForensics++\manipulated_sequences\Deepfakes\c23\frames\192_134\003.png,192_134,1,train
C:\Capstone\DeepfakeBench\datasets\rgb\FaceForensics++\manipulated_sequences\Deepfakes\c23\frames\192_134\004.png,192_134,1,train
C:\Capstone\DeepfakeBench\datasets\rgb\FaceForensics++\manipulated_sequences\Deepfakes\c23\frames\192_134\005.png,192_134,1,train
C:\Capstone\DeepfakeBench\datasets\rgb\FaceForensics++\manipulated_sequences\Deepfakes\c23\frames\192_134\006.png,192_134,1,train
C:\Capstone\DeepfakeBench\datasets\rgb\FaceForensics++\manipulated_sequences\Deepfakes\c23\frames\192_134\007.png,192_134,1,train
C:\Capstone\DeepfakeBench\datasets\rgb\FaceForensics++\manipulated_sequences\Deepfakes\c23\frames\192_134\008.png,192_134,1,train
C:\Capstone\DeepfakeBench\datasets\rgb\FaceForensics++\manipulated_sequences\Deepfakes\c23\frames\192_134\009.png,192_134,1,train
C:\Capstone\DeepfakeBench\datasets\rgb\FaceForensics++\manipulated_sequences\Deepfakes\c23\frames\192_134\010.png,192_134,1,train
C:\Capstone\DeepfakeBench\datasets\rgb\FaceForensics++\manipulated_sequences\Deepfakes\c23\frames\192_134\011.png,192_134,1,train
C:\Capstone\DeepfakeBench\datasets\rgb\FaceForensics++\manipulated_sequences\Deepfakes\c23\frames\192_134\012.png,192_134,1,train
C:\Capstone\DeepfakeBench\datasets\rgb\FaceForensics++\manipulated_sequences\Deepfakes\c23\frames\192_134\013.png,192_134,1,train
C:\Capstone\DeepfakeBench\datasets\rgb\FaceForensics++\manipulated_sequences\Deepfakes\c23\frames\192_134\014.png,192_134,1,train
C:\Capstone\DeepfakeBench\datasets\rgb\FaceForensics++\manipulated_sequences\Deepfakes\c23\frames\192_134\015.png,192_134,1,train
C:\Capstone\DeepfakeBench\datasets\rgb\FaceForensics++\manipulated_sequences\Deepfakes\c23\frames\192_134\016.png,192_134,1,train
C:\Capstone\DeepfakeBench\datasets\rgb\FaceForensics++\manipulated_sequences\Deepfakes\c23\frames\192_134\017.png,192_134,1,train
C:\Capstone\DeepfakeBench\datasets\rgb\FaceForensics++\manipulated_sequences\Deepfakes\c23\frames\192_134\018.png,192_134,1,train
C:\Capstone\DeepfakeBench\datasets\rgb\FaceForensics++\manipulated_sequences\Deepfakes\c23\frames\192_134\019.png,192_134,1,train
C:\Capstone\DeepfakeBench\datasets\rgb\FaceForensics++\manipulated_sequences\Deepfakes\c23\frames\192_134\020.png,192_134,1,train
C:\Capstone\DeepfakeBench\datasets\rgb\FaceForensics++\manipulated_sequences\Deepfakes\c23\frames\192_134\021.png,192_134,1,train
C:\Capstone\DeepfakeBench\datasets\rgb\FaceForensics++\manipulated_sequences\Deepfakes\c23\frames\192_134\022.png,192_134,1,train
C:\Capstone\DeepfakeBench\datasets\rgb\FaceForensics++\manipulated_sequences\Deepfakes\c23\frames\192_134\023.png,192_134,1,train
C:\Capstone\DeepfakeBench\datasets\rgb\FaceForensics++\manipulated_sequences\Deepfakes\c23\frames\192_134\024.png,192_134,1,train
C:\Capstone\DeepfakeBench\datasets\rgb\FaceForensics++\manipulated_sequences\Deepfakes\c23\frames\192_134\025.png,192_134,1,train
C:\Capstone\DeepfakeBench\datasets\rgb\FaceForensics++\manipulated_sequences\Deepfakes\c23\frames\192_134\026.png,192_134,1,train
C:\Capstone\DeepfakeBench\datasets\rgb\FaceForensics++\manipulated_sequences\Deepfakes\c23\frames\192_134\027.png,192_134,1,train
C:\Capstone\DeepfakeBench\datasets\rgb\FaceForensics++\manipulated_sequences\Deepfakes\c23\frames\192_134\028.png,192_134,1,train
C:\Capstone\DeepfakeBench\datasets\rgb\FaceForensics++\manipulated_sequences\Deepfakes\c23\frames\192_134\029.png,192_134,1,train
C:\Capstone\DeepfakeBench\datasets\rgb\FaceForensics++\manipulated_sequences\Deepfakes\c23\frames\192_134\030.png,192_134,1,train
C:\Capstone\DeepfakeBench\datasets\rgb\FaceForensics++\manipulated_sequences\Deepfakes\c23\frames\192_134\031.png,192_134,1,train
C:\Capstone\DeepfakeBench\datasets\rgb\FaceForensics++\original_sequences\youtube\c23\frames\284\000.png,284,0,train
C:\Capstone\DeepfakeBench\datasets\rgb\FaceForensics++\original_sequences\youtube\c23\frames\284\001.png,284,0,train
C:\Capstone\DeepfakeBench\datasets\rgb\FaceForensics++\original_sequences\youtube\c23\frames\284\002.png,284,0,train
C:\Capstone\DeepfakeBench\datasets\rgb\FaceForensics++\original_sequences\youtube\c23\frames\284\003.png,284,0,train
C:\Capstone\DeepfakeBench\datasets\rgb\FaceForensics++\original_sequences\youtube\c23\frames\284\004.png,284,0,train
C:\Capstone\DeepfakeBench\datasets\rgb\FaceForensics++\original_sequences\youtube\c23\frames\284\005.png,284,0,train
C:\Capstone\DeepfakeBench\datasets\rgb\FaceForensics++\original_sequences\youtube\c23\frames\284\006.png,284,0,train
C:\Capstone\DeepfakeBench\datasets\rgb\FaceForensics++\original_sequences\youtube\c23\frames\284\007.png,284,0,train
C:\Capstone\DeepfakeBench\datasets\rgb\FaceForensics++\original_sequences\youtube\c23\frames\284\008.png,284,0,train
C:\Capstone\DeepfakeBench\datasets\rgb\FaceForensics++\original_sequences\youtube\c23\frames\284\009.png,284,0,train
C:\Capstone\DeepfakeBench\datasets\rgb\FaceForensics++\original_sequences\youtube\c23\frames\284\010.png,284,0,train
C:\Capstone\DeepfakeBench\datasets\rgb\FaceForensics++\original_sequences\youtube\c23\frames\284\011.png,284,0,train
C:\Capstone\DeepfakeBench\datasets\rgb\FaceForensics++\original_sequences\youtube\c23\frames\284\012.png,284,0,train
C:\Capstone\DeepfakeBench\datasets\rgb\FaceForensics++\original_sequences\youtube\c23\frames\284\013.png,284,0,train
C:\Capstone\DeepfakeBench\datasets\rgb\FaceForensics++\original_sequences\youtube\c23\frames\284\014.png,284,0,train
C:\Capstone\DeepfakeBench\datasets\rgb\FaceForensics++\original_sequences\youtube\c23\frames\284\015.png,284,0,train
C:\Capstone\DeepfakeBench\datasets\rgb\FaceForensics++\original_sequences\youtube\c23\frames\284\016.png,284,0,train
C:\Capstone\DeepfakeBench\datasets\rgb\FaceForensics++\original_sequences\youtube\c23\frames\284\017.png,284,0,train
C:\Capstone\DeepfakeBench\datasets\rgb\FaceForensics++\original_sequences\youtube\c23\frames\284\018.png,284,0,train
C:\Capstone\DeepfakeBench\datasets\rgb\FaceForensics++\original_sequences\youtube\c23\frames\284\019.png,284,0,train
C:\Capstone\DeepfakeBench\datasets\rgb\FaceForensics++\original_sequences\youtube\c23\frames\284\020.png,284,0,train
C:\Capstone\DeepfakeBench\datasets\rgb\FaceForensics++\original_sequences\youtube\c23\frames\284\021.png,284,0,train
C:\Capstone\DeepfakeBench\datasets\rgb\FaceForensics++\original_sequences\youtube\c23\frames\284\022.png,284,0,train
C:\Capstone\DeepfakeBench\datasets\rgb\FaceForensics++\original_sequences\youtube\c23\frames\284\023.png,284,0,train
C:\Capstone\DeepfakeBench\datasets\rgb\FaceForensics++\original_sequences\youtube\c23\frames\284\024.png,284,0,train
C:\Capstone\DeepfakeBench\datasets\rgb\FaceForensics++\original_sequences\youtube\c23\frames\284\025.png,284,0,train
C:\Capstone\DeepfakeBench\datasets\rgb\FaceForensics++\original_sequences\youtube\c23\frames\284\026.png,284,0,train
C:\Capstone\DeepfakeBench\datasets\rgb\FaceForensics++\original_sequences\youtube\c23\frames\284\027.png,284,0,train
C:\Capstone\DeepfakeBench\datasets\rgb\FaceForensics++\original_sequences\youtube\c23\frames\284\028.png,284,0,train
C:\Capstone\DeepfakeBench\datasets\rgb\FaceForensics++\original_sequences\youtube\c23\frames\284\029.png,284,0,train
C:\Capstone\DeepfakeBench\datasets\rgb\FaceForensics++\original_sequences\youtube\c23\frames\284\030.png,284,0,train
C:\Capstone\DeepfakeBench\datasets\rgb\FaceForensics++\original_sequences\youtube\c23\frames\284\031.png,284,0,train
C:\Capstone\DeepfakeBench\datasets\rgb\FaceForensics++\original_sequences\youtube\c23\frames\441\000.png,441,0,train
C:\Capstone\DeepfakeBench\datasets\rgb\FaceForensics++\original_sequences\youtube\c23\frames\441\001.png,441,0,train
C:\Capstone\DeepfakeBench\datasets\rgb\FaceForensics++\original_sequences\youtube\c23\frames\441\002.png,441,0,train
C:\Capstone\DeepfakeBench\datasets\rgb\FaceForensics++\original_sequences\youtube\c23\frames\441\003.png,441,0,train
C:\Capstone\DeepfakeBench\datasets\rgb\FaceForensics++\original_sequences\youtube\c23\frames\441\004.png,441,0,train
C:\Capstone\DeepfakeBench\datasets\rgb\FaceForensics++\original_sequences\youtube\c23\frames\441\005.png,441,0,train
C:\Capstone\DeepfakeBench\datasets\rgb\FaceForensics++\original_sequences\youtube\c23\frames\441\006.png,441,0,train
C:\Capstone\DeepfakeBench\datasets\rgb\FaceForensics++\original_sequences\youtube\c23\frames\441\007.png,441,0,train
C:\Capstone\DeepfakeBench\datasets\rgb\FaceForensics++\original_sequences\youtube\c23\frames\441\008.png,441,0,train
C:\Capstone\DeepfakeBench\datasets\rgb\FaceForensics++\original_sequences\youtube\c23\frames\441\009.png,441,0,train
C:\Capstone\DeepfakeBench\datasets\rgb\FaceForensics++\original_sequences\youtube\c23\frames\441\010.png,441,0,train
C:\Capstone\DeepfakeBench\datasets\rgb\FaceForensics++\original_sequences\youtube\c23\frames\441\011.png,441,0,train
C:\Capstone\DeepfakeBench\datasets\rgb\FaceForensics++\original_sequences\youtube\c23\frames\441\012.png,441,0,train
C:\Capstone\DeepfakeBench\datasets\rgb\FaceForensics++\original_sequences\youtube\c23\frames\441\013.png,441,0,train
C:\Capstone\DeepfakeBench\datasets\rgb\FaceForensics++\original_sequences\youtube\c23\frames\441\014.png,441,0,train
C:\Capstone\DeepfakeBench\datasets\rgb\FaceForensics++\original_sequences\youtube\c23\frames\441\015.png,441,0,train
C:\Capstone\DeepfakeBench\datasets\rgb\FaceForensics++\original_sequences\youtube\c23\frames\441\016.png,441,0,train
C:\Capstone\DeepfakeBench\datasets\rgb\FaceForensics++\original_sequences\youtube\c23\frames\441\017.png,441,0,train
C:\Capstone\DeepfakeBench\datasets\rgb\FaceForensics++\original_sequences\youtube\c23\frames\441\018.png,441,0,train
C:\Capstone\DeepfakeBench\datasets\rgb\FaceForensics++\original_sequences\youtube\c23\frames\441\019.png,441,0,train
C:\Capstone\DeepfakeBench\datasets\rgb\FaceForensics++\original_sequences\youtube\c23\frames\441\020.png,441,0,train
C:\Capstone\DeepfakeBench\datasets\rgb\FaceForensics++\original_sequences\youtube\c23\frames\441\021.png,441,0,train
C:\Capstone\DeepfakeBench\datasets\rgb\FaceForensics++\original_sequences\youtube\c23\frames\441\022.png,441,0,train
C:\Capstone\DeepfakeBench\datasets\rgb\FaceForensics++\original_sequences\youtube\c23\frames\441\023.png,441,0,train
C:\Capstone\DeepfakeBench\datasets\rgb\FaceForensics++\original_sequences\youtube\c23\frames\441\024.png,441,0,train
C:\Capstone\DeepfakeBench\datasets\rgb\FaceForensics++\original_sequences\youtube\c23\frames\441\025.png,441,0,train
C:\Capstone\DeepfakeBench\datasets\rgb\FaceForensics++\original_sequences\youtube\c23\frames\441\026.png,441,0,train
C:\Capstone\DeepfakeBench\datasets\rgb\FaceForensics++\original_sequences\youtube\c23\frames\441\027.png,441,0,train
C:\Capstone\DeepfakeBench\datasets\rgb\FaceForensics++\original_sequences\youtube\c23\frames\441\028.png,441,0,train
C:\Capstone\DeepfakeBench\datasets\rgb\FaceForensics++\original_sequences\youtube\c23\frames\441\029.png,441,0,train
C:\Capstone\DeepfakeBench\datasets\rgb\FaceForensics++\original_sequences\youtube\c23\frames\441\030.png,441,0,train
C:\Capstone\DeepfakeBench\datasets\rgb\FaceForensics++\original_sequences\youtube\c23\frames\441\031.png,441,0,train
C:\Capstone\DeepfakeBench\datasets\rgb\FaceForensics++\manipulated_sequences\Deepfakes\c23\frames\671_677\000.png,671_677,1,train
C:\Capstone\DeepfakeBench\datasets\rgb\FaceForensics++\manipulated_sequences\Deepfakes\c23\frames\671_677\001.png,671_677,1,train
C:\Capstone\DeepfakeBench\datasets\rgb\FaceForensics++\manipulated_sequences\Deepfakes\c23\frames\671_677\002.png,671_677,1,train
C:\Capstone\DeepfakeBench\datasets\rgb\FaceForensics++\manipulated_sequences\Deepfakes\c23\frames\671_677\003.png,671_677,1,train
C:\Capstone\DeepfakeBench\datasets\rgb\FaceForensics++\manipulated_sequences\Deepfakes\c23\frames\671_677\004.png,671_677,1,train
C:\Capstone\DeepfakeBench\datasets\rgb\FaceForensics++\manipulated_sequences\Deepfakes\c23\frames\671_677\005.png,671_677,1,train
C:\Capstone\DeepfakeBench\datasets\rgb\FaceForensics++\manipulated_sequences\Deepfakes\c23\frames\671_677\006.png,671_677,1,train
C:\Capstone\DeepfakeBench\datasets\rgb\FaceForensics++\manipulated_sequences\Deepfakes\c23\frames\671_677\007.png,671_677,1,train
C:\Capstone\DeepfakeBench\datasets\rgb\FaceForensics++\manipulated_sequences\Deepfakes\c23\frames\671_677\008.png,671_677,1,train
C:\Capstone\DeepfakeBench\datasets\rgb\FaceForensics++\manipulated_sequences\Deepfakes\c23\frames\671_677\009.png,671_677,1,train
C:\Capstone\DeepfakeBench\datasets\rgb\FaceForensics++\manipulated_sequences\Deepfakes\c23\frames\671_677\010.png,671_677,1,train
C:\Capstone\DeepfakeBench\datasets\rgb\FaceForensics++\manipulated_sequences\Deepfakes\c23\frames\671_677\011.png,671_677,1,train
C:\Capstone\DeepfakeBench\datasets\rgb\FaceForensics++\manipulated_sequences\Deepfakes\c23\frames\671_677\012.png,671_677,1,train
C:\Capstone\DeepfakeBench\datasets\rgb\FaceForensics++\manipulated_sequences\Deepfakes\c23\frames\671_677\013.png,671_677,1,train
C:\Capstone\DeepfakeBench\datasets\rgb\FaceForensics++\manipulated_sequences\Deepfakes\c23\frames\671_677\014.png,671_677,1,train
C:\Capstone\DeepfakeBench\datasets\rgb\FaceForensics++\manipulated_sequences\Deepfakes\c23\frames\671_677\015.png,671_677,1,train
C:\Capstone\DeepfakeBench\datasets\rgb\FaceForensics++\manipulated_sequences\Deepfakes\c23\frames\671_677\016.png,671_677,1,train
C:\Capstone\DeepfakeBench\datasets\rgb\FaceForensics++\manipulated_sequences\Deepfakes\c23\frames\671_677\017.png,671_677,1,train
C:\Capstone\DeepfakeBench\datasets\rgb\FaceForensics++\manipulated_sequences\Deepfakes\c23\frames\671_677\018.png,671_677,1,train
C:\Capstone\DeepfakeBench\datasets\rgb\FaceForensics++\manipulated_sequences\Deepfakes\c23\frames\671_677\019.png,671_677,1,train
C:\Capstone\DeepfakeBench\datasets\rgb\FaceForensics++\manipulated_sequences\Deepfakes\c23\frames\671_677\020.png,671_677,1,train
C:\Capstone\DeepfakeBench\datasets\rgb\FaceForensics++\manipulated_sequences\Deepfakes\c23\frames\671_677\021.png,671_677,1,train
C:\Capstone\DeepfakeBench\datasets\rgb\FaceForensics++\manipulated_sequences\Deepfakes\c23\frames\671_677\022.png,671_677,1,train
C:\Capstone\DeepfakeBench\datasets\rgb\FaceForensics++\manipulated_sequences\Deepfakes\c23\frames\671_677\023.png,671_677,1,train
C:\Capstone\DeepfakeBench\datasets\rgb\FaceForensics++\manipulated_sequences\Deepfakes\c23\frames\671_677\024.png,671_677,1,train
C:\Capstone\DeepfakeBench\datasets\rgb\FaceForensics++\manipulated_sequences\Deepfakes\c23\frames\671_677\025.png,671_677,1,train
C:\Capstone\DeepfakeBench\datasets\rgb\FaceForensics++\manipulated_sequences\Deepfakes\c23\frames\671_677\026.png,671_677,1,train
C:\Capstone\DeepfakeBench\datasets\rgb\FaceForensics++\manipulated_sequences\Deepfakes\c23\frames\671_677\027.png,671_677,1,train
C:\Capstone\DeepfakeBench\datasets\rgb\FaceForensics++\manipulated_sequences\Deepfakes\c23\frames\671_677\028.png,671_677,1,train
C:\Capstone\DeepfakeBench\datasets\rgb\FaceForensics++\manipulated_sequences\Deepfakes\c23\frames\671_677\029.png,671_677,1,train
C:\Capstone\DeepfakeBench\datasets\rgb\FaceForensics++\manipulated_sequences\Deepfakes\c23\frames\671_677\030.png,671_677,1,train
C:\Capstone\DeepfakeBench\datasets\rgb\FaceForensics++\manipulated_sequences\Deepfakes\c23\frames\671_677\031.png,671_677,1,train
C:\Capstone\DeepfakeBench\datasets\rgb\FaceForensics++\manipulated_sequences\Deepfakes\c23\frames\339_392\000.png,339_392,1,train
C:\Capstone\DeepfakeBench\datasets\rgb\FaceForensics++\manipulated_sequences\Deepfakes\c23\frames\339_392\001.png,339_392,1,train
C:\Capstone\DeepfakeBench\datasets\rgb\FaceForensics++\manipulated_sequences\Deepfakes\c23\frames\339_392\002.png,339_392,1,train
C:\Capstone\DeepfakeBench\datasets\rgb\FaceForensics++\manipulated_sequences\Deepfakes\c23\frames\339_392\003.png,339_392,1,train
C:\Capstone\DeepfakeBench\datasets\rgb\FaceForensics++\manipulated_sequences\Deepfakes\c23\frames\339_392\004.png,339_392,1,train
C:\Capstone\DeepfakeBench\datasets\rgb\FaceForensics++\manipulated_sequences\Deepfakes\c23\frames\339_392\005.png,339_392,1,train
C:\Capstone\DeepfakeBench\datasets\rgb\FaceForensics++\manipulated_sequences\Deepfakes\c23\frames\339_392\006.png,339_392,1,train
C:\Capstone\DeepfakeBench\datasets\rgb\FaceForensics++\manipulated_sequences\Deepfakes\c23\frames\339_392\007.png,339_392,1,train
C:\Capstone\DeepfakeBench\datasets\rgb\FaceForensics++\manipulated_sequences\Deepfakes\c23\frames\339_392\008.png,339_392,1,train
C:\Capstone\DeepfakeBench\datasets\rgb\FaceForensics++\manipulated_sequences\Deepfakes\c23\frames\339_392\009.png,339_392,1,train
C:\Capstone\DeepfakeBench\datasets\rgb\FaceForensics++\manipulated_sequences\Deepfakes\c23\frames\339_392\010.png,339_392,1,train
C:\Capstone\DeepfakeBench\datasets\rgb\FaceForensics++\manipulated_sequences\Deepfakes\c23\frames\339_392\011.png,339_392,1,train
C:\Capstone\DeepfakeBench\datasets\rgb\FaceForensics++\manipulated_sequences\Deepfakes\c23\frames\339_392\012.png,339_392,1,train
C:\Capstone\DeepfakeBench\datasets\rgb\FaceForensics++\manipulated_sequences\Deepfakes\c23\frames\339_392\013.png,339_392,1,train
C:\Capstone\DeepfakeBench\datasets\rgb\FaceForensics++\manipulated_sequences\Deepfakes\c23\frames\339_392\014.png,339_392,1,train
C:\Capstone\DeepfakeBench\datasets\rgb\FaceForensics++\manipulated_sequences\Deepfakes\c23\frames\339_392\015.png,339_392,1,train
C:\Capstone\DeepfakeBench\datasets\rgb\FaceForensics++\manipulated_sequences\Deepfakes\c23\frames\339_392\016.png,339_392,1,train
C:\Capstone\DeepfakeBench\datasets\rgb\FaceForensics++\manipulated_sequences\Deepfakes\c23\frames\339_392\017.png,339_392,1,train
C:\Capstone\DeepfakeBench\datasets\rgb\FaceForensics++\manipulated_sequences\Deepfakes\c23\frames\339_392\018.png,339_392,1,train
C:\Capstone\DeepfakeBench\datasets\rgb\FaceForensics++\manipulated_sequences\Deepfakes\c23\frames\339_392\019.png,339_392,1,train
C:\Capstone\DeepfakeBench\datasets\rgb\FaceForensics++\manipulated_sequences\Deepfakes\c23\frames\339_392\020.png,339_392,1,train
C:\Capstone\DeepfakeBench\datasets\rgb\FaceForensics++\manipulated_sequences\Deepfakes\c23\frames\339_392\021.png,339_392,1,train
C:\Capstone\DeepfakeBench\datasets\rgb\FaceForensics++\manipulated_sequences\Deepfakes\c23\frames\339_392\022.png,339_392,1,train
C:\Capstone\DeepfakeBench\datasets\rgb\FaceForensics++\manipulated_sequences\Deepfakes\c23\frames\339_392\023.png,339_392,1,train
C:\Capstone\DeepfakeBench\datasets\rgb\FaceForensics++\manipulated_sequences\Deepfakes\c23\frames\339_392\024.png,339_392,1,train
C:\Capstone\DeepfakeBench\datasets\rgb\FaceForensics++\manipulated_sequences\Deepfakes\c23\frames\339_392\025.png,339_392,1,train
C:\Capstone\DeepfakeBench\datasets\rgb\FaceForensics++\manipulated_sequences\Deepfakes\c23\frames\339_392\026.png,339_392,1,train
C:\Capstone\DeepfakeBench\datasets\rgb\FaceForensics++\manipulated_sequences\Deepfakes\c23\frames\339_392\027.png,339_392,1,train
C:\Capstone\DeepfakeBench\datasets\rgb\FaceForensics++\manipulated_sequences\Deepfakes\c23\frames\339_392\028.png,339_392,1,train
C:\Capstone\DeepfakeBench\datasets\rgb\FaceForensics++\manipulated_sequences\Deepfakes\c23\frames\339_392\029.png,339_392,1,train
C:\Capstone\DeepfakeBench\datasets\rgb\FaceForensics++\manipulated_sequences\Deepfakes\c23\frames\339_392\030.png,339_392,1,train
C:\Capstone\DeepfakeBench\datasets\rgb\FaceForensics++\manipulated_sequences\Deepfakes\c23\frames\339_392\031.png,339_392,1,train
C:\Capstone\DeepfakeBench\datasets\rgb\FaceForensics++\manipulated_sequences\Deepfakes\c23\frames\456_435\000.png,456_435,1,train
C:\Capstone\DeepfakeBench\datasets\rgb\FaceForensics++\manipulated_sequences\Deepfakes\c23\frames\456_435\001.png,456_435,1,train
C:\Capstone\DeepfakeBench\datasets\rgb\FaceForensics++\manipulated_sequences\Deepfakes\c23\frames\456_435\002.png,456_435,1,train
C:\Capstone\DeepfakeBench\datasets\rgb\FaceForensics++\manipulated_sequences\Deepfakes\c23\frames\456_435\003.png,456_435,1,train
C:\Capstone\DeepfakeBench\datasets\rgb\FaceForensics++\manipulated_sequences\Deepfakes\c23\frames\456_435\004.png,456_435,1,train
C:\Capstone\DeepfakeBench\datasets\rgb\FaceForensics++\manipulated_sequences\Deepfakes\c23\frames\456_435\005.png,456_435,1,train
C:\Capstone\DeepfakeBench\datasets\rgb\FaceForensics++\manipulated_sequences\Deepfakes\c23\frames\456_435\006.png,456_435,1,train
C:\Capstone\DeepfakeBench\datasets\rgb\FaceForensics++\manipulated_sequences\Deepfakes\c23\frames\456_435\007.png,456_435,1,train
C:\Capstone\DeepfakeBench\datasets\rgb\FaceForensics++\manipulated_sequences\Deepfakes\c23\frames\456_435\008.png,456_435,1,train
C:\Capstone\DeepfakeBench\datasets\rgb\FaceForensics++\manipulated_sequences\Deepfakes\c23\frames\456_435\009.png,456_435,1,train
C:\Capstone\DeepfakeBench\datasets\rgb\FaceForensics++\manipulated_sequences\Deepfakes\c23\frames\456_435\010.png,456_435,1,train
C:\Capstone\DeepfakeBench\datasets\rgb\FaceForensics++\manipulated_sequences\Deepfakes\c23\frames\456_435\011.png,456_435,1,train
C:\Capstone\DeepfakeBench\datasets\rgb\FaceForensics++\manipulated_sequences\Deepfakes\c23\frames\456_435\012.png,456_435,1,train
C:\Capstone\DeepfakeBench\datasets\rgb\FaceForensics++\manipulated_sequences\Deepfakes\c23\frames\456_435\013.png,456_435,1,train
C:\Capstone\DeepfakeBench\datasets\rgb\FaceForensics++\manipulated_sequences\Deepfakes\c23\frames\456_435\014.png,456_435,1,train
C:\Capstone\DeepfakeBench\datasets\rgb\FaceForensics++\manipulated_sequences\Deepfakes\c23\frames\456_435\015.png,456_435,1,train
C:\Capstone\DeepfakeBench\datasets\rgb\FaceForensics++\manipulated_sequences\Deepfakes\c23\frames\456_435\016.png,456_435,1,train
C:\Capstone\DeepfakeBench\datasets\rgb\FaceForensics++\manipulated_sequences\Deepfakes\c23\frames\456_435\017.png,456_435,1,train
C:\Capstone\DeepfakeBench\datasets\rgb\FaceForensics++\manipulated_sequences\Deepfakes\c23\frames\456_435\018.png,456_435,1,train
C:\Capstone\DeepfakeBench\datasets\rgb\FaceForensics++\manipulated_sequences\Deepfakes\c23\frames\456_435\019.png,456_435,1,train
C:\Capstone\DeepfakeBench\datasets\rgb\FaceForensics++\manipulated_sequences\Deepfakes\c23\frames\456_435\020.png,456_435,1,train
C:\Capstone\DeepfakeBench\datasets\rgb\FaceForensics++\manipulated_sequences\Deepfakes\c23\frames\456_435\021.png,456_435,1,train
C:\Capstone\DeepfakeBench\datasets\rgb\FaceForensics++\manipulated_sequences\Deepfakes\c23\frames\456_435\022.png,456_435,1,train
C:\Capstone\DeepfakeBench\datasets\rgb\FaceForensics++\manipulated_sequences\Deepfakes\c23\frames\456_435\023.png,456_435,1,train
C:\Capstone\DeepfakeBench\datasets\rgb\FaceForensics++\manipulated_sequences\Deepfakes\c23\frames\456_435\024.png,456_435,1,train
C:\Capstone\DeepfakeBench\datasets\rgb\FaceForensics++\manipulated_sequences\Deepfakes\c23\frames\456_435\025.png,456_435,1,train
C:\Capstone\DeepfakeBench\datasets\rgb\FaceForensics++\manipulated_sequences\Deepfakes\c23\frames\456_435\026.png,456_435,1,train
C:\Capstone\DeepfakeBench\datasets\rgb\FaceForensics++\manipulated_sequences\Deepfakes\c23\frames\456_435\027.png,456_435,1,train
C:\Capstone\DeepfakeBench\datasets\rgb\FaceForensics++\manipulated_sequences\Deepfakes\c23\frames\456_435\028.png,456_435,1,train
C:\Capstone\DeepfakeBench\datasets\rgb\FaceForensics++\manipulated_sequences\Deepfakes\c23\frames\456_435\029.png,456_435,1,train
C:\Capstone\DeepfakeBench\datasets\rgb\FaceForensics++\manipulated_sequences\Deepfakes\c23\frames\456_435\030.png,456_435,1,train
C:\Capstone\DeepfakeBench\datasets\rgb\FaceForensics++\manipulated_sequences\Deepfakes\c23\frames\456_435\031.png,456_435,1,train
C:\Capstone\DeepfakeBench\datasets\rgb\FaceForensics++\manipulated_sequences\Deepfakes\c23\frames\266_252\000.png,266_252,1,train
C:\Capstone\DeepfakeBench\datasets\rgb\FaceForensics++\manipulated_sequences\Deepfakes\c23\frames\266_252\001.png,266_252,1,train
C:\Capstone\DeepfakeBench\datasets\rgb\FaceForensics++\manipulated_sequences\Deepfakes\c23\frames\266_252\002.png,266_252,1,train
C:\Capstone\DeepfakeBench\datasets\rgb\FaceForensics++\manipulated_sequences\Deepfakes\c23\frames\266_252\003.png,266_252,1,train
C:\Capstone\DeepfakeBench\datasets\rgb\FaceForensics++\manipulated_sequences\Deepfakes\c23\frames\266_252\004.png,266_252,1,train
C:\Capstone\DeepfakeBench\datasets\rgb\FaceForensics++\manipulated_sequences\Deepfakes\c23\frames\266_252\005.png,266_252,1,train
C:\Capstone\DeepfakeBench\datasets\rgb\FaceForensics++\manipulated_sequences\Deepfakes\c23\frames\266_252\006.png,266_252,1,train
C:\Capstone\DeepfakeBench\datasets\rgb\FaceForensics++\manipulated_sequences\Deepfakes\c23\frames\266_252\007.png,266_252,1,train
C:\Capstone\DeepfakeBench\datasets\rgb\FaceForensics++\manipulated_sequences\Deepfakes\c23\frames\266_252\008.png,266_252,1,train
C:\Capstone\DeepfakeBench\datasets\rgb\FaceForensics++\manipulated_sequences\Deepfakes\c23\frames\266_252\009.png,266_252,1,train
C:\Capstone\DeepfakeBench\datasets\rgb\FaceForensics++\manipulated_sequences\Deepfakes\c23\frames\266_252\010.png,266_252,1,train
C:\Capstone\DeepfakeBench\datasets\rgb\FaceForensics++\manipulated_sequences\Deepfakes\c23\frames\266_252\011.png,266_252,1,train
C:\Capstone\DeepfakeBench\datasets\rgb\FaceForensics++\manipulated_sequences\Deepfakes\c23\frames\266_252\012.png,266_252,1,train
C:\Capstone\DeepfakeBench\datasets\rgb\FaceForensics++\manipulated_sequences\Deepfakes\c23\frames\266_252\013.png,266_252,1,train
C:\Capstone\DeepfakeBench\datasets\rgb\FaceForensics++\manipulated_sequences\Deepfakes\c23\frames\266_252\014.png,266_252,1,train
C:\Capstone\DeepfakeBench\datasets\rgb\FaceForensics++\manipulated_sequences\Deepfakes\c23\frames\266_252\015.png,266_252,1,train
C:\Capstone\DeepfakeBench\datasets\rgb\FaceForensics++\manipulated_sequences\Deepfakes\c23\frames\266_252\016.png,266_252,1,train
C:\Capstone\DeepfakeBench\datasets\rgb\FaceForensics++\manipulated_sequences\Deepfakes\c23\frames\266_252\017.png,266_252,1,train
C:\Capstone\DeepfakeBench\datasets\rgb\FaceForensics++\manipulated_sequences\Deepfakes\c23\frames\266_252\018.png,266_252,1,train
C:\Capstone\DeepfakeBench\datasets\rgb\FaceForensics++\manipulated_sequences\Deepfakes\c23\frames\266_252\019.png,266_252,1,train
C:\Capstone\DeepfakeBench\datasets\rgb\FaceForensics++\manipulated_sequences\Deepfakes\c23\frames\266_252\020.png,266_252,1,train
C:\Capstone\DeepfakeBench\datasets\rgb\FaceForensics++\manipulated_sequences\Deepfakes\c23\frames\266_252\021.png,266_252,1,train
C:\Capstone\DeepfakeBench\datasets\rgb\FaceForensics++\manipulated_sequences\Deepfakes\c23\frames\266_252\022.png,266_252,1,train
C:\Capstone\DeepfakeBench\datasets\rgb\FaceForensics++\manipulated_sequences\Deepfakes\c23\frames\266_252\023.png,266_252,1,train
C:\Capstone\DeepfakeBench\datasets\rgb\FaceForensics++\manipulated_sequences\Deepfakes\c23\frames\266_252\024.png,266_252,1,train
C:\Capstone\DeepfakeBench\datasets\rgb\FaceForensics++\manipulated_sequences\Deepfakes\c23\frames\266_252\025.png,266_252,1,train
C:\Capstone\DeepfakeBench\datasets\rgb\FaceForensics++\manipulated_sequences\Deepfakes\c23\frames\266_252\026.png,266_252,1,train
C:\Capstone\DeepfakeBench\datasets\rgb\FaceForensics++\manipulated_sequences\Deepfakes\c23\frames\266_252\027.png,266_252,1,train
C:\Capstone\DeepfakeBench\datasets\rgb\FaceForensics++\manipulated_sequences\Deepfakes\c23\frames\266_252\028.png,266_252,1,train
C:\Capstone\DeepfakeBench\datasets\rgb\FaceForensics++\manipulated_sequences\Deepfakes\c23\frames\266_252\029.png,266_252,1,train
C:\Capstone\DeepfakeBench\datasets\rgb\FaceForensics++\manipulated_sequences\Deepfakes\c23\frames\266_252\030.png,266_252,1,train
C:\Capstone\DeepfakeBench\datasets\rgb\FaceForensics++\manipulated_sequences\Deepfakes\c23\frames\266_252\031.png,266_252,1,train
C:\Capstone\DeepfakeBench\datasets\rgb\FaceForensics++\manipulated_sequences\Deepfakes\c23\frames\253_183\000.png,253_183,1,train
C:\Capstone\DeepfakeBench\datasets\rgb\FaceForensics++\manipulated_sequences\Deepfakes\c23\frames\253_183\001.png,253_183,1,train
C:\Capstone\DeepfakeBench\datasets\rgb\FaceForensics++\manipulated_sequences\Deepfakes\c23\frames\253_183\002.png,253_183,1,train
C:\Capstone\DeepfakeBench\datasets\rgb\FaceForensics++\manipulated_sequences\Deepfakes\c23\frames\253_183\003.png,253_183,1,train
C:\Capstone\DeepfakeBench\datasets\rgb\FaceForensics++\manipulated_sequences\Deepfakes\c23\frames\253_183\004.png,253_183,1,train
C:\Capstone\DeepfakeBench\datasets\rgb\FaceForensics++\manipulated_sequences\Deepfakes\c23\frames\253_183\005.png,253_183,1,train
C:\Capstone\DeepfakeBench\datasets\rgb\FaceForensics++\manipulated_sequences\Deepfakes\c23\frames\253_183\006.png,253_183,1,train
C:\Capstone\DeepfakeBench\datasets\rgb\FaceForensics++\manipulated_sequences\Deepfakes\c23\frames\253_183\007.png,253_183,1,train
C:\Capstone\DeepfakeBench\datasets\rgb\FaceForensics++\manipulated_sequences\Deepfakes\c23\frames\253_183\008.png,253_183,1,train
C:\Capstone\DeepfakeBench\datasets\rgb\FaceForensics++\manipulated_sequences\Deepfakes\c23\frames\253_183\009.png,253_183,1,train
C:\Capstone\DeepfakeBench\datasets\rgb\FaceForensics++\manipulated_sequences\Deepfakes\c23\frames\253_183\010.png,253_183,1,train
C:\Capstone\DeepfakeBench\datasets\rgb\FaceForensics++\manipulated_sequences\Deepfakes\c23\frames\253_183\011.png,253_183,1,train
C:\Capstone\DeepfakeBench\datasets\rgb\FaceForensics++\manipulated_sequences\Deepfakes\c23\frames\253_183\012.png,253_183,1,train
C:\Capstone\DeepfakeBench\datasets\rgb\FaceForensics++\manipulated_sequences\Deepfakes\c23\frames\253_183\013.png,253_183,1,train
C:\Capstone\DeepfakeBench\datasets\rgb\FaceForensics++\manipulated_sequences\Deepfakes\c23\frames\253_183\014.png,253_183,1,train
C:\Capstone\DeepfakeBench\datasets\rgb\FaceForensics++\manipulated_sequences\Deepfakes\c23\frames\253_183\015.png,253_183,1,train
C:\Capstone\DeepfakeBench\datasets\rgb\FaceForensics++\manipulated_sequences\Deepfakes\c23\frames\253_183\016.png,253_183,1,train
C:\Capstone\DeepfakeBench\datasets\rgb\FaceForensics++\manipulated_sequences\Deepfakes\c23\frames\253_183\017.png,253_183,1,train
C:\Capstone\DeepfakeBench\datasets\rgb\FaceForensics++\manipulated_sequences\Deepfakes\c23\frames\253_183\018.png,253_183,1,train
C:\Capstone\DeepfakeBench\datasets\rgb\FaceForensics++\manipulated_sequences\Deepfakes\c23\frames\253_183\019.png,253_183,1,train
C:\Capstone\DeepfakeBench\datasets\rgb\FaceForensics++\manipulated_sequences\Deepfakes\c23\frames\253_183\020.png,253_183,1,train
C:\Capstone\DeepfakeBench\datasets\rgb\FaceForensics++\manipulated_sequences\Deepfakes\c23\frames\253_183\021.png,253_183,1,train
C:\Capstone\DeepfakeBench\datasets\rgb\FaceForensics++\manipulated_sequences\Deepfakes\c23\frames\253_183\022.png,253_183,1,train
C:\Capstone\DeepfakeBench\datasets\rgb\FaceForensics++\manipulated_sequences\Deepfakes\c23\frames\253_183\023.png,253_183,1,train
C:\Capstone\DeepfakeBench\datasets\rgb\FaceForensics++\manipulated_sequences\Deepfakes\c23\frames\253_183\024.png,253_183,1,train
C:\Capstone\DeepfakeBench\datasets\rgb\FaceForensics++\manipulated_sequences\Deepfakes\c23\frames\253_183\025.png,253_183,1,train
C:\Capstone\DeepfakeBench\datasets\rgb\FaceForensics++\manipulated_sequences\Deepfakes\c23\frames\253_183\026.png,253_183,1,train
C:\Capstone\DeepfakeBench\datasets\rgb\FaceForensics++\manipulated_sequences\Deepfakes\c23\frames\253_183\027.png,253_183,1,train
C:\Capstone\DeepfakeBench\datasets\rgb\FaceForensics++\manipulated_sequences\Deepfakes\c23\frames\253_183\028.png,253_183,1,train
C:\Capstone\DeepfakeBench\datasets\rgb\FaceForensics++\manipulated_sequences\Deepfakes\c23\frames\253_183\029.png,253_183,1,train
C:\Capstone\DeepfakeBench\datasets\rgb\FaceForensics++\manipulated_sequences\Deepfakes\c23\frames\253_183\030.png,253_183,1,train
C:\Capstone\DeepfakeBench\datasets\rgb\FaceForensics++\manipulated_sequences\Deepfakes\c23\frames\253_183\031.png,253_183,1,train
C:\Capstone\DeepfakeBench\datasets\rgb\FaceForensics++\original_sequences\youtube\c23\frames\206\000.png,206,0,train
C:\Capstone\DeepfakeBench\datasets\rgb\FaceForensics++\original_sequences\youtube\c23\frames\206\001.png,206,0,train
C:\Capstone\DeepfakeBench\datasets\rgb\FaceForensics++\original_sequences\youtube\c23\frames\206\002.png,206,0,train
C:\Capstone\DeepfakeBench\datasets\rgb\FaceForensics++\original_sequences\youtube\c23\frames\206\003.png,206,0,train
C:\Capstone\DeepfakeBench\datasets\rgb\FaceForensics++\original_sequences\youtube\c23\frames\206\004.png,206,0,train
C:\Capstone\DeepfakeBench\datasets\rgb\FaceForensics++\original_sequences\youtube\c23\frames\206\005.png,206,0,train
C:\Capstone\DeepfakeBench\datasets\rgb\FaceForensics++\original_sequences\youtube\c23\frames\206\006.png,206,0,train
C:\Capstone\DeepfakeBench\datasets\rgb\FaceForensics++\original_sequences\youtube\c23\frames\206\007.png,206,0,train
C:\Capstone\DeepfakeBench\datasets\rgb\FaceForensics++\original_sequences\youtube\c23\frames\206\008.png,206,0,train
C:\Capstone\DeepfakeBench\datasets\rgb\FaceForensics++\original_sequences\youtube\c23\frames\206\009.png,206,0,train
C:\Capstone\DeepfakeBench\datasets\rgb\FaceForensics++\original_sequences\youtube\c23\frames\206\010.png,206,0,train
C:\Capstone\DeepfakeBench\datasets\rgb\FaceForensics++\original_sequences\youtube\c23\frames\206\011.png,206,0,train
C:\Capstone\DeepfakeBench\datasets\rgb\FaceForensics++\original_sequences\youtube\c23\frames\206\012.png,206,0,train
C:\Capstone\DeepfakeBench\datasets\rgb\FaceForensics++\original_sequences\youtube\c23\frames\206\013.png,206,0,train
C:\Capstone\DeepfakeBench\datasets\rgb\FaceForensics++\original_sequences\youtube\c23\frames\206\014.png,206,0,train
C:\Capstone\DeepfakeBench\datasets\rgb\FaceForensics++\original_sequences\youtube\c23\frames\206\015.png,206,0,train
C:\Capstone\DeepfakeBench\datasets\rgb\FaceForensics++\original_sequences\youtube\c23\frames\206\016.png,206,0,train
C:\Capstone\DeepfakeBench\datasets\rgb\FaceForensics++\original_sequences\youtube\c23\frames\206\017.png,206,0,train
C:\Capstone\DeepfakeBench\datasets\rgb\FaceForensics++\original_sequences\youtube\c23\frames\206\018.png,206,0,train
C:\Capstone\DeepfakeBench\datasets\rgb\FaceForensics++\original_sequences\youtube\c23\frames\206\019.png,206,0,train
C:\Capstone\DeepfakeBench\datasets\rgb\FaceForensics++\original_sequences\youtube\c23\frames\206\020.png,206,0,train
C:\Capstone\DeepfakeBench\datasets\rgb\FaceForensics++\original_sequences\youtube\c23\frames\206\021.png,206,0,train
C:\Capstone\DeepfakeBench\datasets\rgb\FaceForensics++\original_sequences\youtube\c23\frames\206\022.png,206,0,train
C:\Capstone\DeepfakeBench\datasets\rgb\FaceForensics++\original_sequences\youtube\c23\frames\206\023.png,206,0,train
C:\Capstone\DeepfakeBench\datasets\rgb\FaceForensics++\original_sequences\youtube\c23\frames\206\024.png,206,0,train
C:\Capstone\DeepfakeBench\datasets\rgb\FaceForensics++\original_sequences\youtube\c23\frames\206\025.png,206,0,train
C:\Capstone\DeepfakeBench\datasets\rgb\FaceForensics++\original_sequences\youtube\c23\frames\206\026.png,206,0,train
C:\Capstone\DeepfakeBench\datasets\rgb\FaceForensics++\original_sequences\youtube\c23\frames\206\027.png,206,0,train
C:\Capstone\DeepfakeBench\datasets\rgb\FaceForensics++\original_sequences\youtube\c23\frames\206\028.png,206,0,train
C:\Capstone\DeepfakeBench\datasets\rgb\FaceForensics++\original_sequences\youtube\c23\frames\206\029.png,206,0,train
C:\Capstone\DeepfakeBench\datasets\rgb\FaceForensics++\original_sequences\youtube\c23\frames\206\030.png,206,0,train
C:\Capstone\DeepfakeBench\datasets\rgb\FaceForensics++\original_sequences\youtube\c23\frames\206\031.png,206,0,train
C:\Capstone\DeepfakeBench\datasets\rgb\FaceForensics++\original_sequences\youtube\c23\frames\835\000.png,835,0,train
C:\Capstone\DeepfakeBench\datasets\rgb\FaceForensics++\original_sequences\youtube\c23\frames\835\001.png,835,0,train
C:\Capstone\DeepfakeBench\datasets\rgb\FaceForensics++\original_sequences\youtube\c23\frames\835\002.png,835,0,train
C:\Capstone\DeepfakeBench\datasets\rgb\FaceForensics++\original_sequences\youtube\c23\frames\835\003.png,835,0,train
C:\Capstone\DeepfakeBench\datasets\rgb\FaceForensics++\original_sequences\youtube\c23\frames\835\004.png,835,0,train
C:\Capstone\DeepfakeBench\datasets\rgb\FaceForensics++\original_sequences\youtube\c23\frames\835\005.png,835,0,train
C:\Capstone\DeepfakeBench\datasets\rgb\FaceForensics++\original_sequences\youtube\c23\frames\835\006.png,835,0,train
C:\Capstone\DeepfakeBench\datasets\rgb\FaceForensics++\original_sequences\youtube\c23\frames\835\007.png,835,0,train
C:\Capstone\DeepfakeBench\datasets\rgb\FaceForensics++\original_sequences\youtube\c23\frames\835\008.png,835,0,train
C:\Capstone\DeepfakeBench\datasets\rgb\FaceForensics++\original_sequences\youtube\c23\frames\835\009.png,835,0,train
C:\Capstone\DeepfakeBench\datasets\rgb\FaceForensics++\original_sequences\youtube\c23\frames\835\010.png,835,0,train
C:\Capstone\DeepfakeBench\datasets\rgb\FaceForensics++\original_sequences\youtube\c23\frames\835\011.png,835,0,train
C:\Capstone\DeepfakeBench\datasets\rgb\FaceForensics++\original_sequences\youtube\c23\frames\835\012.png,835,0,train
C:\Capstone\DeepfakeBench\datasets\rgb\FaceForensics++\original_sequences\youtube\c23\frames\835\013.png,835,0,train
C:\Capstone\DeepfakeBench\datasets\rgb\FaceForensics++\original_sequences\youtube\c23\frames\835\014.png,835,0,train
C:\Capstone\DeepfakeBench\datasets\rgb\FaceForensics++\original_sequences\youtube\c23\frames\835\015.png,835,0,train
C:\Capstone\DeepfakeBench\datasets\rgb\FaceForensics++\original_sequences\youtube\c23\frames\835\016.png,835,0,train
C:\Capstone\DeepfakeBench\datasets\rgb\FaceForensics++\original_sequences\youtube\c23\frames\835\017.png,835,0,train
C:\Capstone\DeepfakeBench\datasets\rgb\FaceForensics++\original_sequences\youtube\c23\frames\835\018.png,835,0,train
C:\Capstone\DeepfakeBench\datasets\rgb\FaceForensics++\original_sequences\youtube\c23\frames\835\019.png,835,0,train
C:\Capstone\DeepfakeBench\datasets\rgb\FaceForensics++\original_sequences\youtube\c23\frames\835\020.png,835,0,train
C:\Capstone\DeepfakeBench\datasets\rgb\FaceForensics++\original_sequences\youtube\c23\frames\835\021.png,835,0,train
C:\Capstone\DeepfakeBench\datasets\rgb\FaceForensics++\original_sequences\youtube\c23\frames\835\022.png,835,0,train
C:\Capstone\DeepfakeBench\datasets\rgb\FaceForensics++\original_sequences\youtube\c23\frames\835\023.png,835,0,train
C:\Capstone\DeepfakeBench\datasets\rgb\FaceForensics++\original_sequences\youtube\c23\frames\835\024.png,835,0,train
C:\Capstone\DeepfakeBench\datasets\rgb\FaceForensics++\original_sequences\youtube\c23\frames\835\025.png,835,0,train
C:\Capstone\DeepfakeBench\datasets\rgb\FaceForensics++\original_sequences\youtube\c23\frames\835\026.png,835,0,train
C:\Capstone\DeepfakeBench\datasets\rgb\FaceForensics++\original_sequences\youtube\c23\frames\835\027.png,835,0,train
C:\Capstone\DeepfakeBench\datasets\rgb\FaceForensics++\original_sequences\youtube\c23\frames\835\028.png,835,0,train
C:\Capstone\DeepfakeBench\datasets\rgb\FaceForensics++\original_sequences\youtube\c23\frames\835\029.png,835,0,train
C:\Capstone\DeepfakeBench\datasets\rgb\FaceForensics++\original_sequences\youtube\c23\frames\835\030.png,835,0,train
C:\Capstone\DeepfakeBench\datasets\rgb\FaceForensics++\original_sequences\youtube\c23\frames\835\031.png,835,0,train
C:\Capstone\DeepfakeBench\datasets\rgb\FaceForensics++\original_sequences\youtube\c23\frames\794\000.png,794,0,train
C:\Capstone\DeepfakeBench\datasets\rgb\FaceForensics++\original_sequences\youtube\c23\frames\794\001.png,794,0,train
C:\Capstone\DeepfakeBench\datasets\rgb\FaceForensics++\original_sequences\youtube\c23\frames\794\002.png,794,0,train
C:\Capstone\DeepfakeBench\datasets\rgb\FaceForensics++\original_sequences\youtube\c23\frames\794\003.png,794,0,train
C:\Capstone\DeepfakeBench\datasets\rgb\FaceForensics++\original_sequences\youtube\c23\frames\794\004.png,794,0,train
C:\Capstone\DeepfakeBench\datasets\rgb\FaceForensics++\original_sequences\youtube\c23\frames\794\005.png,794,0,train
C:\Capstone\DeepfakeBench\datasets\rgb\FaceForensics++\original_sequences\youtube\c23\frames\794\006.png,794,0,train
C:\Capstone\DeepfakeBench\datasets\rgb\FaceForensics++\original_sequences\youtube\c23\frames\794\007.png,794,0,train
C:\Capstone\DeepfakeBench\datasets\rgb\FaceForensics++\original_sequences\youtube\c23\frames\794\008.png,794,0,train
C:\Capstone\DeepfakeBench\datasets\rgb\FaceForensics++\original_sequences\youtube\c23\frames\794\009.png,794,0,train
C:\Capstone\DeepfakeBench\datasets\rgb\FaceForensics++\original_sequences\youtube\c23\frames\794\010.png,794,0,train
C:\Capstone\DeepfakeBench\datasets\rgb\FaceForensics++\original_sequences\youtube\c23\frames\794\011.png,794,0,train
C:\Capstone\DeepfakeBench\datasets\rgb\FaceForensics++\original_sequences\youtube\c23\frames\794\012.png,794,0,train
C:\Capstone\DeepfakeBench\datasets\rgb\FaceForensics++\original_sequences\youtube\c23\frames\794\013.png,794,0,train
C:\Capstone\DeepfakeBench\datasets\rgb\FaceForensics++\original_sequences\youtube\c23\frames\794\014.png,794,0,train
C:\Capstone\DeepfakeBench\datasets\rgb\FaceForensics++\original_sequences\youtube\c23\frames\794\015.png,794,0,train
C:\Capstone\DeepfakeBench\datasets\rgb\FaceForensics++\original_sequences\youtube\c23\frames\794\016.png,794,0,train
C:\Capstone\DeepfakeBench\datasets\rgb\FaceForensics++\original_sequences\youtube\c23\frames\794\017.png,794,0,train
C:\Capstone\DeepfakeBench\datasets\rgb\FaceForensics++\original_sequences\youtube\c23\frames\794\018.png,794,0,train
C:\Capstone\DeepfakeBench\datasets\rgb\FaceForensics++\original_sequences\youtube\c23\frames\794\019.png,794,0,train
C:\Capstone\DeepfakeBench\datasets\rgb\FaceForensics++\original_sequences\youtube\c23\frames\794\020.png,794,0,train
C:\Capstone\DeepfakeBench\datasets\rgb\FaceForensics++\original_sequences\youtube\c23\frames\794\021.png,794,0,train
C:\Capstone\DeepfakeBench\datasets\rgb\FaceForensics++\original_sequences\youtube\c23\frames\794\022.png,794,0,train
C:\Capstone\DeepfakeBench\datasets\rgb\FaceForensics++\original_sequences\youtube\c23\frames\794\023.png,794,0,train
C:\Capstone\DeepfakeBench\datasets\rgb\FaceForensics++\original_sequences\youtube\c23\frames\794\024.png,794,0,train
C:\Capstone\DeepfakeBench\datasets\rgb\FaceForensics++\original_sequences\youtube\c23\frames\794\025.png,794,0,train
C:\Capstone\DeepfakeBench\datasets\rgb\FaceForensics++\original_sequences\youtube\c23\frames\794\026.png,794,0,train
C:\Capstone\DeepfakeBench\datasets\rgb\FaceForensics++\original_sequences\youtube\c23\frames\794\027.png,794,0,train
C:\Capstone\DeepfakeBench\datasets\rgb\FaceForensics++\original_sequences\youtube\c23\frames\794\028.png,794,0,train
C:\Capstone\DeepfakeBench\datasets\rgb\FaceForensics++\original_sequences\youtube\c23\frames\794\029.png,794,0,train
C:\Capstone\DeepfakeBench\datasets\rgb\FaceForensics++\original_sequences\youtube\c23\frames\794\030.png,794,0,train
C:\Capstone\DeepfakeBench\datasets\rgb\FaceForensics++\original_sequences\youtube\c23\frames\794\031.png,794,0,train
C:\Capstone\DeepfakeBench\datasets\rgb\FaceForensics++\original_sequences\youtube\c23\frames\107\000.png,107,0,train
C:\Capstone\DeepfakeBench\datasets\rgb\FaceForensics++\original_sequences\youtube\c23\frames\107\001.png,107,0,train
C:\Capstone\DeepfakeBench\datasets\rgb\FaceForensics++\original_sequences\youtube\c23\frames\107\002.png,107,0,train
C:\Capstone\DeepfakeBench\datasets\rgb\FaceForensics++\original_sequences\youtube\c23\frames\107\003.png,107,0,train
C:\Capstone\DeepfakeBench\datasets\rgb\FaceForensics++\original_sequences\youtube\c23\frames\107\004.png,107,0,train
C:\Capstone\DeepfakeBench\datasets\rgb\FaceForensics++\original_sequences\youtube\c23\frames\107\005.png,107,0,train
C:\Capstone\DeepfakeBench\datasets\rgb\FaceForensics++\original_sequences\youtube\c23\frames\107\006.png,107,0,train
C:\Capstone\DeepfakeBench\datasets\rgb\FaceForensics++\original_sequences\youtube\c23\frames\107\007.png,107,0,train
C:\Capstone\DeepfakeBench\datasets\rgb\FaceForensics++\original_sequences\youtube\c23\frames\107\008.png,107,0,train
C:\Capstone\DeepfakeBench\datasets\rgb\FaceForensics++\original_sequences\youtube\c23\frames\107\009.png,107,0,train
C:\Capstone\DeepfakeBench\datasets\rgb\FaceForensics++\original_sequences\youtube\c23\frames\107\010.png,107,0,train
C:\Capstone\DeepfakeBench\datasets\rgb\FaceForensics++\original_sequences\youtube\c23\frames\107\011.png,107,0,train
C:\Capstone\DeepfakeBench\datasets\rgb\FaceForensics++\original_sequences\youtube\c23\frames\107\012.png,107,0,train
C:\Capstone\DeepfakeBench\datasets\rgb\FaceForensics++\original_sequences\youtube\c23\frames\107\013.png,107,0,train
C:\Capstone\DeepfakeBench\datasets\rgb\FaceForensics++\original_sequences\youtube\c23\frames\107\014.png,107,0,train
C:\Capstone\DeepfakeBench\datasets\rgb\FaceForensics++\original_sequences\youtube\c23\frames\107\015.png,107,0,train
C:\Capstone\DeepfakeBench\datasets\rgb\FaceForensics++\original_sequences\youtube\c23\frames\107\016.png,107,0,train
C:\Capstone\DeepfakeBench\datasets\rgb\FaceForensics++\original_sequences\youtube\c23\frames\107\017.png,107,0,train
C:\Capstone\DeepfakeBench\datasets\rgb\FaceForensics++\original_sequences\youtube\c23\frames\107\018.png,107,0,train
C:\Capstone\DeepfakeBench\datasets\rgb\FaceForensics++\original_sequences\youtube\c23\frames\107\019.png,107,0,train
C:\Capstone\DeepfakeBench\datasets\rgb\FaceForensics++\original_sequences\youtube\c23\frames\107\020.png,107,0,train
C:\Capstone\DeepfakeBench\datasets\rgb\FaceForensics++\original_sequences\youtube\c23\frames\107\021.png,107,0,train
C:\Capstone\DeepfakeBench\datasets\rgb\FaceForensics++\original_sequences\youtube\c23\frames\107\022.png,107,0,train
C:\Capstone\DeepfakeBench\datasets\rgb\FaceForensics++\original_sequences\youtube\c23\frames\107\023.png,107,0,train
C:\Capstone\DeepfakeBench\datasets\rgb\FaceForensics++\original_sequences\youtube\c23\frames\107\024.png,107,0,train
C:\Capstone\DeepfakeBench\datasets\rgb\FaceForensics++\original_sequences\youtube\c23\frames\107\025.png,107,0,train
C:\Capstone\DeepfakeBench\datasets\rgb\FaceForensics++\original_sequences\youtube\c23\frames\107\026.png,107,0,train
C:\Capstone\DeepfakeBench\datasets\rgb\FaceForensics++\original_sequences\youtube\c23\frames\107\027.png,107,0,train
C:\Capstone\DeepfakeBench\datasets\rgb\FaceForensics++\original_sequences\youtube\c23\frames\107\028.png,107,0,train
C:\Capstone\DeepfakeBench\datasets\rgb\FaceForensics++\original_sequences\youtube\c23\frames\107\029.png,107,0,train
C:\Capstone\DeepfakeBench\datasets\rgb\FaceForensics++\original_sequences\youtube\c23\frames\107\030.png,107,0,train
C:\Capstone\DeepfakeBench\datasets\rgb\FaceForensics++\original_sequences\youtube\c23\frames\107\031.png,107,0,train
C:\Capstone\DeepfakeBench\datasets\rgb\FaceForensics++\original_sequences\youtube\c23\frames\866\000.png,866,0,train
C:\Capstone\DeepfakeBench\datasets\rgb\FaceForensics++\original_sequences\youtube\c23\frames\866\001.png,866,0,train
C:\Capstone\DeepfakeBench\datasets\rgb\FaceForensics++\original_sequences\youtube\c23\frames\866\002.png,866,0,train
C:\Capstone\DeepfakeBench\datasets\rgb\FaceForensics++\original_sequences\youtube\c23\frames\866\003.png,866,0,train
C:\Capstone\DeepfakeBench\datasets\rgb\FaceForensics++\original_sequences\youtube\c23\frames\866\004.png,866,0,train
C:\Capstone\DeepfakeBench\datasets\rgb\FaceForensics++\original_sequences\youtube\c23\frames\866\005.png,866,0,train
C:\Capstone\DeepfakeBench\datasets\rgb\FaceForensics++\original_sequences\youtube\c23\frames\866\006.png,866,0,train
C:\Capstone\DeepfakeBench\datasets\rgb\FaceForensics++\original_sequences\youtube\c23\frames\866\007.png,866,0,train
C:\Capstone\DeepfakeBench\datasets\rgb\FaceForensics++\original_sequences\youtube\c23\frames\866\008.png,866,0,train
C:\Capstone\DeepfakeBench\datasets\rgb\FaceForensics++\original_sequences\youtube\c23\frames\866\009.png,866,0,train
C:\Capstone\DeepfakeBench\datasets\rgb\FaceForensics++\original_sequences\youtube\c23\frames\866\010.png,866,0,train
C:\Capstone\DeepfakeBench\datasets\rgb\FaceForensics++\original_sequences\youtube\c23\frames\866\011.png,866,0,train
C:\Capstone\DeepfakeBench\datasets\rgb\FaceForensics++\original_sequences\youtube\c23\frames\866\012.png,866,0,train
C:\Capstone\DeepfakeBench\datasets\rgb\FaceForensics++\original_sequences\youtube\c23\frames\866\013.png,866,0,train
C:\Capstone\DeepfakeBench\datasets\rgb\FaceForensics++\original_sequences\youtube\c23\frames\866\014.png,866,0,train
C:\Capstone\DeepfakeBench\datasets\rgb\FaceForensics++\original_sequences\youtube\c23\frames\866\015.png,866,0,train
C:\Capstone\DeepfakeBench\datasets\rgb\FaceForensics++\original_sequences\youtube\c23\frames\866\016.png,866,0,train
C:\Capstone\DeepfakeBench\datasets\rgb\FaceForensics++\original_sequences\youtube\c23\frames\866\017.png,866,0,train
C:\Capstone\DeepfakeBench\datasets\rgb\FaceForensics++\original_sequences\youtube\c23\frames\866\018.png,866,0,train
C:\Capstone\DeepfakeBench\datasets\rgb\FaceForensics++\original_sequences\youtube\c23\frames\866\019.png,866,0,train
C:\Capstone\DeepfakeBench\datasets\rgb\FaceForensics++\original_sequences\youtube\c23\frames\866\020.png,866,0,train
C:\Capstone\DeepfakeBench\datasets\rgb\FaceForensics++\original_sequences\youtube\c23\frames\866\021.png,866,0,train
C:\Capstone\DeepfakeBench\datasets\rgb\FaceForensics++\original_sequences\youtube\c23\frames\866\022.png,866,0,train
C:\Capstone\DeepfakeBench\datasets\rgb\FaceForensics++\original_sequences\youtube\c23\frames\866\023.png,866,0,train
C:\Capstone\DeepfakeBench\datasets\rgb\FaceForensics++\original_sequences\youtube\c23\frames\866\024.png,866,0,train
C:\Capstone\DeepfakeBench\datasets\rgb\FaceForensics++\original_sequences\youtube\c23\frames\866\025.png,866,0,train
C:\Capstone\DeepfakeBench\datasets\rgb\FaceForensics++\original_sequences\youtube\c23\frames\866\026.png,866,0,train
C:\Capstone\DeepfakeBench\datasets\rgb\FaceForensics++\original_sequences\youtube\c23\frames\866\027.png,866,0,train
C:\Capstone\DeepfakeBench\datasets\rgb\FaceForensics++\original_sequences\youtube\c23\frames\866\028.png,866,0,train
C:\Capstone\DeepfakeBench\datasets\rgb\FaceForensics++\original_sequences\youtube\c23\frames\866\029.png,866,0,train
C:\Capstone\DeepfakeBench\datasets\rgb\FaceForensics++\original_sequences\youtube\c23\frames\866\030.png,866,0,train
C:\Capstone\DeepfakeBench\datasets\rgb\FaceForensics++\original_sequences\youtube\c23\frames\866\031.png,866,0,train
C:\Capstone\DeepfakeBench\datasets\rgb\FaceForensics++\manipulated_sequences\Deepfakes\c23\frames\644_657\000.png,644_657,1,train
C:\Capstone\DeepfakeBench\datasets\rgb\FaceForensics++\manipulated_sequences\Deepfakes\c23\frames\644_657\001.png,644_657,1,train
C:\Capstone\DeepfakeBench\datasets\rgb\FaceForensics++\manipulated_sequences\Deepfakes\c23\frames\644_657\002.png,644_657,1,train
C:\Capstone\DeepfakeBench\datasets\rgb\FaceForensics++\manipulated_sequences\Deepfakes\c23\frames\644_657\003.png,644_657,1,train
C:\Capstone\DeepfakeBench\datasets\rgb\FaceForensics++\manipulated_sequences\Deepfakes\c23\frames\644_657\004.png,644_657,1,train
C:\Capstone\DeepfakeBench\datasets\rgb\FaceForensics++\manipulated_sequences\Deepfakes\c23\frames\644_657\005.png,644_657,1,train
C:\Capstone\DeepfakeBench\datasets\rgb\FaceForensics++\manipulated_sequences\Deepfakes\c23\frames\644_657\006.png,644_657,1,train
C:\Capstone\DeepfakeBench\datasets\rgb\FaceForensics++\manipulated_sequences\Deepfakes\c23\frames\644_657\007.png,644_657,1,train
C:\Capstone\DeepfakeBench\datasets\rgb\FaceForensics++\manipulated_sequences\Deepfakes\c23\frames\644_657\008.png,644_657,1,train
C:\Capstone\DeepfakeBench\datasets\rgb\FaceForensics++\manipulated_sequences\Deepfakes\c23\frames\644_657\009.png,644_657,1,train
C:\Capstone\DeepfakeBench\datasets\rgb\FaceForensics++\manipulated_sequences\Deepfakes\c23\frames\644_657\010.png,644_657,1,train
C:\Capstone\DeepfakeBench\datasets\rgb\FaceForensics++\manipulated_sequences\Deepfakes\c23\frames\644_657\011.png,644_657,1,train
C:\Capstone\DeepfakeBench\datasets\rgb\FaceForensics++\manipulated_sequences\Deepfakes\c23\frames\644_657\012.png,644_657,1,train
C:\Capstone\DeepfakeBench\datasets\rgb\FaceForensics++\manipulated_sequences\Deepfakes\c23\frames\644_657\013.png,644_657,1,train
C:\Capstone\DeepfakeBench\datasets\rgb\FaceForensics++\manipulated_sequences\Deepfakes\c23\frames\644_657\014.png,644_657,1,train
C:\Capstone\DeepfakeBench\datasets\rgb\FaceForensics++\manipulated_sequences\Deepfakes\c23\frames\644_657\015.png,644_657,1,train
C:\Capstone\DeepfakeBench\datasets\rgb\FaceForensics++\manipulated_sequences\Deepfakes\c23\frames\644_657\016.png,644_657,1,train
C:\Capstone\DeepfakeBench\datasets\rgb\FaceForensics++\manipulated_sequences\Deepfakes\c23\frames\644_657\017.png,644_657,1,train
C:\Capstone\DeepfakeBench\datasets\rgb\FaceForensics++\manipulated_sequences\Deepfakes\c23\frames\644_657\018.png,644_657,1,train
C:\Capstone\DeepfakeBench\datasets\rgb\FaceForensics++\manipulated_sequences\Deepfakes\c23\frames\644_657\019.png,644_657,1,train
C:\Capstone\DeepfakeBench\datasets\rgb\FaceForensics++\manipulated_sequences\Deepfakes\c23\frames\644_657\020.png,644_657,1,train
C:\Capstone\DeepfakeBench\datasets\rgb\FaceForensics++\manipulated_sequences\Deepfakes\c23\frames\644_657\021.png,644_657,1,train
C:\Capstone\DeepfakeBench\datasets\rgb\FaceForensics++\manipulated_sequences\Deepfakes\c23\frames\644_657\022.png,644_657,1,train
C:\Capstone\DeepfakeBench\datasets\rgb\FaceForensics++\manipulated_sequences\Deepfakes\c23\frames\644_657\023.png,644_657,1,train
C:\Capstone\DeepfakeBench\datasets\rgb\FaceForensics++\manipulated_sequences\Deepfakes\c23\frames\644_657\024.png,644_657,1,train
C:\Capstone\DeepfakeBench\datasets\rgb\FaceForensics++\manipulated_sequences\Deepfakes\c23\frames\644_657\025.png,644_657,1,train
C:\Capstone\DeepfakeBench\datasets\rgb\FaceForensics++\manipulated_sequences\Deepfakes\c23\frames\644_657\026.png,644_657,1,train
C:\Capstone\DeepfakeBench\datasets\rgb\FaceForensics++\manipulated_sequences\Deepfakes\c23\frames\644_657\027.png,644_657,1,train
C:\Capstone\DeepfakeBench\datasets\rgb\FaceForensics++\manipulated_sequences\Deepfakes\c23\frames\644_657\028.png,644_657,1,train
C:\Capstone\DeepfakeBench\datasets\rgb\FaceForensics++\manipulated_sequences\Deepfakes\c23\frames\644_657\029.png,644_657,1,train
C:\Capstone\DeepfakeBench\datasets\rgb\FaceForensics++\manipulated_sequences\Deepfakes\c23\frames\644_657\030.png,644_657,1,train
C:\Capstone\DeepfakeBench\datasets\rgb\FaceForensics++\manipulated_sequences\Deepfakes\c23\frames\644_657\031.png,644_657,1,train
C:\Capstone\DeepfakeBench\datasets\rgb\FaceForensics++\manipulated_sequences\Deepfakes\c23\frames\183_253\000.png,183_253,1,train
C:\Capstone\DeepfakeBench\datasets\rgb\FaceForensics++\manipulated_sequences\Deepfakes\c23\frames\183_253\001.png,183_253,1,train
C:\Capstone\DeepfakeBench\datasets\rgb\FaceForensics++\manipulated_sequences\Deepfakes\c23\frames\183_253\002.png,183_253,1,train
C:\Capstone\DeepfakeBench\datasets\rgb\FaceForensics++\manipulated_sequences\Deepfakes\c23\frames\183_253\003.png,183_253,1,train
C:\Capstone\DeepfakeBench\datasets\rgb\FaceForensics++\manipulated_sequences\Deepfakes\c23\frames\183_253\004.png,183_253,1,train
C:\Capstone\DeepfakeBench\datasets\rgb\FaceForensics++\manipulated_sequences\Deepfakes\c23\frames\183_253\005.png,183_253,1,train
C:\Capstone\DeepfakeBench\datasets\rgb\FaceForensics++\manipulated_sequences\Deepfakes\c23\frames\183_253\006.png,183_253,1,train
C:\Capstone\DeepfakeBench\datasets\rgb\FaceForensics++\manipulated_sequences\Deepfakes\c23\frames\183_253\007.png,183_253,1,train
C:\Capstone\DeepfakeBench\datasets\rgb\FaceForensics++\manipulated_sequences\Deepfakes\c23\frames\183_253\008.png,183_253,1,train
C:\Capstone\DeepfakeBench\datasets\rgb\FaceForensics++\manipulated_sequences\Deepfakes\c23\frames\183_253\009.png,183_253,1,train
C:\Capstone\DeepfakeBench\datasets\rgb\FaceForensics++\manipulated_sequences\Deepfakes\c23\frames\183_253\010.png,183_253,1,train
C:\Capstone\DeepfakeBench\datasets\rgb\FaceForensics++\manipulated_sequences\Deepfakes\c23\frames\183_253\011.png,183_253,1,train
C:\Capstone\DeepfakeBench\datasets\rgb\FaceForensics++\manipulated_sequences\Deepfakes\c23\frames\183_253\012.png,183_253,1,train
C:\Capstone\DeepfakeBench\datasets\rgb\FaceForensics++\manipulated_sequences\Deepfakes\c23\frames\183_253\013.png,183_253,1,train
C:\Capstone\DeepfakeBench\datasets\rgb\FaceForensics++\manipulated_sequences\Deepfakes\c23\frames\183_253\014.png,183_253,1,train
C:\Capstone\DeepfakeBench\datasets\rgb\FaceForensics++\manipulated_sequences\Deepfakes\c23\frames\183_253\015.png,183_253,1,train
C:\Capstone\DeepfakeBench\datasets\rgb\FaceForensics++\manipulated_sequences\Deepfakes\c23\frames\183_253\016.png,183_253,1,train
C:\Capstone\DeepfakeBench\datasets\rgb\FaceForensics++\manipulated_sequences\Deepfakes\c23\frames\183_253\017.png,183_253,1,train
C:\Capstone\DeepfakeBench\datasets\rgb\FaceForensics++\manipulated_sequences\Deepfakes\c23\frames\183_253\018.png,183_253,1,train
C:\Capstone\DeepfakeBench\datasets\rgb\FaceForensics++\manipulated_sequences\Deepfakes\c23\frames\183_253\019.png,183_253,1,train
C:\Capstone\DeepfakeBench\datasets\rgb\FaceForensics++\manipulated_sequences\Deepfakes\c23\frames\183_253\020.png,183_253,1,train
C:\Capstone\DeepfakeBench\datasets\rgb\FaceForensics++\manipulated_sequences\Deepfakes\c23\frames\183_253\021.png,183_253,1,train
C:\Capstone\DeepfakeBench\datasets\rgb\FaceForensics++\manipulated_sequences\Deepfakes\c23\frames\183_253\022.png,183_253,1,train
C:\Capstone\DeepfakeBench\datasets\rgb\FaceForensics++\manipulated_sequences\Deepfakes\c23\frames\183_253\023.png,183_253,1,train
C:\Capstone\DeepfakeBench\datasets\rgb\FaceForensics++\manipulated_sequences\Deepfakes\c23\frames\183_253\024.png,183_253,1,train
C:\Capstone\DeepfakeBench\datasets\rgb\FaceForensics++\manipulated_sequences\Deepfakes\c23\frames\183_253\025.png,183_253,1,train
C:\Capstone\DeepfakeBench\datasets\rgb\FaceForensics++\manipulated_sequences\Deepfakes\c23\frames\183_253\026.png,183_253,1,train
C:\Capstone\DeepfakeBench\datasets\rgb\FaceForensics++\manipulated_sequences\Deepfakes\c23\frames\183_253\027.png,183_253,1,train
C:\Capstone\DeepfakeBench\datasets\rgb\FaceForensics++\manipulated_sequences\Deepfakes\c23\frames\183_253\028.png,183_253,1,train
C:\Capstone\DeepfakeBench\datasets\rgb\FaceForensics++\manipulated_sequences\Deepfakes\c23\frames\183_253\029.png,183_253,1,train
C:\Capstone\DeepfakeBench\datasets\rgb\FaceForensics++\manipulated_sequences\Deepfakes\c23\frames\183_253\030.png,183_253,1,train
C:\Capstone\DeepfakeBench\datasets\rgb\FaceForensics++\manipulated_sequences\Deepfakes\c23\frames\183_253\031.png,183_253,1,train
C:\Capstone\DeepfakeBench\datasets\rgb\FaceForensics++\original_sequences\youtube\c23\frames\924\000.png,924,0,train
C:\Capstone\DeepfakeBench\datasets\rgb\FaceForensics++\original_sequences\youtube\c23\frames\924\001.png,924,0,train
C:\Capstone\DeepfakeBench\datasets\rgb\FaceForensics++\original_sequences\youtube\c23\frames\924\002.png,924,0,train
C:\Capstone\DeepfakeBench\datasets\rgb\FaceForensics++\original_sequences\youtube\c23\frames\924\003.png,924,0,train
C:\Capstone\DeepfakeBench\datasets\rgb\FaceForensics++\original_sequences\youtube\c23\frames\924\004.png,924,0,train
C:\Capstone\DeepfakeBench\datasets\rgb\FaceForensics++\original_sequences\youtube\c23\frames\924\005.png,924,0,train
C:\Capstone\DeepfakeBench\datasets\rgb\FaceForensics++\original_sequences\youtube\c23\frames\924\006.png,924,0,train
C:\Capstone\DeepfakeBench\datasets\rgb\FaceForensics++\original_sequences\youtube\c23\frames\924\007.png,924,0,train
C:\Capstone\DeepfakeBench\datasets\rgb\FaceForensics++\original_sequences\youtube\c23\frames\924\008.png,924,0,train
C:\Capstone\DeepfakeBench\datasets\rgb\FaceForensics++\original_sequences\youtube\c23\frames\924\009.png,924,0,train
C:\Capstone\DeepfakeBench\datasets\rgb\FaceForensics++\original_sequences\youtube\c23\frames\924\010.png,924,0,train
C:\Capstone\DeepfakeBench\datasets\rgb\FaceForensics++\original_sequences\youtube\c23\frames\924\011.png,924,0,train
C:\Capstone\DeepfakeBench\datasets\rgb\FaceForensics++\original_sequences\youtube\c23\frames\924\012.png,924,0,train
C:\Capstone\DeepfakeBench\datasets\rgb\FaceForensics++\original_sequences\youtube\c23\frames\924\013.png,924,0,train
C:\Capstone\DeepfakeBench\datasets\rgb\FaceForensics++\original_sequences\youtube\c23\frames\924\014.png,924,0,train
C:\Capstone\DeepfakeBench\datasets\rgb\FaceForensics++\original_sequences\youtube\c23\frames\924\015.png,924,0,train
C:\Capstone\DeepfakeBench\datasets\rgb\FaceForensics++\original_sequences\youtube\c23\frames\924\016.png,924,0,train
C:\Capstone\DeepfakeBench\datasets\rgb\FaceForensics++\original_sequences\youtube\c23\frames\924\017.png,924,0,train
C:\Capstone\DeepfakeBench\datasets\rgb\FaceForensics++\original_sequences\youtube\c23\frames\924\018.png,924,0,train
C:\Capstone\DeepfakeBench\datasets\rgb\FaceForensics++\original_sequences\youtube\c23\frames\924\019.png,924,0,train
C:\Capstone\DeepfakeBench\datasets\rgb\FaceForensics++\original_sequences\youtube\c23\frames\924\020.png,924,0,train
C:\Capstone\DeepfakeBench\datasets\rgb\FaceForensics++\original_sequences\youtube\c23\frames\924\021.png,924,0,train
C:\Capstone\DeepfakeBench\datasets\rgb\FaceForensics++\original_sequences\youtube\c23\frames\924\022.png,924,0,train
C:\Capstone\DeepfakeBench\datasets\rgb\FaceForensics++\original_sequences\youtube\c23\frames\924\023.png,924,0,train
C:\Capstone\DeepfakeBench\datasets\rgb\FaceForensics++\original_sequences\youtube\c23\frames\924\024.png,924,0,train
C:\Capstone\DeepfakeBench\datasets\rgb\FaceForensics++\original_sequences\youtube\c23\frames\924\025.png,924,0,train
C:\Capstone\DeepfakeBench\datasets\rgb\FaceForensics++\original_sequences\youtube\c23\frames\924\026.png,924,0,train
C:\Capstone\DeepfakeBench\datasets\rgb\FaceForensics++\original_sequences\youtube\c23\frames\924\027.png,924,0,train
C:\Capstone\DeepfakeBench\datasets\rgb\FaceForensics++\original_sequences\youtube\c23\frames\924\028.png,924,0,train
C:\Capstone\DeepfakeBench\datasets\rgb\FaceForensics++\original_sequences\youtube\c23\frames\924\029.png,924,0,train
C:\Capstone\DeepfakeBench\datasets\rgb\FaceForensics++\original_sequences\youtube\c23\frames\924\030.png,924,0,train
C:\Capstone\DeepfakeBench\datasets\rgb\FaceForensics++\original_sequences\youtube\c23\frames\924\031.png,924,0,train
C:\Capstone\DeepfakeBench\datasets\rgb\FaceForensics++\original_sequences\youtube\c23\frames\657\000.png,657,0,train
C:\Capstone\DeepfakeBench\datasets\rgb\FaceForensics++\original_sequences\youtube\c23\frames\657\001.png,657,0,train
C:\Capstone\DeepfakeBench\datasets\rgb\FaceForensics++\original_sequences\youtube\c23\frames\657\002.png,657,0,train
C:\Capstone\DeepfakeBench\datasets\rgb\FaceForensics++\original_sequences\youtube\c23\frames\657\003.png,657,0,train
C:\Capstone\DeepfakeBench\datasets\rgb\FaceForensics++\original_sequences\youtube\c23\frames\657\004.png,657,0,train
C:\Capstone\DeepfakeBench\datasets\rgb\FaceForensics++\original_sequences\youtube\c23\frames\657\005.png,657,0,train
C:\Capstone\DeepfakeBench\datasets\rgb\FaceForensics++\original_sequences\youtube\c23\frames\657\006.png,657,0,train
C:\Capstone\DeepfakeBench\datasets\rgb\FaceForensics++\original_sequences\youtube\c23\frames\657\007.png,657,0,train
C:\Capstone\DeepfakeBench\datasets\rgb\FaceForensics++\original_sequences\youtube\c23\frames\657\008.png,657,0,train
C:\Capstone\DeepfakeBench\datasets\rgb\FaceForensics++\original_sequences\youtube\c23\frames\657\009.png,657,0,train
C:\Capstone\DeepfakeBench\datasets\rgb\FaceForensics++\original_sequences\youtube\c23\frames\657\010.png,657,0,train
C:\Capstone\DeepfakeBench\datasets\rgb\FaceForensics++\original_sequences\youtube\c23\frames\657\011.png,657,0,train
C:\Capstone\DeepfakeBench\datasets\rgb\FaceForensics++\original_sequences\youtube\c23\frames\657\012.png,657,0,train
C:\Capstone\DeepfakeBench\datasets\rgb\FaceForensics++\original_sequences\youtube\c23\frames\657\013.png,657,0,train
C:\Capstone\DeepfakeBench\datasets\rgb\FaceForensics++\original_sequences\youtube\c23\frames\657\014.png,657,0,train
C:\Capstone\DeepfakeBench\datasets\rgb\FaceForensics++\original_sequences\youtube\c23\frames\657\015.png,657,0,train
C:\Capstone\DeepfakeBench\datasets\rgb\FaceForensics++\original_sequences\youtube\c23\frames\657\016.png,657,0,train
C:\Capstone\DeepfakeBench\datasets\rgb\FaceForensics++\original_sequences\youtube\c23\frames\657\017.png,657,0,train
C:\Capstone\DeepfakeBench\datasets\rgb\FaceForensics++\original_sequences\youtube\c23\frames\657\018.png,657,0,train
C:\Capstone\DeepfakeBench\datasets\rgb\FaceForensics++\original_sequences\youtube\c23\frames\657\019.png,657,0,train
C:\Capstone\DeepfakeBench\datasets\rgb\FaceForensics++\original_sequences\youtube\c23\frames\657\020.png,657,0,train
C:\Capstone\DeepfakeBench\datasets\rgb\FaceForensics++\original_sequences\youtube\c23\frames\657\021.png,657,0,train
C:\Capstone\DeepfakeBench\datasets\rgb\FaceForensics++\original_sequences\youtube\c23\frames\657\022.png,657,0,train
C:\Capstone\DeepfakeBench\datasets\rgb\FaceForensics++\original_sequences\youtube\c23\frames\657\023.png,657,0,train
C:\Capstone\DeepfakeBench\datasets\rgb\FaceForensics++\original_sequences\youtube\c23\frames\657\024.png,657,0,train
C:\Capstone\DeepfakeBench\datasets\rgb\FaceForensics++\original_sequences\youtube\c23\frames\657\025.png,657,0,train
C:\Capstone\DeepfakeBench\datasets\rgb\FaceForensics++\original_sequences\youtube\c23\frames\657\026.png,657,0,train
C:\Capstone\DeepfakeBench\datasets\rgb\FaceForensics++\original_sequences\youtube\c23\frames\657\027.png,657,0,train
C:\Capstone\DeepfakeBench\datasets\rgb\FaceForensics++\original_sequences\youtube\c23\frames\657\028.png,657,0,train
C:\Capstone\DeepfakeBench\datasets\rgb\FaceForensics++\original_sequences\youtube\c23\frames\657\029.png,657,0,train
C:\Capstone\DeepfakeBench\datasets\rgb\FaceForensics++\original_sequences\youtube\c23\frames\657\030.png,657,0,train
C:\Capstone\DeepfakeBench\datasets\rgb\FaceForensics++\original_sequences\youtube\c23\frames\657\031.png,657,0,train
C:\Capstone\DeepfakeBench\datasets\rgb\FaceForensics++\original_sequences\youtube\c23\frames\529\000.png,529,0,train
C:\Capstone\DeepfakeBench\datasets\rgb\FaceForensics++\original_sequences\youtube\c23\frames\529\001.png,529,0,train
C:\Capstone\DeepfakeBench\datasets\rgb\FaceForensics++\original_sequences\youtube\c23\frames\529\002.png,529,0,train
C:\Capstone\DeepfakeBench\datasets\rgb\FaceForensics++\original_sequences\youtube\c23\frames\529\003.png,529,0,train
C:\Capstone\DeepfakeBench\datasets\rgb\FaceForensics++\original_sequences\youtube\c23\frames\529\004.png,529,0,train
C:\Capstone\DeepfakeBench\datasets\rgb\FaceForensics++\original_sequences\youtube\c23\frames\529\005.png,529,0,train
C:\Capstone\DeepfakeBench\datasets\rgb\FaceForensics++\original_sequences\youtube\c23\frames\529\006.png,529,0,train
C:\Capstone\DeepfakeBench\datasets\rgb\FaceForensics++\original_sequences\youtube\c23\frames\529\007.png,529,0,train
C:\Capstone\DeepfakeBench\datasets\rgb\FaceForensics++\original_sequences\youtube\c23\frames\529\008.png,529,0,train
C:\Capstone\DeepfakeBench\datasets\rgb\FaceForensics++\original_sequences\youtube\c23\frames\529\009.png,529,0,train
C:\Capstone\DeepfakeBench\datasets\rgb\FaceForensics++\original_sequences\youtube\c23\frames\529\010.png,529,0,train
C:\Capstone\DeepfakeBench\datasets\rgb\FaceForensics++\original_sequences\youtube\c23\frames\529\011.png,529,0,train
C:\Capstone\DeepfakeBench\datasets\rgb\FaceForensics++\original_sequences\youtube\c23\frames\529\012.png,529,0,train
C:\Capstone\DeepfakeBench\datasets\rgb\FaceForensics++\original_sequences\youtube\c23\frames\529\013.png,529,0,train
C:\Capstone\DeepfakeBench\datasets\rgb\FaceForensics++\original_sequences\youtube\c23\frames\529\014.png,529,0,train
C:\Capstone\DeepfakeBench\datasets\rgb\FaceForensics++\original_sequences\youtube\c23\frames\529\015.png,529,0,train
C:\Capstone\DeepfakeBench\datasets\rgb\FaceForensics++\original_sequences\youtube\c23\frames\529\016.png,529,0,train
C:\Capstone\DeepfakeBench\datasets\rgb\FaceForensics++\original_sequences\youtube\c23\frames\529\017.png,529,0,train
C:\Capstone\DeepfakeBench\datasets\rgb\FaceForensics++\original_sequences\youtube\c23\frames\529\018.png,529,0,train
C:\Capstone\DeepfakeBench\datasets\rgb\FaceForensics++\original_sequences\youtube\c23\frames\529\019.png,529,0,train
C:\Capstone\DeepfakeBench\datasets\rgb\FaceForensics++\original_sequences\youtube\c23\frames\529\020.png,529,0,train
C:\Capstone\DeepfakeBench\datasets\rgb\FaceForensics++\original_sequences\youtube\c23\frames\529\021.png,529,0,train
C:\Capstone\DeepfakeBench\datasets\rgb\FaceForensics++\original_sequences\youtube\c23\frames\529\022.png,529,0,train
C:\Capstone\DeepfakeBench\datasets\rgb\FaceForensics++\original_sequences\youtube\c23\frames\529\023.png,529,0,train
C:\Capstone\DeepfakeBench\datasets\rgb\FaceForensics++\original_sequences\youtube\c23\frames\529\024.png,529,0,train
C:\Capstone\DeepfakeBench\datasets\rgb\FaceForensics++\original_sequences\youtube\c23\frames\529\025.png,529,0,train
C:\Capstone\DeepfakeBench\datasets\rgb\FaceForensics++\original_sequences\youtube\c23\frames\529\026.png,529,0,train
C:\Capstone\DeepfakeBench\datasets\rgb\FaceForensics++\original_sequences\youtube\c23\frames\529\027.png,529,0,train
C:\Capstone\DeepfakeBench\datasets\rgb\FaceForensics++\original_sequences\youtube\c23\frames\529\028.png,529,0,train
C:\Capstone\DeepfakeBench\datasets\rgb\FaceForensics++\original_sequences\youtube\c23\frames\529\029.png,529,0,train
C:\Capstone\DeepfakeBench\datasets\rgb\FaceForensics++\original_sequences\youtube\c23\frames\529\030.png,529,0,train
C:\Capstone\DeepfakeBench\datasets\rgb\FaceForensics++\original_sequences\youtube\c23\frames\529\031.png,529,0,train
C:\Capstone\DeepfakeBench\datasets\rgb\FaceForensics++\original_sequences\youtube\c23\frames\942\000.png,942,0,train
C:\Capstone\DeepfakeBench\datasets\rgb\FaceForensics++\original_sequences\youtube\c23\frames\942\001.png,942,0,train
C:\Capstone\DeepfakeBench\datasets\rgb\FaceForensics++\original_sequences\youtube\c23\frames\942\002.png,942,0,train
C:\Capstone\DeepfakeBench\datasets\rgb\FaceForensics++\original_sequences\youtube\c23\frames\942\003.png,942,0,train
C:\Capstone\DeepfakeBench\datasets\rgb\FaceForensics++\original_sequences\youtube\c23\frames\942\004.png,942,0,train
C:\Capstone\DeepfakeBench\datasets\rgb\FaceForensics++\original_sequences\youtube\c23\frames\942\005.png,942,0,train
C:\Capstone\DeepfakeBench\datasets\rgb\FaceForensics++\original_sequences\youtube\c23\frames\942\006.png,942,0,train
C:\Capstone\DeepfakeBench\datasets\rgb\FaceForensics++\original_sequences\youtube\c23\frames\942\007.png,942,0,train
C:\Capstone\DeepfakeBench\datasets\rgb\FaceForensics++\original_sequences\youtube\c23\frames\942\008.png,942,0,train
C:\Capstone\DeepfakeBench\datasets\rgb\FaceForensics++\original_sequences\youtube\c23\frames\942\009.png,942,0,train
C:\Capstone\DeepfakeBench\datasets\rgb\FaceForensics++\original_sequences\youtube\c23\frames\942\010.png,942,0,train
C:\Capstone\DeepfakeBench\datasets\rgb\FaceForensics++\original_sequences\youtube\c23\frames\942\011.png,942,0,train
C:\Capstone\DeepfakeBench\datasets\rgb\FaceForensics++\original_sequences\youtube\c23\frames\942\012.png,942,0,train
C:\Capstone\DeepfakeBench\datasets\rgb\FaceForensics++\original_sequences\youtube\c23\frames\942\013.png,942,0,train
C:\Capstone\DeepfakeBench\datasets\rgb\FaceForensics++\original_sequences\youtube\c23\frames\942\014.png,942,0,train
C:\Capstone\DeepfakeBench\datasets\rgb\FaceForensics++\original_sequences\youtube\c23\frames\942\015.png,942,0,train
C:\Capstone\DeepfakeBench\datasets\rgb\FaceForensics++\original_sequences\youtube\c23\frames\942\016.png,942,0,train
C:\Capstone\DeepfakeBench\datasets\rgb\FaceForensics++\original_sequences\youtube\c23\frames\942\017.png,942,0,train
C:\Capstone\DeepfakeBench\datasets\rgb\FaceForensics++\original_sequences\youtube\c23\frames\942\018.png,942,0,train
C:\Capstone\DeepfakeBench\datasets\rgb\FaceForensics++\original_sequences\youtube\c23\frames\942\019.png,942,0,train
C:\Capstone\DeepfakeBench\datasets\rgb\FaceForensics++\original_sequences\youtube\c23\frames\942\020.png,942,0,train
C:\Capstone\DeepfakeBench\datasets\rgb\FaceForensics++\original_sequences\youtube\c23\frames\942\021.png,942,0,train
C:\Capstone\DeepfakeBench\datasets\rgb\FaceForensics++\original_sequences\youtube\c23\frames\942\022.png,942,0,train
C:\Capstone\DeepfakeBench\datasets\rgb\FaceForensics++\original_sequences\youtube\c23\frames\942\023.png,942,0,train
C:\Capstone\DeepfakeBench\datasets\rgb\FaceForensics++\original_sequences\youtube\c23\frames\942\024.png,942,0,train
C:\Capstone\DeepfakeBench\datasets\rgb\FaceForensics++\original_sequences\youtube\c23\frames\942\025.png,942,0,train
C:\Capstone\DeepfakeBench\datasets\rgb\FaceForensics++\original_sequences\youtube\c23\frames\942\026.png,942,0,train
C:\Capstone\DeepfakeBench\datasets\rgb\FaceForensics++\original_sequences\youtube\c23\frames\942\027.png,942,0,train
C:\Capstone\DeepfakeBench\datasets\rgb\FaceForensics++\original_sequences\youtube\c23\frames\942\028.png,942,0,train
C:\Capstone\DeepfakeBench\datasets\rgb\FaceForensics++\original_sequences\youtube\c23\frames\942\029.png,942,0,train
C:\Capstone\DeepfakeBench\datasets\rgb\FaceForensics++\original_sequences\youtube\c23\frames\942\030.png,942,0,train
C:\Capstone\DeepfakeBench\datasets\rgb\FaceForensics++\original_sequences\youtube\c23\frames\942\031.png,942,0,train
C:\Capstone\DeepfakeBench\datasets\rgb\FaceForensics++\original_sequences\youtube\c23\frames\969\000.png,969,0,train
C:\Capstone\DeepfakeBench\datasets\rgb\FaceForensics++\original_sequences\youtube\c23\frames\969\001.png,969,0,train
C:\Capstone\DeepfakeBench\datasets\rgb\FaceForensics++\original_sequences\youtube\c23\frames\969\002.png,969,0,train
C:\Capstone\DeepfakeBench\datasets\rgb\FaceForensics++\original_sequences\youtube\c23\frames\969\003.png,969,0,train
C:\Capstone\DeepfakeBench\datasets\rgb\FaceForensics++\original_sequences\youtube\c23\frames\969\004.png,969,0,train
C:\Capstone\DeepfakeBench\datasets\rgb\FaceForensics++\original_sequences\youtube\c23\frames\969\005.png,969,0,train
C:\Capstone\DeepfakeBench\datasets\rgb\FaceForensics++\original_sequences\youtube\c23\frames\969\006.png,969,0,train
C:\Capstone\DeepfakeBench\datasets\rgb\FaceForensics++\original_sequences\youtube\c23\frames\969\007.png,969,0,train
C:\Capstone\DeepfakeBench\datasets\rgb\FaceForensics++\original_sequences\youtube\c23\frames\969\008.png,969,0,train
C:\Capstone\DeepfakeBench\datasets\rgb\FaceForensics++\original_sequences\youtube\c23\frames\969\009.png,969,0,train
C:\Capstone\DeepfakeBench\datasets\rgb\FaceForensics++\original_sequences\youtube\c23\frames\969\010.png,969,0,train
C:\Capstone\DeepfakeBench\datasets\rgb\FaceForensics++\original_sequences\youtube\c23\frames\969\011.png,969,0,train
C:\Capstone\DeepfakeBench\datasets\rgb\FaceForensics++\original_sequences\youtube\c23\frames\969\012.png,969,0,train
C:\Capstone\DeepfakeBench\datasets\rgb\FaceForensics++\original_sequences\youtube\c23\frames\969\013.png,969,0,train
C:\Capstone\DeepfakeBench\datasets\rgb\FaceForensics++\original_sequences\youtube\c23\frames\969\014.png,969,0,train
C:\Capstone\DeepfakeBench\datasets\rgb\FaceForensics++\original_sequences\youtube\c23\frames\969\015.png,969,0,train
C:\Capstone\DeepfakeBench\datasets\rgb\FaceForensics++\original_sequences\youtube\c23\frames\969\016.png,969,0,train
C:\Capstone\DeepfakeBench\datasets\rgb\FaceForensics++\original_sequences\youtube\c23\frames\969\017.png,969,0,train
C:\Capstone\DeepfakeBench\datasets\rgb\FaceForensics++\original_sequences\youtube\c23\frames\969\018.png,969,0,train
C:\Capstone\DeepfakeBench\datasets\rgb\FaceForensics++\original_sequences\youtube\c23\frames\969\019.png,969,0,train
C:\Capstone\DeepfakeBench\datasets\rgb\FaceForensics++\original_sequences\youtube\c23\frames\969\020.png,969,0,train
C:\Capstone\DeepfakeBench\datasets\rgb\FaceForensics++\original_sequences\youtube\c23\frames\969\021.png,969,0,train
C:\Capstone\DeepfakeBench\datasets\rgb\FaceForensics++\original_sequences\youtube\c23\frames\969\022.png,969,0,train
C:\Capstone\DeepfakeBench\datasets\rgb\FaceForensics++\original_sequences\youtube\c23\frames\969\023.png,969,0,train
C:\Capstone\DeepfakeBench\datasets\rgb\FaceForensics++\original_sequences\youtube\c23\frames\969\024.png,969,0,train
C:\Capstone\DeepfakeBench\datasets\rgb\FaceForensics++\original_sequences\youtube\c23\frames\969\025.png,969,0,train
C:\Capstone\DeepfakeBench\datasets\rgb\FaceForensics++\original_sequences\youtube\c23\frames\969\026.png,969,0,train
C:\Capstone\DeepfakeBench\datasets\rgb\FaceForensics++\original_sequences\youtube\c23\frames\969\027.png,969,0,train
C:\Capstone\DeepfakeBench\datasets\rgb\FaceForensics++\original_sequences\youtube\c23\frames\969\028.png,969,0,train
C:\Capstone\DeepfakeBench\datasets\rgb\FaceForensics++\original_sequences\youtube\c23\frames\969\029.png,969,0,train
C:\Capstone\DeepfakeBench\datasets\rgb\FaceForensics++\original_sequences\youtube\c23\frames\969\030.png,969,0,train
C:\Capstone\DeepfakeBench\datasets\rgb\FaceForensics++\original_sequences\youtube\c23\frames\969\031.png,969,0,train
C:\Capstone\DeepfakeBench\datasets\rgb\FaceForensics++\original_sequences\youtube\c23\frames\396\000.png,396,0,train
C:\Capstone\DeepfakeBench\datasets\rgb\FaceForensics++\original_sequences\youtube\c23\frames\396\001.png,396,0,train
C:\Capstone\DeepfakeBench\datasets\rgb\FaceForensics++\original_sequences\youtube\c23\frames\396\002.png,396,0,train
C:\Capstone\DeepfakeBench\datasets\rgb\FaceForensics++\original_sequences\youtube\c23\frames\396\003.png,396,0,train
C:\Capstone\DeepfakeBench\datasets\rgb\FaceForensics++\original_sequences\youtube\c23\frames\396\004.png,396,0,train
C:\Capstone\DeepfakeBench\datasets\rgb\FaceForensics++\original_sequences\youtube\c23\frames\396\005.png,396,0,train
C:\Capstone\DeepfakeBench\datasets\rgb\FaceForensics++\original_sequences\youtube\c23\frames\396\006.png,396,0,train
C:\Capstone\DeepfakeBench\datasets\rgb\FaceForensics++\original_sequences\youtube\c23\frames\396\007.png,396,0,train
C:\Capstone\DeepfakeBench\datasets\rgb\FaceForensics++\original_sequences\youtube\c23\frames\396\008.png,396,0,train
C:\Capstone\DeepfakeBench\datasets\rgb\FaceForensics++\original_sequences\youtube\c23\frames\396\009.png,396,0,train
C:\Capstone\DeepfakeBench\datasets\rgb\FaceForensics++\original_sequences\youtube\c23\frames\396\010.png,396,0,train
C:\Capstone\DeepfakeBench\datasets\rgb\FaceForensics++\original_sequences\youtube\c23\frames\396\011.png,396,0,train
C:\Capstone\DeepfakeBench\datasets\rgb\FaceForensics++\original_sequences\youtube\c23\frames\396\012.png,396,0,train
C:\Capstone\DeepfakeBench\datasets\rgb\FaceForensics++\original_sequences\youtube\c23\frames\396\013.png,396,0,train
C:\Capstone\DeepfakeBench\datasets\rgb\FaceForensics++\original_sequences\youtube\c23\frames\396\014.png,396,0,train
C:\Capstone\DeepfakeBench\datasets\rgb\FaceForensics++\original_sequences\youtube\c23\frames\396\015.png,396,0,train
C:\Capstone\DeepfakeBench\datasets\rgb\FaceForensics++\original_sequences\youtube\c23\frames\396\016.png,396,0,train
C:\Capstone\DeepfakeBench\datasets\rgb\FaceForensics++\original_sequences\youtube\c23\frames\396\017.png,396,0,train
C:\Capstone\DeepfakeBench\datasets\rgb\FaceForensics++\original_sequences\youtube\c23\frames\396\018.png,396,0,train
C:\Capstone\DeepfakeBench\datasets\rgb\FaceForensics++\original_sequences\youtube\c23\frames\396\019.png,396,0,train
C:\Capstone\DeepfakeBench\datasets\rgb\FaceForensics++\original_sequences\youtube\c23\frames\396\020.png,396,0,train
C:\Capstone\DeepfakeBench\datasets\rgb\FaceForensics++\original_sequences\youtube\c23\frames\396\021.png,396,0,train
C:\Capstone\DeepfakeBench\datasets\rgb\FaceForensics++\original_sequences\youtube\c23\frames\396\022.png,396,0,train
C:\Capstone\DeepfakeBench\datasets\rgb\FaceForensics++\original_sequences\youtube\c23\frames\396\023.png,396,0,train
C:\Capstone\DeepfakeBench\datasets\rgb\FaceForensics++\original_sequences\youtube\c23\frames\396\024.png,396,0,train
C:\Capstone\DeepfakeBench\datasets\rgb\FaceForensics++\original_sequences\youtube\c23\frames\396\025.png,396,0,train
C:\Capstone\DeepfakeBench\datasets\rgb\FaceForensics++\original_sequences\youtube\c23\frames\396\026.png,396,0,train
C:\Capstone\DeepfakeBench\datasets\rgb\FaceForensics++\original_sequences\youtube\c23\frames\396\027.png,396,0,train
C:\Capstone\DeepfakeBench\datasets\rgb\FaceForensics++\original_sequences\youtube\c23\frames\396\028.png,396,0,train
C:\Capstone\DeepfakeBench\datasets\rgb\FaceForensics++\original_sequences\youtube\c23\frames\396\029.png,396,0,train
C:\Capstone\DeepfakeBench\datasets\rgb\FaceForensics++\original_sequences\youtube\c23\frames\396\030.png,396,0,train
C:\Capstone\DeepfakeBench\datasets\rgb\FaceForensics++\original_sequences\youtube\c23\frames\396\031.png,396,0,train
C:\Capstone\DeepfakeBench\datasets\rgb\FaceForensics++\original_sequences\youtube\c23\frames\953\000.png,953,0,train
C:\Capstone\DeepfakeBench\datasets\rgb\FaceForensics++\original_sequences\youtube\c23\frames\953\001.png,953,0,train
C:\Capstone\DeepfakeBench\datasets\rgb\FaceForensics++\original_sequences\youtube\c23\frames\953\002.png,953,0,train
C:\Capstone\DeepfakeBench\datasets\rgb\FaceForensics++\original_sequences\youtube\c23\frames\953\003.png,953,0,train
C:\Capstone\DeepfakeBench\datasets\rgb\FaceForensics++\original_sequences\youtube\c23\frames\953\004.png,953,0,train
C:\Capstone\DeepfakeBench\datasets\rgb\FaceForensics++\original_sequences\youtube\c23\frames\953\005.png,953,0,train
C:\Capstone\DeepfakeBench\datasets\rgb\FaceForensics++\original_sequences\youtube\c23\frames\953\006.png,953,0,train
C:\Capstone\DeepfakeBench\datasets\rgb\FaceForensics++\original_sequences\youtube\c23\frames\953\007.png,953,0,train
C:\Capstone\DeepfakeBench\datasets\rgb\FaceForensics++\original_sequences\youtube\c23\frames\953\008.png,953,0,train
C:\Capstone\DeepfakeBench\datasets\rgb\FaceForensics++\original_sequences\youtube\c23\frames\953\009.png,953,0,train
C:\Capstone\DeepfakeBench\datasets\rgb\FaceForensics++\original_sequences\youtube\c23\frames\953\010.png,953,0,train
C:\Capstone\DeepfakeBench\datasets\rgb\FaceForensics++\original_sequences\youtube\c23\frames\953\011.png,953,0,train
C:\Capstone\DeepfakeBench\datasets\rgb\FaceForensics++\original_sequences\youtube\c23\frames\953\012.png,953,0,train
C:\Capstone\DeepfakeBench\datasets\rgb\FaceForensics++\original_sequences\youtube\c23\frames\953\013.png,953,0,train
C:\Capstone\DeepfakeBench\datasets\rgb\FaceForensics++\original_sequences\youtube\c23\frames\953\014.png,953,0,train
C:\Capstone\DeepfakeBench\datasets\rgb\FaceForensics++\original_sequences\youtube\c23\frames\953\015.png,953,0,train
C:\Capstone\DeepfakeBench\datasets\rgb\FaceForensics++\original_sequences\youtube\c23\frames\953\016.png,953,0,train
C:\Capstone\DeepfakeBench\datasets\rgb\FaceForensics++\original_sequences\youtube\c23\frames\953\017.png,953,0,train
C:\Capstone\DeepfakeBench\datasets\rgb\FaceForensics++\original_sequences\youtube\c23\frames\953\018.png,953,0,train
C:\Capstone\DeepfakeBench\datasets\rgb\FaceForensics++\original_sequences\youtube\c23\frames\953\019.png,953,0,train
C:\Capstone\DeepfakeBench\datasets\rgb\FaceForensics++\original_sequences\youtube\c23\frames\953\020.png,953,0,train
C:\Capstone\DeepfakeBench\datasets\rgb\FaceForensics++\original_sequences\youtube\c23\frames\953\021.png,953,0,train
C:\Capstone\DeepfakeBench\datasets\rgb\FaceForensics++\original_sequences\youtube\c23\frames\953\022.png,953,0,train
C:\Capstone\DeepfakeBench\datasets\rgb\FaceForensics++\original_sequences\youtube\c23\frames\953\023.png,953,0,train
C:\Capstone\DeepfakeBench\datasets\rgb\FaceForensics++\original_sequences\youtube\c23\frames\953\024.png,953,0,train
C:\Capstone\DeepfakeBench\datasets\rgb\FaceForensics++\original_sequences\youtube\c23\frames\953\025.png,953,0,train
C:\Capstone\DeepfakeBench\datasets\rgb\FaceForensics++\original_sequences\youtube\c23\frames\953\026.png,953,0,train
C:\Capstone\DeepfakeBench\datasets\rgb\FaceForensics++\original_sequences\youtube\c23\frames\953\027.png,953,0,train
C:\Capstone\DeepfakeBench\datasets\rgb\FaceForensics++\original_sequences\youtube\c23\frames\953\028.png,953,0,train
C:\Capstone\DeepfakeBench\datasets\rgb\FaceForensics++\original_sequences\youtube\c23\frames\953\029.png,953,0,train
C:\Capstone\DeepfakeBench\datasets\rgb\FaceForensics++\original_sequences\youtube\c23\frames\953\030.png,953,0,train
C:\Capstone\DeepfakeBench\datasets\rgb\FaceForensics++\original_sequences\youtube\c23\frames\953\031.png,953,0,train
C:\Capstone\DeepfakeBench\datasets\rgb\FaceForensics++\manipulated_sequences\Deepfakes\c23\frames\159_175\000.png,159_175,1,train
C:\Capstone\DeepfakeBench\datasets\rgb\FaceForensics++\manipulated_sequences\Deepfakes\c23\frames\159_175\001.png,159_175,1,train
C:\Capstone\DeepfakeBench\datasets\rgb\FaceForensics++\manipulated_sequences\Deepfakes\c23\frames\159_175\002.png,159_175,1,train
C:\Capstone\DeepfakeBench\datasets\rgb\FaceForensics++\manipulated_sequences\Deepfakes\c23\frames\159_175\003.png,159_175,1,train
C:\Capstone\DeepfakeBench\datasets\rgb\FaceForensics++\manipulated_sequences\Deepfakes\c23\frames\159_175\004.png,159_175,1,train
C:\Capstone\DeepfakeBench\datasets\rgb\FaceForensics++\manipulated_sequences\Deepfakes\c23\frames\159_175\005.png,159_175,1,train
C:\Capstone\DeepfakeBench\datasets\rgb\FaceForensics++\manipulated_sequences\Deepfakes\c23\frames\159_175\006.png,159_175,1,train
C:\Capstone\DeepfakeBench\datasets\rgb\FaceForensics++\manipulated_sequences\Deepfakes\c23\frames\159_175\007.png,159_175,1,train
C:\Capstone\DeepfakeBench\datasets\rgb\FaceForensics++\manipulated_sequences\Deepfakes\c23\frames\159_175\008.png,159_175,1,train
C:\Capstone\DeepfakeBench\datasets\rgb\FaceForensics++\manipulated_sequences\Deepfakes\c23\frames\159_175\009.png,159_175,1,train
C:\Capstone\DeepfakeBench\datasets\rgb\FaceForensics++\manipulated_sequences\Deepfakes\c23\frames\159_175\010.png,159_175,1,train
C:\Capstone\DeepfakeBench\datasets\rgb\FaceForensics++\manipulated_sequences\Deepfakes\c23\frames\159_175\011.png,159_175,1,train
C:\Capstone\DeepfakeBench\datasets\rgb\FaceForensics++\manipulated_sequences\Deepfakes\c23\frames\159_175\012.png,159_175,1,train
C:\Capstone\DeepfakeBench\datasets\rgb\FaceForensics++\manipulated_sequences\Deepfakes\c23\frames\159_175\013.png,159_175,1,train
C:\Capstone\DeepfakeBench\datasets\rgb\FaceForensics++\manipulated_sequences\Deepfakes\c23\frames\159_175\014.png,159_175,1,train
C:\Capstone\DeepfakeBench\datasets\rgb\FaceForensics++\manipulated_sequences\Deepfakes\c23\frames\159_175\015.png,159_175,1,train
C:\Capstone\DeepfakeBench\datasets\rgb\FaceForensics++\manipulated_sequences\Deepfakes\c23\frames\159_175\016.png,159_175,1,train
C:\Capstone\DeepfakeBench\datasets\rgb\FaceForensics++\manipulated_sequences\Deepfakes\c23\frames\159_175\017.png,159_175,1,train
C:\Capstone\DeepfakeBench\datasets\rgb\FaceForensics++\manipulated_sequences\Deepfakes\c23\frames\159_175\018.png,159_175,1,train
C:\Capstone\DeepfakeBench\datasets\rgb\FaceForensics++\manipulated_sequences\Deepfakes\c23\frames\159_175\019.png,159_175,1,train
C:\Capstone\DeepfakeBench\datasets\rgb\FaceForensics++\manipulated_sequences\Deepfakes\c23\frames\159_175\020.png,159_175,1,train
C:\Capstone\DeepfakeBench\datasets\rgb\FaceForensics++\manipulated_sequences\Deepfakes\c23\frames\159_175\021.png,159_175,1,train
C:\Capstone\DeepfakeBench\datasets\rgb\FaceForensics++\manipulated_sequences\Deepfakes\c23\frames\159_175\022.png,159_175,1,train
C:\Capstone\DeepfakeBench\datasets\rgb\FaceForensics++\manipulated_sequences\Deepfakes\c23\frames\159_175\023.png,159_175,1,train
C:\Capstone\DeepfakeBench\datasets\rgb\FaceForensics++\manipulated_sequences\Deepfakes\c23\frames\159_175\024.png,159_175,1,train
C:\Capstone\DeepfakeBench\datasets\rgb\FaceForensics++\manipulated_sequences\Deepfakes\c23\frames\159_175\025.png,159_175,1,train
C:\Capstone\DeepfakeBench\datasets\rgb\FaceForensics++\manipulated_sequences\Deepfakes\c23\frames\159_175\026.png,159_175,1,train
C:\Capstone\DeepfakeBench\datasets\rgb\FaceForensics++\manipulated_sequences\Deepfakes\c23\frames\159_175\027.png,159_175,1,train
C:\Capstone\DeepfakeBench\datasets\rgb\FaceForensics++\manipulated_sequences\Deepfakes\c23\frames\159_175\028.png,159_175,1,train
C:\Capstone\DeepfakeBench\datasets\rgb\FaceForensics++\manipulated_sequences\Deepfakes\c23\frames\159_175\029.png,159_175,1,train
C:\Capstone\DeepfakeBench\datasets\rgb\FaceForensics++\manipulated_sequences\Deepfakes\c23\frames\159_175\030.png,159_175,1,train
C:\Capstone\DeepfakeBench\datasets\rgb\FaceForensics++\manipulated_sequences\Deepfakes\c23\frames\159_175\031.png,159_175,1,train
C:\Capstone\DeepfakeBench\datasets\rgb\FaceForensics++\manipulated_sequences\Deepfakes\c23\frames\994_986\000.png,994_986,1,train
C:\Capstone\DeepfakeBench\datasets\rgb\FaceForensics++\manipulated_sequences\Deepfakes\c23\frames\994_986\001.png,994_986,1,train
C:\Capstone\DeepfakeBench\datasets\rgb\FaceForensics++\manipulated_sequences\Deepfakes\c23\frames\994_986\002.png,994_986,1,train
C:\Capstone\DeepfakeBench\datasets\rgb\FaceForensics++\manipulated_sequences\Deepfakes\c23\frames\994_986\003.png,994_986,1,train
C:\Capstone\DeepfakeBench\datasets\rgb\FaceForensics++\manipulated_sequences\Deepfakes\c23\frames\994_986\004.png,994_986,1,train
C:\Capstone\DeepfakeBench\datasets\rgb\FaceForensics++\manipulated_sequences\Deepfakes\c23\frames\994_986\005.png,994_986,1,train
C:\Capstone\DeepfakeBench\datasets\rgb\FaceForensics++\manipulated_sequences\Deepfakes\c23\frames\994_986\006.png,994_986,1,train
C:\Capstone\DeepfakeBench\datasets\rgb\FaceForensics++\manipulated_sequences\Deepfakes\c23\frames\994_986\007.png,994_986,1,train
C:\Capstone\DeepfakeBench\datasets\rgb\FaceForensics++\manipulated_sequences\Deepfakes\c23\frames\994_986\008.png,994_986,1,train
C:\Capstone\DeepfakeBench\datasets\rgb\FaceForensics++\manipulated_sequences\Deepfakes\c23\frames\994_986\009.png,994_986,1,train
C:\Capstone\DeepfakeBench\datasets\rgb\FaceForensics++\manipulated_sequences\Deepfakes\c23\frames\994_986\010.png,994_986,1,train
C:\Capstone\DeepfakeBench\datasets\rgb\FaceForensics++\manipulated_sequences\Deepfakes\c23\frames\994_986\011.png,994_986,1,train
C:\Capstone\DeepfakeBench\datasets\rgb\FaceForensics++\manipulated_sequences\Deepfakes\c23\frames\994_986\012.png,994_986,1,train
C:\Capstone\DeepfakeBench\datasets\rgb\FaceForensics++\manipulated_sequences\Deepfakes\c23\frames\994_986\013.png,994_986,1,train
C:\Capstone\DeepfakeBench\datasets\rgb\FaceForensics++\manipulated_sequences\Deepfakes\c23\frames\994_986\014.png,994_986,1,train
C:\Capstone\DeepfakeBench\datasets\rgb\FaceForensics++\manipulated_sequences\Deepfakes\c23\frames\994_986\015.png,994_986,1,train
C:\Capstone\DeepfakeBench\datasets\rgb\FaceForensics++\manipulated_sequences\Deepfakes\c23\frames\994_986\016.png,994_986,1,train
C:\Capstone\DeepfakeBench\datasets\rgb\FaceForensics++\manipulated_sequences\Deepfakes\c23\frames\994_986\017.png,994_986,1,train
C:\Capstone\DeepfakeBench\datasets\rgb\FaceForensics++\manipulated_sequences\Deepfakes\c23\frames\994_986\018.png,994_986,1,train
C:\Capstone\DeepfakeBench\datasets\rgb\FaceForensics++\manipulated_sequences\Deepfakes\c23\frames\994_986\019.png,994_986,1,train
C:\Capstone\DeepfakeBench\datasets\rgb\FaceForensics++\manipulated_sequences\Deepfakes\c23\frames\994_986\020.png,994_986,1,train
C:\Capstone\DeepfakeBench\datasets\rgb\FaceForensics++\manipulated_sequences\Deepfakes\c23\frames\994_986\021.png,994_986,1,train
C:\Capstone\DeepfakeBench\datasets\rgb\FaceForensics++\manipulated_sequences\Deepfakes\c23\frames\994_986\022.png,994_986,1,train
C:\Capstone\DeepfakeBench\datasets\rgb\FaceForensics++\manipulated_sequences\Deepfakes\c23\frames\994_986\023.png,994_986,1,train
C:\Capstone\DeepfakeBench\datasets\rgb\FaceForensics++\manipulated_sequences\Deepfakes\c23\frames\994_986\024.png,994_986,1,train
C:\Capstone\DeepfakeBench\datasets\rgb\FaceForensics++\manipulated_sequences\Deepfakes\c23\frames\994_986\025.png,994_986,1,train
C:\Capstone\DeepfakeBench\datasets\rgb\FaceForensics++\manipulated_sequences\Deepfakes\c23\frames\994_986\026.png,994_986,1,train
C:\Capstone\DeepfakeBench\datasets\rgb\FaceForensics++\manipulated_sequences\Deepfakes\c23\frames\994_986\027.png,994_986,1,train
C:\Capstone\DeepfakeBench\datasets\rgb\FaceForensics++\manipulated_sequences\Deepfakes\c23\frames\994_986\028.png,994_986,1,train
C:\Capstone\DeepfakeBench\datasets\rgb\FaceForensics++\manipulated_sequences\Deepfakes\c23\frames\994_986\029.png,994_986,1,train
C:\Capstone\DeepfakeBench\datasets\rgb\FaceForensics++\manipulated_sequences\Deepfakes\c23\frames\994_986\030.png,994_986,1,train
C:\Capstone\DeepfakeBench\datasets\rgb\FaceForensics++\manipulated_sequences\Deepfakes\c23\frames\994_986\031.png,994_986,1,train
C:\Capstone\DeepfakeBench\datasets\rgb\FaceForensics++\manipulated_sequences\Deepfakes\c23\frames\572_554\000.png,572_554,1,train
C:\Capstone\DeepfakeBench\datasets\rgb\FaceForensics++\manipulated_sequences\Deepfakes\c23\frames\572_554\001.png,572_554,1,train
C:\Capstone\DeepfakeBench\datasets\rgb\FaceForensics++\manipulated_sequences\Deepfakes\c23\frames\572_554\002.png,572_554,1,train
C:\Capstone\DeepfakeBench\datasets\rgb\FaceForensics++\manipulated_sequences\Deepfakes\c23\frames\572_554\003.png,572_554,1,train
C:\Capstone\DeepfakeBench\datasets\rgb\FaceForensics++\manipulated_sequences\Deepfakes\c23\frames\572_554\004.png,572_554,1,train
C:\Capstone\DeepfakeBench\datasets\rgb\FaceForensics++\manipulated_sequences\Deepfakes\c23\frames\572_554\005.png,572_554,1,train
C:\Capstone\DeepfakeBench\datasets\rgb\FaceForensics++\manipulated_sequences\Deepfakes\c23\frames\572_554\006.png,572_554,1,train
C:\Capstone\DeepfakeBench\datasets\rgb\FaceForensics++\manipulated_sequences\Deepfakes\c23\frames\572_554\007.png,572_554,1,train
C:\Capstone\DeepfakeBench\datasets\rgb\FaceForensics++\manipulated_sequences\Deepfakes\c23\frames\572_554\008.png,572_554,1,train
C:\Capstone\DeepfakeBench\datasets\rgb\FaceForensics++\manipulated_sequences\Deepfakes\c23\frames\572_554\009.png,572_554,1,train
C:\Capstone\DeepfakeBench\datasets\rgb\FaceForensics++\manipulated_sequences\Deepfakes\c23\frames\572_554\010.png,572_554,1,train
C:\Capstone\DeepfakeBench\datasets\rgb\FaceForensics++\manipulated_sequences\Deepfakes\c23\frames\572_554\011.png,572_554,1,train
C:\Capstone\DeepfakeBench\datasets\rgb\FaceForensics++\manipulated_sequences\Deepfakes\c23\frames\572_554\012.png,572_554,1,train
C:\Capstone\DeepfakeBench\datasets\rgb\FaceForensics++\manipulated_sequences\Deepfakes\c23\frames\572_554\013.png,572_554,1,train
C:\Capstone\DeepfakeBench\datasets\rgb\FaceForensics++\manipulated_sequences\Deepfakes\c23\frames\572_554\014.png,572_554,1,train
C:\Capstone\DeepfakeBench\datasets\rgb\FaceForensics++\manipulated_sequences\Deepfakes\c23\frames\572_554\015.png,572_554,1,train
C:\Capstone\DeepfakeBench\datasets\rgb\FaceForensics++\manipulated_sequences\Deepfakes\c23\frames\572_554\016.png,572_554,1,train
C:\Capstone\DeepfakeBench\datasets\rgb\FaceForensics++\manipulated_sequences\Deepfakes\c23\frames\572_554\017.png,572_554,1,train
C:\Capstone\DeepfakeBench\datasets\rgb\FaceForensics++\manipulated_sequences\Deepfakes\c23\frames\572_554\018.png,572_554,1,train
C:\Capstone\DeepfakeBench\datasets\rgb\FaceForensics++\manipulated_sequences\Deepfakes\c23\frames\572_554\019.png,572_554,1,train
C:\Capstone\DeepfakeBench\datasets\rgb\FaceForensics++\manipulated_sequences\Deepfakes\c23\frames\572_554\020.png,572_554,1,train
C:\Capstone\DeepfakeBench\datasets\rgb\FaceForensics++\manipulated_sequences\Deepfakes\c23\frames\572_554\021.png,572_554,1,train
C:\Capstone\DeepfakeBench\datasets\rgb\FaceForensics++\manipulated_sequences\Deepfakes\c23\frames\572_554\022.png,572_554,1,train
C:\Capstone\DeepfakeBench\datasets\rgb\FaceForensics++\manipulated_sequences\Deepfakes\c23\frames\572_554\023.png,572_554,1,train
C:\Capstone\DeepfakeBench\datasets\rgb\FaceForensics++\manipulated_sequences\Deepfakes\c23\frames\572_554\024.png,572_554,1,train
C:\Capstone\DeepfakeBench\datasets\rgb\FaceForensics++\manipulated_sequences\Deepfakes\c23\frames\572_554\025.png,572_554,1,train
C:\Capstone\DeepfakeBench\datasets\rgb\FaceForensics++\manipulated_sequences\Deepfakes\c23\frames\572_554\026.png,572_554,1,train
C:\Capstone\DeepfakeBench\datasets\rgb\FaceForensics++\manipulated_sequences\Deepfakes\c23\frames\572_554\027.png,572_554,1,train
C:\Capstone\DeepfakeBench\datasets\rgb\FaceForensics++\manipulated_sequences\Deepfakes\c23\frames\572_554\028.png,572_554,1,train
C:\Capstone\DeepfakeBench\datasets\rgb\FaceForensics++\manipulated_sequences\Deepfakes\c23\frames\572_554\029.png,572_554,1,train
C:\Capstone\DeepfakeBench\datasets\rgb\FaceForensics++\manipulated_sequences\Deepfakes\c23\frames\572_554\030.png,572_554,1,train
C:\Capstone\DeepfakeBench\datasets\rgb\FaceForensics++\manipulated_sequences\Deepfakes\c23\frames\572_554\031.png,572_554,1,train
C:\Capstone\DeepfakeBench\datasets\rgb\FaceForensics++\original_sequences\youtube\c23\frames\241\000.png,241,0,train
C:\Capstone\DeepfakeBench\datasets\rgb\FaceForensics++\original_sequences\youtube\c23\frames\241\001.png,241,0,train
C:\Capstone\DeepfakeBench\datasets\rgb\FaceForensics++\original_sequences\youtube\c23\frames\241\002.png,241,0,train
C:\Capstone\DeepfakeBench\datasets\rgb\FaceForensics++\original_sequences\youtube\c23\frames\241\003.png,241,0,train
C:\Capstone\DeepfakeBench\datasets\rgb\FaceForensics++\original_sequences\youtube\c23\frames\241\004.png,241,0,train
C:\Capstone\DeepfakeBench\datasets\rgb\FaceForensics++\original_sequences\youtube\c23\frames\241\005.png,241,0,train
C:\Capstone\DeepfakeBench\datasets\rgb\FaceForensics++\original_sequences\youtube\c23\frames\241\006.png,241,0,train
C:\Capstone\DeepfakeBench\datasets\rgb\FaceForensics++\original_sequences\youtube\c23\frames\241\007.png,241,0,train
C:\Capstone\DeepfakeBench\datasets\rgb\FaceForensics++\original_sequences\youtube\c23\frames\241\008.png,241,0,train
C:\Capstone\DeepfakeBench\datasets\rgb\FaceForensics++\original_sequences\youtube\c23\frames\241\009.png,241,0,train
C:\Capstone\DeepfakeBench\datasets\rgb\FaceForensics++\original_sequences\youtube\c23\frames\241\010.png,241,0,train
C:\Capstone\DeepfakeBench\datasets\rgb\FaceForensics++\original_sequences\youtube\c23\frames\241\011.png,241,0,train
C:\Capstone\DeepfakeBench\datasets\rgb\FaceForensics++\original_sequences\youtube\c23\frames\241\012.png,241,0,train
C:\Capstone\DeepfakeBench\datasets\rgb\FaceForensics++\original_sequences\youtube\c23\frames\241\013.png,241,0,train
C:\Capstone\DeepfakeBench\datasets\rgb\FaceForensics++\original_sequences\youtube\c23\frames\241\014.png,241,0,train
C:\Capstone\DeepfakeBench\datasets\rgb\FaceForensics++\original_sequences\youtube\c23\frames\241\015.png,241,0,train
C:\Capstone\DeepfakeBench\datasets\rgb\FaceForensics++\original_sequences\youtube\c23\frames\241\016.png,241,0,train
C:\Capstone\DeepfakeBench\datasets\rgb\FaceForensics++\original_sequences\youtube\c23\frames\241\017.png,241,0,train
C:\Capstone\DeepfakeBench\datasets\rgb\FaceForensics++\original_sequences\youtube\c23\frames\241\018.png,241,0,train
C:\Capstone\DeepfakeBench\datasets\rgb\FaceForensics++\original_sequences\youtube\c23\frames\241\019.png,241,0,train
C:\Capstone\DeepfakeBench\datasets\rgb\FaceForensics++\original_sequences\youtube\c23\frames\241\020.png,241,0,train
C:\Capstone\DeepfakeBench\datasets\rgb\FaceForensics++\original_sequences\youtube\c23\frames\241\021.png,241,0,train
C:\Capstone\DeepfakeBench\datasets\rgb\FaceForensics++\original_sequences\youtube\c23\frames\241\022.png,241,0,train
C:\Capstone\DeepfakeBench\datasets\rgb\FaceForensics++\original_sequences\youtube\c23\frames\241\023.png,241,0,train
C:\Capstone\DeepfakeBench\datasets\rgb\FaceForensics++\original_sequences\youtube\c23\frames\241\024.png,241,0,train
C:\Capstone\DeepfakeBench\datasets\rgb\FaceForensics++\original_sequences\youtube\c23\frames\241\025.png,241,0,train
C:\Capstone\DeepfakeBench\datasets\rgb\FaceForensics++\original_sequences\youtube\c23\frames\241\026.png,241,0,train
C:\Capstone\DeepfakeBench\datasets\rgb\FaceForensics++\original_sequences\youtube\c23\frames\241\027.png,241,0,train
C:\Capstone\DeepfakeBench\datasets\rgb\FaceForensics++\original_sequences\youtube\c23\frames\241\028.png,241,0,train
C:\Capstone\DeepfakeBench\datasets\rgb\FaceForensics++\original_sequences\youtube\c23\frames\241\029.png,241,0,train
C:\Capstone\DeepfakeBench\datasets\rgb\FaceForensics++\original_sequences\youtube\c23\frames\241\030.png,241,0,train
C:\Capstone\DeepfakeBench\datasets\rgb\FaceForensics++\original_sequences\youtube\c23\frames\241\031.png,241,0,train
C:\Capstone\DeepfakeBench\datasets\rgb\FaceForensics++\manipulated_sequences\Deepfakes\c23\frames\830_828\000.png,830_828,1,train
C:\Capstone\DeepfakeBench\datasets\rgb\FaceForensics++\manipulated_sequences\Deepfakes\c23\frames\830_828\001.png,830_828,1,train
C:\Capstone\DeepfakeBench\datasets\rgb\FaceForensics++\manipulated_sequences\Deepfakes\c23\frames\830_828\002.png,830_828,1,train
C:\Capstone\DeepfakeBench\datasets\rgb\FaceForensics++\manipulated_sequences\Deepfakes\c23\frames\830_828\003.png,830_828,1,train
C:\Capstone\DeepfakeBench\datasets\rgb\FaceForensics++\manipulated_sequences\Deepfakes\c23\frames\830_828\004.png,830_828,1,train
C:\Capstone\DeepfakeBench\datasets\rgb\FaceForensics++\manipulated_sequences\Deepfakes\c23\frames\830_828\005.png,830_828,1,train
C:\Capstone\DeepfakeBench\datasets\rgb\FaceForensics++\manipulated_sequences\Deepfakes\c23\frames\830_828\006.png,830_828,1,train
C:\Capstone\DeepfakeBench\datasets\rgb\FaceForensics++\manipulated_sequences\Deepfakes\c23\frames\830_828\007.png,830_828,1,train
C:\Capstone\DeepfakeBench\datasets\rgb\FaceForensics++\manipulated_sequences\Deepfakes\c23\frames\830_828\008.png,830_828,1,train
C:\Capstone\DeepfakeBench\datasets\rgb\FaceForensics++\manipulated_sequences\Deepfakes\c23\frames\830_828\009.png,830_828,1,train
C:\Capstone\DeepfakeBench\datasets\rgb\FaceForensics++\manipulated_sequences\Deepfakes\c23\frames\830_828\010.png,830_828,1,train
C:\Capstone\DeepfakeBench\datasets\rgb\FaceForensics++\manipulated_sequences\Deepfakes\c23\frames\830_828\011.png,830_828,1,train
C:\Capstone\DeepfakeBench\datasets\rgb\FaceForensics++\manipulated_sequences\Deepfakes\c23\frames\830_828\012.png,830_828,1,train
C:\Capstone\DeepfakeBench\datasets\rgb\FaceForensics++\manipulated_sequences\Deepfakes\c23\frames\830_828\013.png,830_828,1,train
C:\Capstone\DeepfakeBench\datasets\rgb\FaceForensics++\manipulated_sequences\Deepfakes\c23\frames\830_828\014.png,830_828,1,train
C:\Capstone\DeepfakeBench\datasets\rgb\FaceForensics++\manipulated_sequences\Deepfakes\c23\frames\830_828\015.png,830_828,1,train
C:\Capstone\DeepfakeBench\datasets\rgb\FaceForensics++\manipulated_sequences\Deepfakes\c23\frames\830_828\016.png,830_828,1,train
C:\Capstone\DeepfakeBench\datasets\rgb\FaceForensics++\manipulated_sequences\Deepfakes\c23\frames\830_828\017.png,830_828,1,train
C:\Capstone\DeepfakeBench\datasets\rgb\FaceForensics++\manipulated_sequences\Deepfakes\c23\frames\830_828\018.png,830_828,1,train
C:\Capstone\DeepfakeBench\datasets\rgb\FaceForensics++\manipulated_sequences\Deepfakes\c23\frames\830_828\019.png,830_828,1,train
C:\Capstone\DeepfakeBench\datasets\rgb\FaceForensics++\manipulated_sequences\Deepfakes\c23\frames\830_828\020.png,830_828,1,train
C:\Capstone\DeepfakeBench\datasets\rgb\FaceForensics++\manipulated_sequences\Deepfakes\c23\frames\830_828\021.png,830_828,1,train
C:\Capstone\DeepfakeBench\datasets\rgb\FaceForensics++\manipulated_sequences\Deepfakes\c23\frames\830_828\022.png,830_828,1,train
C:\Capstone\DeepfakeBench\datasets\rgb\FaceForensics++\manipulated_sequences\Deepfakes\c23\frames\830_828\023.png,830_828,1,train
C:\Capstone\DeepfakeBench\datasets\rgb\FaceForensics++\manipulated_sequences\Deepfakes\c23\frames\830_828\024.png,830_828,1,train
C:\Capstone\DeepfakeBench\datasets\rgb\FaceForensics++\manipulated_sequences\Deepfakes\c23\frames\830_828\025.png,830_828,1,train
C:\Capstone\DeepfakeBench\datasets\rgb\FaceForensics++\manipulated_sequences\Deepfakes\c23\frames\830_828\026.png,830_828,1,train
C:\Capstone\DeepfakeBench\datasets\rgb\FaceForensics++\manipulated_sequences\Deepfakes\c23\frames\830_828\027.png,830_828,1,train
C:\Capstone\DeepfakeBench\datasets\rgb\FaceForensics++\manipulated_sequences\Deepfakes\c23\frames\830_828\028.png,830_828,1,train
C:\Capstone\DeepfakeBench\datasets\rgb\FaceForensics++\manipulated_sequences\Deepfakes\c23\frames\830_828\029.png,830_828,1,train
C:\Capstone\DeepfakeBench\datasets\rgb\FaceForensics++\manipulated_sequences\Deepfakes\c23\frames\830_828\030.png,830_828,1,train
C:\Capstone\DeepfakeBench\datasets\rgb\FaceForensics++\manipulated_sequences\Deepfakes\c23\frames\830_828\031.png,830_828,1,train
C:\Capstone\DeepfakeBench\datasets\rgb\FaceForensics++\manipulated_sequences\Deepfakes\c23\frames\439_441\000.png,439_441,1,train
C:\Capstone\DeepfakeBench\datasets\rgb\FaceForensics++\manipulated_sequences\Deepfakes\c23\frames\439_441\001.png,439_441,1,train
C:\Capstone\DeepfakeBench\datasets\rgb\FaceForensics++\manipulated_sequences\Deepfakes\c23\frames\439_441\002.png,439_441,1,train
C:\Capstone\DeepfakeBench\datasets\rgb\FaceForensics++\manipulated_sequences\Deepfakes\c23\frames\439_441\003.png,439_441,1,train
C:\Capstone\DeepfakeBench\datasets\rgb\FaceForensics++\manipulated_sequences\Deepfakes\c23\frames\439_441\004.png,439_441,1,train
C:\Capstone\DeepfakeBench\datasets\rgb\FaceForensics++\manipulated_sequences\Deepfakes\c23\frames\439_441\005.png,439_441,1,train
C:\Capstone\DeepfakeBench\datasets\rgb\FaceForensics++\manipulated_sequences\Deepfakes\c23\frames\439_441\006.png,439_441,1,train
C:\Capstone\DeepfakeBench\datasets\rgb\FaceForensics++\manipulated_sequences\Deepfakes\c23\frames\439_441\007.png,439_441,1,train
C:\Capstone\DeepfakeBench\datasets\rgb\FaceForensics++\manipulated_sequences\Deepfakes\c23\frames\439_441\008.png,439_441,1,train
C:\Capstone\DeepfakeBench\datasets\rgb\FaceForensics++\manipulated_sequences\Deepfakes\c23\frames\439_441\009.png,439_441,1,train
C:\Capstone\DeepfakeBench\datasets\rgb\FaceForensics++\manipulated_sequences\Deepfakes\c23\frames\439_441\010.png,439_441,1,train
C:\Capstone\DeepfakeBench\datasets\rgb\FaceForensics++\manipulated_sequences\Deepfakes\c23\frames\439_441\011.png,439_441,1,train
C:\Capstone\DeepfakeBench\datasets\rgb\FaceForensics++\manipulated_sequences\Deepfakes\c23\frames\439_441\012.png,439_441,1,train
C:\Capstone\DeepfakeBench\datasets\rgb\FaceForensics++\manipulated_sequences\Deepfakes\c23\frames\439_441\013.png,439_441,1,train
C:\Capstone\DeepfakeBench\datasets\rgb\FaceForensics++\manipulated_sequences\Deepfakes\c23\frames\439_441\014.png,439_441,1,train
C:\Capstone\DeepfakeBench\datasets\rgb\FaceForensics++\manipulated_sequences\Deepfakes\c23\frames\439_441\015.png,439_441,1,train
C:\Capstone\DeepfakeBench\datasets\rgb\FaceForensics++\manipulated_sequences\Deepfakes\c23\frames\439_441\016.png,439_441,1,train
C:\Capstone\DeepfakeBench\datasets\rgb\FaceForensics++\manipulated_sequences\Deepfakes\c23\frames\439_441\017.png,439_441,1,train
C:\Capstone\DeepfakeBench\datasets\rgb\FaceForensics++\manipulated_sequences\Deepfakes\c23\frames\439_441\018.png,439_441,1,train
C:\Capstone\DeepfakeBench\datasets\rgb\FaceForensics++\manipulated_sequences\Deepfakes\c23\frames\439_441\019.png,439_441,1,train
C:\Capstone\DeepfakeBench\datasets\rgb\FaceForensics++\manipulated_sequences\Deepfakes\c23\frames\439_441\020.png,439_441,1,train
C:\Capstone\DeepfakeBench\datasets\rgb\FaceForensics++\manipulated_sequences\Deepfakes\c23\frames\439_441\021.png,439_441,1,train
C:\Capstone\DeepfakeBench\datasets\rgb\FaceForensics++\manipulated_sequences\Deepfakes\c23\frames\439_441\022.png,439_441,1,train
C:\Capstone\DeepfakeBench\datasets\rgb\FaceForensics++\manipulated_sequences\Deepfakes\c23\frames\439_441\023.png,439_441,1,train
C:\Capstone\DeepfakeBench\datasets\rgb\FaceForensics++\manipulated_sequences\Deepfakes\c23\frames\439_441\024.png,439_441,1,train
C:\Capstone\DeepfakeBench\datasets\rgb\FaceForensics++\manipulated_sequences\Deepfakes\c23\frames\439_441\025.png,439_441,1,train
C:\Capstone\DeepfakeBench\datasets\rgb\FaceForensics++\manipulated_sequences\Deepfakes\c23\frames\439_441\026.png,439_441,1,train
C:\Capstone\DeepfakeBench\datasets\rgb\FaceForensics++\manipulated_sequences\Deepfakes\c23\frames\439_441\027.png,439_441,1,train
C:\Capstone\DeepfakeBench\datasets\rgb\FaceForensics++\manipulated_sequences\Deepfakes\c23\frames\439_441\028.png,439_441,1,train
C:\Capstone\DeepfakeBench\datasets\rgb\FaceForensics++\manipulated_sequences\Deepfakes\c23\frames\439_441\029.png,439_441,1,train
C:\Capstone\DeepfakeBench\datasets\rgb\FaceForensics++\manipulated_sequences\Deepfakes\c23\frames\439_441\030.png,439_441,1,train
C:\Capstone\DeepfakeBench\datasets\rgb\FaceForensics++\manipulated_sequences\Deepfakes\c23\frames\439_441\031.png,439_441,1,train
C:\Capstone\DeepfakeBench\datasets\rgb\FaceForensics++\original_sequences\youtube\c23\frames\716\000.png,716,0,train
C:\Capstone\DeepfakeBench\datasets\rgb\FaceForensics++\original_sequences\youtube\c23\frames\716\001.png,716,0,train
C:\Capstone\DeepfakeBench\datasets\rgb\FaceForensics++\original_sequences\youtube\c23\frames\716\002.png,716,0,train
C:\Capstone\DeepfakeBench\datasets\rgb\FaceForensics++\original_sequences\youtube\c23\frames\716\003.png,716,0,train
C:\Capstone\DeepfakeBench\datasets\rgb\FaceForensics++\original_sequences\youtube\c23\frames\716\004.png,716,0,train
C:\Capstone\DeepfakeBench\datasets\rgb\FaceForensics++\original_sequences\youtube\c23\frames\716\005.png,716,0,train
C:\Capstone\DeepfakeBench\datasets\rgb\FaceForensics++\original_sequences\youtube\c23\frames\716\006.png,716,0,train
C:\Capstone\DeepfakeBench\datasets\rgb\FaceForensics++\original_sequences\youtube\c23\frames\716\007.png,716,0,train
C:\Capstone\DeepfakeBench\datasets\rgb\FaceForensics++\original_sequences\youtube\c23\frames\716\008.png,716,0,train
C:\Capstone\DeepfakeBench\datasets\rgb\FaceForensics++\original_sequences\youtube\c23\frames\716\009.png,716,0,train
C:\Capstone\DeepfakeBench\datasets\rgb\FaceForensics++\original_sequences\youtube\c23\frames\716\010.png,716,0,train
C:\Capstone\DeepfakeBench\datasets\rgb\FaceForensics++\original_sequences\youtube\c23\frames\716\011.png,716,0,train
C:\Capstone\DeepfakeBench\datasets\rgb\FaceForensics++\original_sequences\youtube\c23\frames\716\012.png,716,0,train
C:\Capstone\DeepfakeBench\datasets\rgb\FaceForensics++\original_sequences\youtube\c23\frames\716\013.png,716,0,train
C:\Capstone\DeepfakeBench\datasets\rgb\FaceForensics++\original_sequences\youtube\c23\frames\716\014.png,716,0,train
C:\Capstone\DeepfakeBench\datasets\rgb\FaceForensics++\original_sequences\youtube\c23\frames\716\015.png,716,0,train
C:\Capstone\DeepfakeBench\datasets\rgb\FaceForensics++\original_sequences\youtube\c23\frames\716\016.png,716,0,train
C:\Capstone\DeepfakeBench\datasets\rgb\FaceForensics++\original_sequences\youtube\c23\frames\716\017.png,716,0,train
C:\Capstone\DeepfakeBench\datasets\rgb\FaceForensics++\original_sequences\youtube\c23\frames\716\018.png,716,0,train
C:\Capstone\DeepfakeBench\datasets\rgb\FaceForensics++\original_sequences\youtube\c23\frames\716\019.png,716,0,train
C:\Capstone\DeepfakeBench\datasets\rgb\FaceForensics++\original_sequences\youtube\c23\frames\716\020.png,716,0,train
C:\Capstone\DeepfakeBench\datasets\rgb\FaceForensics++\original_sequences\youtube\c23\frames\716\021.png,716,0,train
C:\Capstone\DeepfakeBench\datasets\rgb\FaceForensics++\original_sequences\youtube\c23\frames\716\022.png,716,0,train
C:\Capstone\DeepfakeBench\datasets\rgb\FaceForensics++\original_sequences\youtube\c23\frames\716\023.png,716,0,train
C:\Capstone\DeepfakeBench\datasets\rgb\FaceForensics++\original_sequences\youtube\c23\frames\716\024.png,716,0,train
C:\Capstone\DeepfakeBench\datasets\rgb\FaceForensics++\original_sequences\youtube\c23\frames\716\025.png,716,0,train
C:\Capstone\DeepfakeBench\datasets\rgb\FaceForensics++\original_sequences\youtube\c23\frames\716\026.png,716,0,train
C:\Capstone\DeepfakeBench\datasets\rgb\FaceForensics++\original_sequences\youtube\c23\frames\716\027.png,716,0,train
C:\Capstone\DeepfakeBench\datasets\rgb\FaceForensics++\original_sequences\youtube\c23\frames\716\028.png,716,0,train
C:\Capstone\DeepfakeBench\datasets\rgb\FaceForensics++\original_sequences\youtube\c23\frames\716\029.png,716,0,train
C:\Capstone\DeepfakeBench\datasets\rgb\FaceForensics++\original_sequences\youtube\c23\frames\716\030.png,716,0,train
C:\Capstone\DeepfakeBench\datasets\rgb\FaceForensics++\original_sequences\youtube\c23\frames\716\031.png,716,0,train
C:\Capstone\DeepfakeBench\datasets\rgb\FaceForensics++\original_sequences\youtube\c23\frames\585\000.png,585,0,val
C:\Capstone\DeepfakeBench\datasets\rgb\FaceForensics++\original_sequences\youtube\c23\frames\585\001.png,585,0,val
C:\Capstone\DeepfakeBench\datasets\rgb\FaceForensics++\original_sequences\youtube\c23\frames\585\002.png,585,0,val
C:\Capstone\DeepfakeBench\datasets\rgb\FaceForensics++\original_sequences\youtube\c23\frames\585\003.png,585,0,val
C:\Capstone\DeepfakeBench\datasets\rgb\FaceForensics++\original_sequences\youtube\c23\frames\585\004.png,585,0,val
C:\Capstone\DeepfakeBench\datasets\rgb\FaceForensics++\original_sequences\youtube\c23\frames\585\005.png,585,0,val
C:\Capstone\DeepfakeBench\datasets\rgb\FaceForensics++\original_sequences\youtube\c23\frames\585\006.png,585,0,val
C:\Capstone\DeepfakeBench\datasets\rgb\FaceForensics++\original_sequences\youtube\c23\frames\585\007.png,585,0,val
C:\Capstone\DeepfakeBench\datasets\rgb\FaceForensics++\original_sequences\youtube\c23\frames\585\008.png,585,0,val
C:\Capstone\DeepfakeBench\datasets\rgb\FaceForensics++\original_sequences\youtube\c23\frames\585\009.png,585,0,val
C:\Capstone\DeepfakeBench\datasets\rgb\FaceForensics++\original_sequences\youtube\c23\frames\585\010.png,585,0,val
C:\Capstone\DeepfakeBench\datasets\rgb\FaceForensics++\original_sequences\youtube\c23\frames\585\011.png,585,0,val
C:\Capstone\DeepfakeBench\datasets\rgb\FaceForensics++\original_sequences\youtube\c23\frames\585\012.png,585,0,val
C:\Capstone\DeepfakeBench\datasets\rgb\FaceForensics++\original_sequences\youtube\c23\frames\585\013.png,585,0,val
C:\Capstone\DeepfakeBench\datasets\rgb\FaceForensics++\original_sequences\youtube\c23\frames\585\014.png,585,0,val
C:\Capstone\DeepfakeBench\datasets\rgb\FaceForensics++\original_sequences\youtube\c23\frames\585\015.png,585,0,val
C:\Capstone\DeepfakeBench\datasets\rgb\FaceForensics++\original_sequences\youtube\c23\frames\585\016.png,585,0,val
C:\Capstone\DeepfakeBench\datasets\rgb\FaceForensics++\original_sequences\youtube\c23\frames\585\017.png,585,0,val
C:\Capstone\DeepfakeBench\datasets\rgb\FaceForensics++\original_sequences\youtube\c23\frames\585\018.png,585,0,val
C:\Capstone\DeepfakeBench\datasets\rgb\FaceForensics++\original_sequences\youtube\c23\frames\585\019.png,585,0,val
C:\Capstone\DeepfakeBench\datasets\rgb\FaceForensics++\original_sequences\youtube\c23\frames\585\020.png,585,0,val
C:\Capstone\DeepfakeBench\datasets\rgb\FaceForensics++\original_sequences\youtube\c23\frames\585\021.png,585,0,val
C:\Capstone\DeepfakeBench\datasets\rgb\FaceForensics++\original_sequences\youtube\c23\frames\585\022.png,585,0,val
C:\Capstone\DeepfakeBench\datasets\rgb\FaceForensics++\original_sequences\youtube\c23\frames\585\023.png,585,0,val
C:\Capstone\DeepfakeBench\datasets\rgb\FaceForensics++\original_sequences\youtube\c23\frames\585\024.png,585,0,val
C:\Capstone\DeepfakeBench\datasets\rgb\FaceForensics++\original_sequences\youtube\c23\frames\585\025.png,585,0,val
C:\Capstone\DeepfakeBench\datasets\rgb\FaceForensics++\original_sequences\youtube\c23\frames\585\026.png,585,0,val
C:\Capstone\DeepfakeBench\datasets\rgb\FaceForensics++\original_sequences\youtube\c23\frames\585\027.png,585,0,val
C:\Capstone\DeepfakeBench\datasets\rgb\FaceForensics++\original_sequences\youtube\c23\frames\585\028.png,585,0,val
C:\Capstone\DeepfakeBench\datasets\rgb\FaceForensics++\original_sequences\youtube\c23\frames\585\029.png,585,0,val
C:\Capstone\DeepfakeBench\datasets\rgb\FaceForensics++\original_sequences\youtube\c23\frames\585\030.png,585,0,val
C:\Capstone\DeepfakeBench\datasets\rgb\FaceForensics++\original_sequences\youtube\c23\frames\585\031.png,585,0,val
C:\Capstone\DeepfakeBench\datasets\rgb\FaceForensics++\manipulated_sequences\Deepfakes\c23\frames\522_337\000.png,522_337,1,val
C:\Capstone\DeepfakeBench\datasets\rgb\FaceForensics++\manipulated_sequences\Deepfakes\c23\frames\522_337\001.png,522_337,1,val
C:\Capstone\DeepfakeBench\datasets\rgb\FaceForensics++\manipulated_sequences\Deepfakes\c23\frames\522_337\002.png,522_337,1,val
C:\Capstone\DeepfakeBench\datasets\rgb\FaceForensics++\manipulated_sequences\Deepfakes\c23\frames\522_337\003.png,522_337,1,val
C:\Capstone\DeepfakeBench\datasets\rgb\FaceForensics++\manipulated_sequences\Deepfakes\c23\frames\522_337\004.png,522_337,1,val
C:\Capstone\DeepfakeBench\datasets\rgb\FaceForensics++\manipulated_sequences\Deepfakes\c23\frames\522_337\005.png,522_337,1,val
C:\Capstone\DeepfakeBench\datasets\rgb\FaceForensics++\manipulated_sequences\Deepfakes\c23\frames\522_337\006.png,522_337,1,val
C:\Capstone\DeepfakeBench\datasets\rgb\FaceForensics++\manipulated_sequences\Deepfakes\c23\frames\522_337\007.png,522_337,1,val
C:\Capstone\DeepfakeBench\datasets\rgb\FaceForensics++\manipulated_sequences\Deepfakes\c23\frames\522_337\008.png,522_337,1,val
C:\Capstone\DeepfakeBench\datasets\rgb\FaceForensics++\manipulated_sequences\Deepfakes\c23\frames\522_337\009.png,522_337,1,val
C:\Capstone\DeepfakeBench\datasets\rgb\FaceForensics++\manipulated_sequences\Deepfakes\c23\frames\522_337\010.png,522_337,1,val
C:\Capstone\DeepfakeBench\datasets\rgb\FaceForensics++\manipulated_sequences\Deepfakes\c23\frames\522_337\011.png,522_337,1,val
C:\Capstone\DeepfakeBench\datasets\rgb\FaceForensics++\manipulated_sequences\Deepfakes\c23\frames\522_337\012.png,522_337,1,val
C:\Capstone\DeepfakeBench\datasets\rgb\FaceForensics++\manipulated_sequences\Deepfakes\c23\frames\522_337\013.png,522_337,1,val
C:\Capstone\DeepfakeBench\datasets\rgb\FaceForensics++\manipulated_sequences\Deepfakes\c23\frames\522_337\014.png,522_337,1,val
C:\Capstone\DeepfakeBench\datasets\rgb\FaceForensics++\manipulated_sequences\Deepfakes\c23\frames\522_337\015.png,522_337,1,val
C:\Capstone\DeepfakeBench\datasets\rgb\FaceForensics++\manipulated_sequences\Deepfakes\c23\frames\522_337\016.png,522_337,1,val
C:\Capstone\DeepfakeBench\datasets\rgb\FaceForensics++\manipulated_sequences\Deepfakes\c23\frames\522_337\017.png,522_337,1,val
C:\Capstone\DeepfakeBench\datasets\rgb\FaceForensics++\manipulated_sequences\Deepfakes\c23\frames\522_337\018.png,522_337,1,val
C:\Capstone\DeepfakeBench\datasets\rgb\FaceForensics++\manipulated_sequences\Deepfakes\c23\frames\522_337\019.png,522_337,1,val
C:\Capstone\DeepfakeBench\datasets\rgb\FaceForensics++\manipulated_sequences\Deepfakes\c23\frames\522_337\020.png,522_337,1,val
C:\Capstone\DeepfakeBench\datasets\rgb\FaceForensics++\manipulated_sequences\Deepfakes\c23\frames\522_337\021.png,522_337,1,val
C:\Capstone\DeepfakeBench\datasets\rgb\FaceForensics++\manipulated_sequences\Deepfakes\c23\frames\522_337\022.png,522_337,1,val
C:\Capstone\DeepfakeBench\datasets\rgb\FaceForensics++\manipulated_sequences\Deepfakes\c23\frames\522_337\023.png,522_337,1,val
C:\Capstone\DeepfakeBench\datasets\rgb\FaceForensics++\manipulated_sequences\Deepfakes\c23\frames\522_337\024.png,522_337,1,val
C:\Capstone\DeepfakeBench\datasets\rgb\FaceForensics++\manipulated_sequences\Deepfakes\c23\frames\522_337\025.png,522_337,1,val
C:\Capstone\DeepfakeBench\datasets\rgb\FaceForensics++\manipulated_sequences\Deepfakes\c23\frames\522_337\026.png,522_337,1,val
C:\Capstone\DeepfakeBench\datasets\rgb\FaceForensics++\manipulated_sequences\Deepfakes\c23\frames\522_337\027.png,522_337,1,val
C:\Capstone\DeepfakeBench\datasets\rgb\FaceForensics++\manipulated_sequences\Deepfakes\c23\frames\522_337\028.png,522_337,1,val
C:\Capstone\DeepfakeBench\datasets\rgb\FaceForensics++\manipulated_sequences\Deepfakes\c23\frames\522_337\029.png,522_337,1,val
C:\Capstone\DeepfakeBench\datasets\rgb\FaceForensics++\manipulated_sequences\Deepfakes\c23\frames\522_337\030.png,522_337,1,val
C:\Capstone\DeepfakeBench\datasets\rgb\FaceForensics++\manipulated_sequences\Deepfakes\c23\frames\522_337\031.png,522_337,1,val
C:\Capstone\DeepfakeBench\datasets\rgb\FaceForensics++\original_sequences\youtube\c23\frames\168\000.png,168,0,val
C:\Capstone\DeepfakeBench\datasets\rgb\FaceForensics++\original_sequences\youtube\c23\frames\168\001.png,168,0,val
C:\Capstone\DeepfakeBench\datasets\rgb\FaceForensics++\original_sequences\youtube\c23\frames\168\002.png,168,0,val
C:\Capstone\DeepfakeBench\datasets\rgb\FaceForensics++\original_sequences\youtube\c23\frames\168\003.png,168,0,val
C:\Capstone\DeepfakeBench\datasets\rgb\FaceForensics++\original_sequences\youtube\c23\frames\168\004.png,168,0,val
C:\Capstone\DeepfakeBench\datasets\rgb\FaceForensics++\original_sequences\youtube\c23\frames\168\005.png,168,0,val
C:\Capstone\DeepfakeBench\datasets\rgb\FaceForensics++\original_sequences\youtube\c23\frames\168\006.png,168,0,val
C:\Capstone\DeepfakeBench\datasets\rgb\FaceForensics++\original_sequences\youtube\c23\frames\168\007.png,168,0,val
C:\Capstone\DeepfakeBench\datasets\rgb\FaceForensics++\original_sequences\youtube\c23\frames\168\008.png,168,0,val
C:\Capstone\DeepfakeBench\datasets\rgb\FaceForensics++\original_sequences\youtube\c23\frames\168\009.png,168,0,val
C:\Capstone\DeepfakeBench\datasets\rgb\FaceForensics++\original_sequences\youtube\c23\frames\168\010.png,168,0,val
C:\Capstone\DeepfakeBench\datasets\rgb\FaceForensics++\original_sequences\youtube\c23\frames\168\011.png,168,0,val
C:\Capstone\DeepfakeBench\datasets\rgb\FaceForensics++\original_sequences\youtube\c23\frames\168\012.png,168,0,val
C:\Capstone\DeepfakeBench\datasets\rgb\FaceForensics++\original_sequences\youtube\c23\frames\168\013.png,168,0,val
C:\Capstone\DeepfakeBench\datasets\rgb\FaceForensics++\original_sequences\youtube\c23\frames\168\014.png,168,0,val
C:\Capstone\DeepfakeBench\datasets\rgb\FaceForensics++\original_sequences\youtube\c23\frames\168\015.png,168,0,val
C:\Capstone\DeepfakeBench\datasets\rgb\FaceForensics++\original_sequences\youtube\c23\frames\168\016.png,168,0,val
C:\Capstone\DeepfakeBench\datasets\rgb\FaceForensics++\original_sequences\youtube\c23\frames\168\017.png,168,0,val
C:\Capstone\DeepfakeBench\datasets\rgb\FaceForensics++\original_sequences\youtube\c23\frames\168\018.png,168,0,val
C:\Capstone\DeepfakeBench\datasets\rgb\FaceForensics++\original_sequences\youtube\c23\frames\168\019.png,168,0,val
C:\Capstone\DeepfakeBench\datasets\rgb\FaceForensics++\original_sequences\youtube\c23\frames\168\020.png,168,0,val
C:\Capstone\DeepfakeBench\datasets\rgb\FaceForensics++\original_sequences\youtube\c23\frames\168\021.png,168,0,val
C:\Capstone\DeepfakeBench\datasets\rgb\FaceForensics++\original_sequences\youtube\c23\frames\168\022.png,168,0,val
C:\Capstone\DeepfakeBench\datasets\rgb\FaceForensics++\original_sequences\youtube\c23\frames\168\023.png,168,0,val
C:\Capstone\DeepfakeBench\datasets\rgb\FaceForensics++\original_sequences\youtube\c23\frames\168\024.png,168,0,val
C:\Capstone\DeepfakeBench\datasets\rgb\FaceForensics++\original_sequences\youtube\c23\frames\168\025.png,168,0,val
C:\Capstone\DeepfakeBench\datasets\rgb\FaceForensics++\original_sequences\youtube\c23\frames\168\026.png,168,0,val
C:\Capstone\DeepfakeBench\datasets\rgb\FaceForensics++\original_sequences\youtube\c23\frames\168\027.png,168,0,val
C:\Capstone\DeepfakeBench\datasets\rgb\FaceForensics++\original_sequences\youtube\c23\frames\168\028.png,168,0,val
C:\Capstone\DeepfakeBench\datasets\rgb\FaceForensics++\original_sequences\youtube\c23\frames\168\029.png,168,0,val
C:\Capstone\DeepfakeBench\datasets\rgb\FaceForensics++\original_sequences\youtube\c23\frames\168\030.png,168,0,val
C:\Capstone\DeepfakeBench\datasets\rgb\FaceForensics++\original_sequences\youtube\c23\frames\168\031.png,168,0,val
C:\Capstone\DeepfakeBench\datasets\rgb\FaceForensics++\original_sequences\youtube\c23\frames\456\000.png,456,0,val
C:\Capstone\DeepfakeBench\datasets\rgb\FaceForensics++\original_sequences\youtube\c23\frames\456\001.png,456,0,val
C:\Capstone\DeepfakeBench\datasets\rgb\FaceForensics++\original_sequences\youtube\c23\frames\456\002.png,456,0,val
C:\Capstone\DeepfakeBench\datasets\rgb\FaceForensics++\original_sequences\youtube\c23\frames\456\003.png,456,0,val
C:\Capstone\DeepfakeBench\datasets\rgb\FaceForensics++\original_sequences\youtube\c23\frames\456\004.png,456,0,val
C:\Capstone\DeepfakeBench\datasets\rgb\FaceForensics++\original_sequences\youtube\c23\frames\456\005.png,456,0,val
C:\Capstone\DeepfakeBench\datasets\rgb\FaceForensics++\original_sequences\youtube\c23\frames\456\006.png,456,0,val
C:\Capstone\DeepfakeBench\datasets\rgb\FaceForensics++\original_sequences\youtube\c23\frames\456\007.png,456,0,val
C:\Capstone\DeepfakeBench\datasets\rgb\FaceForensics++\original_sequences\youtube\c23\frames\456\008.png,456,0,val
C:\Capstone\DeepfakeBench\datasets\rgb\FaceForensics++\original_sequences\youtube\c23\frames\456\009.png,456,0,val
C:\Capstone\DeepfakeBench\datasets\rgb\FaceForensics++\original_sequences\youtube\c23\frames\456\010.png,456,0,val
C:\Capstone\DeepfakeBench\datasets\rgb\FaceForensics++\original_sequences\youtube\c23\frames\456\011.png,456,0,val
C:\Capstone\DeepfakeBench\datasets\rgb\FaceForensics++\original_sequences\youtube\c23\frames\456\012.png,456,0,val
C:\Capstone\DeepfakeBench\datasets\rgb\FaceForensics++\original_sequences\youtube\c23\frames\456\013.png,456,0,val
C:\Capstone\DeepfakeBench\datasets\rgb\FaceForensics++\original_sequences\youtube\c23\frames\456\014.png,456,0,val
C:\Capstone\DeepfakeBench\datasets\rgb\FaceForensics++\original_sequences\youtube\c23\frames\456\015.png,456,0,val
C:\Capstone\DeepfakeBench\datasets\rgb\FaceForensics++\original_sequences\youtube\c23\frames\456\016.png,456,0,val
C:\Capstone\DeepfakeBench\datasets\rgb\FaceForensics++\original_sequences\youtube\c23\frames\456\017.png,456,0,val
C:\Capstone\DeepfakeBench\datasets\rgb\FaceForensics++\original_sequences\youtube\c23\frames\456\018.png,456,0,val
C:\Capstone\DeepfakeBench\datasets\rgb\FaceForensics++\original_sequences\youtube\c23\frames\456\019.png,456,0,val
C:\Capstone\DeepfakeBench\datasets\rgb\FaceForensics++\original_sequences\youtube\c23\frames\456\020.png,456,0,val
C:\Capstone\DeepfakeBench\datasets\rgb\FaceForensics++\original_sequences\youtube\c23\frames\456\021.png,456,0,val
C:\Capstone\DeepfakeBench\datasets\rgb\FaceForensics++\original_sequences\youtube\c23\frames\456\022.png,456,0,val
C:\Capstone\DeepfakeBench\datasets\rgb\FaceForensics++\original_sequences\youtube\c23\frames\456\023.png,456,0,val
C:\Capstone\DeepfakeBench\datasets\rgb\FaceForensics++\original_sequences\youtube\c23\frames\456\024.png,456,0,val
C:\Capstone\DeepfakeBench\datasets\rgb\FaceForensics++\original_sequences\youtube\c23\frames\456\025.png,456,0,val
C:\Capstone\DeepfakeBench\datasets\rgb\FaceForensics++\original_sequences\youtube\c23\frames\456\026.png,456,0,val
C:\Capstone\DeepfakeBench\datasets\rgb\FaceForensics++\original_sequences\youtube\c23\frames\456\027.png,456,0,val
C:\Capstone\DeepfakeBench\datasets\rgb\FaceForensics++\original_sequences\youtube\c23\frames\456\028.png,456,0,val
C:\Capstone\DeepfakeBench\datasets\rgb\FaceForensics++\original_sequences\youtube\c23\frames\456\029.png,456,0,val
C:\Capstone\DeepfakeBench\datasets\rgb\FaceForensics++\original_sequences\youtube\c23\frames\456\030.png,456,0,val
C:\Capstone\DeepfakeBench\datasets\rgb\FaceForensics++\original_sequences\youtube\c23\frames\456\031.png,456,0,val
C:\Capstone\DeepfakeBench\datasets\rgb\FaceForensics++\original_sequences\youtube\c23\frames\945\000.png,945,0,val
C:\Capstone\DeepfakeBench\datasets\rgb\FaceForensics++\original_sequences\youtube\c23\frames\945\001.png,945,0,val
C:\Capstone\DeepfakeBench\datasets\rgb\FaceForensics++\original_sequences\youtube\c23\frames\945\002.png,945,0,val
C:\Capstone\DeepfakeBench\datasets\rgb\FaceForensics++\original_sequences\youtube\c23\frames\945\003.png,945,0,val
C:\Capstone\DeepfakeBench\datasets\rgb\FaceForensics++\original_sequences\youtube\c23\frames\945\004.png,945,0,val
C:\Capstone\DeepfakeBench\datasets\rgb\FaceForensics++\original_sequences\youtube\c23\frames\945\005.png,945,0,val
C:\Capstone\DeepfakeBench\datasets\rgb\FaceForensics++\original_sequences\youtube\c23\frames\945\006.png,945,0,val
C:\Capstone\DeepfakeBench\datasets\rgb\FaceForensics++\original_sequences\youtube\c23\frames\945\007.png,945,0,val
C:\Capstone\DeepfakeBench\datasets\rgb\FaceForensics++\original_sequences\youtube\c23\frames\945\008.png,945,0,val
C:\Capstone\DeepfakeBench\datasets\rgb\FaceForensics++\original_sequences\youtube\c23\frames\945\009.png,945,0,val
C:\Capstone\DeepfakeBench\datasets\rgb\FaceForensics++\original_sequences\youtube\c23\frames\945\010.png,945,0,val
C:\Capstone\DeepfakeBench\datasets\rgb\FaceForensics++\original_sequences\youtube\c23\frames\945\011.png,945,0,val
C:\Capstone\DeepfakeBench\datasets\rgb\FaceForensics++\original_sequences\youtube\c23\frames\945\012.png,945,0,val
C:\Capstone\DeepfakeBench\datasets\rgb\FaceForensics++\original_sequences\youtube\c23\frames\945\013.png,945,0,val
C:\Capstone\DeepfakeBench\datasets\rgb\FaceForensics++\original_sequences\youtube\c23\frames\945\014.png,945,0,val
C:\Capstone\DeepfakeBench\datasets\rgb\FaceForensics++\original_sequences\youtube\c23\frames\945\015.png,945,0,val
C:\Capstone\DeepfakeBench\datasets\rgb\FaceForensics++\original_sequences\youtube\c23\frames\945\016.png,945,0,val
C:\Capstone\DeepfakeBench\datasets\rgb\FaceForensics++\original_sequences\youtube\c23\frames\945\017.png,945,0,val
C:\Capstone\DeepfakeBench\datasets\rgb\FaceForensics++\original_sequences\youtube\c23\frames\945\018.png,945,0,val
C:\Capstone\DeepfakeBench\datasets\rgb\FaceForensics++\original_sequences\youtube\c23\frames\945\019.png,945,0,val
C:\Capstone\DeepfakeBench\datasets\rgb\FaceForensics++\original_sequences\youtube\c23\frames\945\020.png,945,0,val
C:\Capstone\DeepfakeBench\datasets\rgb\FaceForensics++\original_sequences\youtube\c23\frames\945\021.png,945,0,val
C:\Capstone\DeepfakeBench\datasets\rgb\FaceForensics++\original_sequences\youtube\c23\frames\945\022.png,945,0,val
C:\Capstone\DeepfakeBench\datasets\rgb\FaceForensics++\original_sequences\youtube\c23\frames\945\023.png,945,0,val
C:\Capstone\DeepfakeBench\datasets\rgb\FaceForensics++\original_sequences\youtube\c23\frames\945\024.png,945,0,val
C:\Capstone\DeepfakeBench\datasets\rgb\FaceForensics++\original_sequences\youtube\c23\frames\945\025.png,945,0,val
C:\Capstone\DeepfakeBench\datasets\rgb\FaceForensics++\original_sequences\youtube\c23\frames\945\026.png,945,0,val
C:\Capstone\DeepfakeBench\datasets\rgb\FaceForensics++\original_sequences\youtube\c23\frames\945\027.png,945,0,val
C:\Capstone\DeepfakeBench\datasets\rgb\FaceForensics++\original_sequences\youtube\c23\frames\945\028.png,945,0,val
C:\Capstone\DeepfakeBench\datasets\rgb\FaceForensics++\original_sequences\youtube\c23\frames\945\029.png,945,0,val
C:\Capstone\DeepfakeBench\datasets\rgb\FaceForensics++\original_sequences\youtube\c23\frames\945\030.png,945,0,val
C:\Capstone\DeepfakeBench\datasets\rgb\FaceForensics++\original_sequences\youtube\c23\frames\945\031.png,945,0,val
C:\Capstone\DeepfakeBench\datasets\rgb\FaceForensics++\original_sequences\youtube\c23\frames\720\000.png,720,0,val
C:\Capstone\DeepfakeBench\datasets\rgb\FaceForensics++\original_sequences\youtube\c23\frames\720\001.png,720,0,val
C:\Capstone\DeepfakeBench\datasets\rgb\FaceForensics++\original_sequences\youtube\c23\frames\720\002.png,720,0,val
C:\Capstone\DeepfakeBench\datasets\rgb\FaceForensics++\original_sequences\youtube\c23\frames\720\003.png,720,0,val
C:\Capstone\DeepfakeBench\datasets\rgb\FaceForensics++\original_sequences\youtube\c23\frames\720\004.png,720,0,val
C:\Capstone\DeepfakeBench\datasets\rgb\FaceForensics++\original_sequences\youtube\c23\frames\720\005.png,720,0,val
C:\Capstone\DeepfakeBench\datasets\rgb\FaceForensics++\original_sequences\youtube\c23\frames\720\006.png,720,0,val
C:\Capstone\DeepfakeBench\datasets\rgb\FaceForensics++\original_sequences\youtube\c23\frames\720\007.png,720,0,val
C:\Capstone\DeepfakeBench\datasets\rgb\FaceForensics++\original_sequences\youtube\c23\frames\720\008.png,720,0,val
C:\Capstone\DeepfakeBench\datasets\rgb\FaceForensics++\original_sequences\youtube\c23\frames\720\009.png,720,0,val
C:\Capstone\DeepfakeBench\datasets\rgb\FaceForensics++\original_sequences\youtube\c23\frames\720\010.png,720,0,val
C:\Capstone\DeepfakeBench\datasets\rgb\FaceForensics++\original_sequences\youtube\c23\frames\720\011.png,720,0,val
C:\Capstone\DeepfakeBench\datasets\rgb\FaceForensics++\original_sequences\youtube\c23\frames\720\012.png,720,0,val
C:\Capstone\DeepfakeBench\datasets\rgb\FaceForensics++\original_sequences\youtube\c23\frames\720\013.png,720,0,val
C:\Capstone\DeepfakeBench\datasets\rgb\FaceForensics++\original_sequences\youtube\c23\frames\720\014.png,720,0,val
C:\Capstone\DeepfakeBench\datasets\rgb\FaceForensics++\original_sequences\youtube\c23\frames\720\015.png,720,0,val
C:\Capstone\DeepfakeBench\datasets\rgb\FaceForensics++\original_sequences\youtube\c23\frames\720\016.png,720,0,val
C:\Capstone\DeepfakeBench\datasets\rgb\FaceForensics++\original_sequences\youtube\c23\frames\720\017.png,720,0,val
C:\Capstone\DeepfakeBench\datasets\rgb\FaceForensics++\original_sequences\youtube\c23\frames\720\018.png,720,0,val
C:\Capstone\DeepfakeBench\datasets\rgb\FaceForensics++\original_sequences\youtube\c23\frames\720\019.png,720,0,val
C:\Capstone\DeepfakeBench\datasets\rgb\FaceForensics++\original_sequences\youtube\c23\frames\720\020.png,720,0,val
C:\Capstone\DeepfakeBench\datasets\rgb\FaceForensics++\original_sequences\youtube\c23\frames\720\021.png,720,0,val
C:\Capstone\DeepfakeBench\datasets\rgb\FaceForensics++\original_sequences\youtube\c23\frames\720\022.png,720,0,val
C:\Capstone\DeepfakeBench\datasets\rgb\FaceForensics++\original_sequences\youtube\c23\frames\720\023.png,720,0,val
C:\Capstone\DeepfakeBench\datasets\rgb\FaceForensics++\original_sequences\youtube\c23\frames\720\024.png,720,0,val
C:\Capstone\DeepfakeBench\datasets\rgb\FaceForensics++\original_sequences\youtube\c23\frames\720\025.png,720,0,val
C:\Capstone\DeepfakeBench\datasets\rgb\FaceForensics++\original_sequences\youtube\c23\frames\720\026.png,720,0,val
C:\Capstone\DeepfakeBench\datasets\rgb\FaceForensics++\original_sequences\youtube\c23\frames\720\027.png,720,0,val
C:\Capstone\DeepfakeBench\datasets\rgb\FaceForensics++\original_sequences\youtube\c23\frames\720\028.png,720,0,val
C:\Capstone\DeepfakeBench\datasets\rgb\FaceForensics++\original_sequences\youtube\c23\frames\720\029.png,720,0,val
C:\Capstone\DeepfakeBench\datasets\rgb\FaceForensics++\original_sequences\youtube\c23\frames\720\030.png,720,0,val
C:\Capstone\DeepfakeBench\datasets\rgb\FaceForensics++\manipulated_sequences\Deepfakes\c23\frames\396_272\000.png,396_272,1,val
C:\Capstone\DeepfakeBench\datasets\rgb\FaceForensics++\manipulated_sequences\Deepfakes\c23\frames\396_272\001.png,396_272,1,val
C:\Capstone\DeepfakeBench\datasets\rgb\FaceForensics++\manipulated_sequences\Deepfakes\c23\frames\396_272\002.png,396_272,1,val
C:\Capstone\DeepfakeBench\datasets\rgb\FaceForensics++\manipulated_sequences\Deepfakes\c23\frames\396_272\003.png,396_272,1,val
C:\Capstone\DeepfakeBench\datasets\rgb\FaceForensics++\manipulated_sequences\Deepfakes\c23\frames\396_272\004.png,396_272,1,val
C:\Capstone\DeepfakeBench\datasets\rgb\FaceForensics++\manipulated_sequences\Deepfakes\c23\frames\396_272\005.png,396_272,1,val
C:\Capstone\DeepfakeBench\datasets\rgb\FaceForensics++\manipulated_sequences\Deepfakes\c23\frames\396_272\006.png,396_272,1,val
C:\Capstone\DeepfakeBench\datasets\rgb\FaceForensics++\manipulated_sequences\Deepfakes\c23\frames\396_272\007.png,396_272,1,val
C:\Capstone\DeepfakeBench\datasets\rgb\FaceForensics++\manipulated_sequences\Deepfakes\c23\frames\396_272\008.png,396_272,1,val
C:\Capstone\DeepfakeBench\datasets\rgb\FaceForensics++\manipulated_sequences\Deepfakes\c23\frames\396_272\009.png,396_272,1,val
C:\Capstone\DeepfakeBench\datasets\rgb\FaceForensics++\manipulated_sequences\Deepfakes\c23\frames\396_272\010.png,396_272,1,val
C:\Capstone\DeepfakeBench\datasets\rgb\FaceForensics++\manipulated_sequences\Deepfakes\c23\frames\396_272\011.png,396_272,1,val
C:\Capstone\DeepfakeBench\datasets\rgb\FaceForensics++\manipulated_sequences\Deepfakes\c23\frames\396_272\012.png,396_272,1,val
C:\Capstone\DeepfakeBench\datasets\rgb\FaceForensics++\manipulated_sequences\Deepfakes\c23\frames\396_272\013.png,396_272,1,val
C:\Capstone\DeepfakeBench\datasets\rgb\FaceForensics++\manipulated_sequences\Deepfakes\c23\frames\396_272\014.png,396_272,1,val
C:\Capstone\DeepfakeBench\datasets\rgb\FaceForensics++\manipulated_sequences\Deepfakes\c23\frames\396_272\015.png,396_272,1,val
C:\Capstone\DeepfakeBench\datasets\rgb\FaceForensics++\manipulated_sequences\Deepfakes\c23\frames\396_272\016.png,396_272,1,val
C:\Capstone\DeepfakeBench\datasets\rgb\FaceForensics++\manipulated_sequences\Deepfakes\c23\frames\396_272\017.png,396_272,1,val
C:\Capstone\DeepfakeBench\datasets\rgb\FaceForensics++\manipulated_sequences\Deepfakes\c23\frames\396_272\018.png,396_272,1,val
C:\Capstone\DeepfakeBench\datasets\rgb\FaceForensics++\manipulated_sequences\Deepfakes\c23\frames\396_272\019.png,396_272,1,val
C:\Capstone\DeepfakeBench\datasets\rgb\FaceForensics++\manipulated_sequences\Deepfakes\c23\frames\396_272\020.png,396_272,1,val
C:\Capstone\DeepfakeBench\datasets\rgb\FaceForensics++\manipulated_sequences\Deepfakes\c23\frames\396_272\021.png,396_272,1,val
C:\Capstone\DeepfakeBench\datasets\rgb\FaceForensics++\manipulated_sequences\Deepfakes\c23\frames\396_272\022.png,396_272,1,val
C:\Capstone\DeepfakeBench\datasets\rgb\FaceForensics++\manipulated_sequences\Deepfakes\c23\frames\396_272\023.png,396_272,1,val
C:\Capstone\DeepfakeBench\datasets\rgb\FaceForensics++\manipulated_sequences\Deepfakes\c23\frames\396_272\024.png,396_272,1,val
C:\Capstone\DeepfakeBench\datasets\rgb\FaceForensics++\manipulated_sequences\Deepfakes\c23\frames\396_272\025.png,396_272,1,val
C:\Capstone\DeepfakeBench\datasets\rgb\FaceForensics++\manipulated_sequences\Deepfakes\c23\frames\396_272\026.png,396_272,1,val
C:\Capstone\DeepfakeBench\datasets\rgb\FaceForensics++\manipulated_sequences\Deepfakes\c23\frames\396_272\027.png,396_272,1,val
C:\Capstone\DeepfakeBench\datasets\rgb\FaceForensics++\manipulated_sequences\Deepfakes\c23\frames\396_272\028.png,396_272,1,val
C:\Capstone\DeepfakeBench\datasets\rgb\FaceForensics++\manipulated_sequences\Deepfakes\c23\frames\396_272\029.png,396_272,1,val
C:\Capstone\DeepfakeBench\datasets\rgb\FaceForensics++\manipulated_sequences\Deepfakes\c23\frames\396_272\030.png,396_272,1,val
C:\Capstone\DeepfakeBench\datasets\rgb\FaceForensics++\manipulated_sequences\Deepfakes\c23\frames\396_272\031.png,396_272,1,val
C:\Capstone\DeepfakeBench\datasets\rgb\FaceForensics++\original_sequences\youtube\c23\frames\192\000.png,192,0,val
C:\Capstone\DeepfakeBench\datasets\rgb\FaceForensics++\original_sequences\youtube\c23\frames\192\001.png,192,0,val
C:\Capstone\DeepfakeBench\datasets\rgb\FaceForensics++\original_sequences\youtube\c23\frames\192\002.png,192,0,val
C:\Capstone\DeepfakeBench\datasets\rgb\FaceForensics++\original_sequences\youtube\c23\frames\192\003.png,192,0,val
C:\Capstone\DeepfakeBench\datasets\rgb\FaceForensics++\original_sequences\youtube\c23\frames\192\004.png,192,0,val
C:\Capstone\DeepfakeBench\datasets\rgb\FaceForensics++\original_sequences\youtube\c23\frames\192\005.png,192,0,val
C:\Capstone\DeepfakeBench\datasets\rgb\FaceForensics++\original_sequences\youtube\c23\frames\192\006.png,192,0,val
C:\Capstone\DeepfakeBench\datasets\rgb\FaceForensics++\original_sequences\youtube\c23\frames\192\007.png,192,0,val
C:\Capstone\DeepfakeBench\datasets\rgb\FaceForensics++\original_sequences\youtube\c23\frames\192\008.png,192,0,val
C:\Capstone\DeepfakeBench\datasets\rgb\FaceForensics++\original_sequences\youtube\c23\frames\192\009.png,192,0,val
C:\Capstone\DeepfakeBench\datasets\rgb\FaceForensics++\original_sequences\youtube\c23\frames\192\010.png,192,0,val
C:\Capstone\DeepfakeBench\datasets\rgb\FaceForensics++\original_sequences\youtube\c23\frames\192\011.png,192,0,val
C:\Capstone\DeepfakeBench\datasets\rgb\FaceForensics++\original_sequences\youtube\c23\frames\192\012.png,192,0,val
C:\Capstone\DeepfakeBench\datasets\rgb\FaceForensics++\original_sequences\youtube\c23\frames\192\013.png,192,0,val
C:\Capstone\DeepfakeBench\datasets\rgb\FaceForensics++\original_sequences\youtube\c23\frames\192\014.png,192,0,val
C:\Capstone\DeepfakeBench\datasets\rgb\FaceForensics++\original_sequences\youtube\c23\frames\192\015.png,192,0,val
C:\Capstone\DeepfakeBench\datasets\rgb\FaceForensics++\original_sequences\youtube\c23\frames\192\016.png,192,0,val
C:\Capstone\DeepfakeBench\datasets\rgb\FaceForensics++\original_sequences\youtube\c23\frames\192\017.png,192,0,val
C:\Capstone\DeepfakeBench\datasets\rgb\FaceForensics++\original_sequences\youtube\c23\frames\192\018.png,192,0,val
C:\Capstone\DeepfakeBench\datasets\rgb\FaceForensics++\original_sequences\youtube\c23\frames\192\019.png,192,0,val
C:\Capstone\DeepfakeBench\datasets\rgb\FaceForensics++\original_sequences\youtube\c23\frames\192\020.png,192,0,val
C:\Capstone\DeepfakeBench\datasets\rgb\FaceForensics++\original_sequences\youtube\c23\frames\192\021.png,192,0,val
C:\Capstone\DeepfakeBench\datasets\rgb\FaceForensics++\original_sequences\youtube\c23\frames\192\022.png,192,0,val
C:\Capstone\DeepfakeBench\datasets\rgb\FaceForensics++\original_sequences\youtube\c23\frames\192\023.png,192,0,val
C:\Capstone\DeepfakeBench\datasets\rgb\FaceForensics++\original_sequences\youtube\c23\frames\192\024.png,192,0,val
C:\Capstone\DeepfakeBench\datasets\rgb\FaceForensics++\original_sequences\youtube\c23\frames\192\025.png,192,0,val
C:\Capstone\DeepfakeBench\datasets\rgb\FaceForensics++\original_sequences\youtube\c23\frames\192\026.png,192,0,val
C:\Capstone\DeepfakeBench\datasets\rgb\FaceForensics++\original_sequences\youtube\c23\frames\192\027.png,192,0,val
C:\Capstone\DeepfakeBench\datasets\rgb\FaceForensics++\original_sequences\youtube\c23\frames\192\028.png,192,0,val
C:\Capstone\DeepfakeBench\datasets\rgb\FaceForensics++\original_sequences\youtube\c23\frames\192\029.png,192,0,val
C:\Capstone\DeepfakeBench\datasets\rgb\FaceForensics++\original_sequences\youtube\c23\frames\192\030.png,192,0,val
C:\Capstone\DeepfakeBench\datasets\rgb\FaceForensics++\original_sequences\youtube\c23\frames\192\031.png,192,0,val
C:\Capstone\DeepfakeBench\datasets\rgb\FaceForensics++\original_sequences\youtube\c23\frames\980\000.png,980,0,val
C:\Capstone\DeepfakeBench\datasets\rgb\FaceForensics++\original_sequences\youtube\c23\frames\980\001.png,980,0,val
C:\Capstone\DeepfakeBench\datasets\rgb\FaceForensics++\original_sequences\youtube\c23\frames\980\002.png,980,0,val
C:\Capstone\DeepfakeBench\datasets\rgb\FaceForensics++\original_sequences\youtube\c23\frames\980\003.png,980,0,val
C:\Capstone\DeepfakeBench\datasets\rgb\FaceForensics++\original_sequences\youtube\c23\frames\980\004.png,980,0,val
C:\Capstone\DeepfakeBench\datasets\rgb\FaceForensics++\original_sequences\youtube\c23\frames\980\005.png,980,0,val
C:\Capstone\DeepfakeBench\datasets\rgb\FaceForensics++\original_sequences\youtube\c23\frames\980\006.png,980,0,val
C:\Capstone\DeepfakeBench\datasets\rgb\FaceForensics++\original_sequences\youtube\c23\frames\980\007.png,980,0,val
C:\Capstone\DeepfakeBench\datasets\rgb\FaceForensics++\original_sequences\youtube\c23\frames\980\008.png,980,0,val
C:\Capstone\DeepfakeBench\datasets\rgb\FaceForensics++\original_sequences\youtube\c23\frames\980\009.png,980,0,val
C:\Capstone\DeepfakeBench\datasets\rgb\FaceForensics++\original_sequences\youtube\c23\frames\980\010.png,980,0,val
C:\Capstone\DeepfakeBench\datasets\rgb\FaceForensics++\original_sequences\youtube\c23\frames\980\011.png,980,0,val
C:\Capstone\DeepfakeBench\datasets\rgb\FaceForensics++\original_sequences\youtube\c23\frames\980\012.png,980,0,val
C:\Capstone\DeepfakeBench\datasets\rgb\FaceForensics++\original_sequences\youtube\c23\frames\980\013.png,980,0,val
C:\Capstone\DeepfakeBench\datasets\rgb\FaceForensics++\original_sequences\youtube\c23\frames\980\014.png,980,0,val
C:\Capstone\DeepfakeBench\datasets\rgb\FaceForensics++\original_sequences\youtube\c23\frames\980\015.png,980,0,val
C:\Capstone\DeepfakeBench\datasets\rgb\FaceForensics++\original_sequences\youtube\c23\frames\980\016.png,980,0,val
C:\Capstone\DeepfakeBench\datasets\rgb\FaceForensics++\original_sequences\youtube\c23\frames\980\017.png,980,0,val
C:\Capstone\DeepfakeBench\datasets\rgb\FaceForensics++\original_sequences\youtube\c23\frames\980\018.png,980,0,val
C:\Capstone\DeepfakeBench\datasets\rgb\FaceForensics++\original_sequences\youtube\c23\frames\980\019.png,980,0,val
C:\Capstone\DeepfakeBench\datasets\rgb\FaceForensics++\original_sequences\youtube\c23\frames\980\020.png,980,0,val
C:\Capstone\DeepfakeBench\datasets\rgb\FaceForensics++\original_sequences\youtube\c23\frames\980\021.png,980,0,val
C:\Capstone\DeepfakeBench\datasets\rgb\FaceForensics++\original_sequences\youtube\c23\frames\980\022.png,980,0,val
C:\Capstone\DeepfakeBench\datasets\rgb\FaceForensics++\original_sequences\youtube\c23\frames\980\023.png,980,0,val
C:\Capstone\DeepfakeBench\datasets\rgb\FaceForensics++\original_sequences\youtube\c23\frames\980\024.png,980,0,val
C:\Capstone\DeepfakeBench\datasets\rgb\FaceForensics++\original_sequences\youtube\c23\frames\980\025.png,980,0,val
C:\Capstone\DeepfakeBench\datasets\rgb\FaceForensics++\original_sequences\youtube\c23\frames\980\026.png,980,0,val
C:\Capstone\DeepfakeBench\datasets\rgb\FaceForensics++\original_sequences\youtube\c23\frames\980\027.png,980,0,val
C:\Capstone\DeepfakeBench\datasets\rgb\FaceForensics++\original_sequences\youtube\c23\frames\980\028.png,980,0,val
C:\Capstone\DeepfakeBench\datasets\rgb\FaceForensics++\original_sequences\youtube\c23\frames\980\029.png,980,0,val
C:\Capstone\DeepfakeBench\datasets\rgb\FaceForensics++\original_sequences\youtube\c23\frames\980\030.png,980,0,val
C:\Capstone\DeepfakeBench\datasets\rgb\FaceForensics++\original_sequences\youtube\c23\frames\980\031.png,980,0,val
C:\Capstone\DeepfakeBench\datasets\rgb\FaceForensics++\original_sequences\youtube\c23\frames\263\000.png,263,0,val
C:\Capstone\DeepfakeBench\datasets\rgb\FaceForensics++\original_sequences\youtube\c23\frames\263\001.png,263,0,val
C:\Capstone\DeepfakeBench\datasets\rgb\FaceForensics++\original_sequences\youtube\c23\frames\263\002.png,263,0,val
C:\Capstone\DeepfakeBench\datasets\rgb\FaceForensics++\original_sequences\youtube\c23\frames\263\003.png,263,0,val
C:\Capstone\DeepfakeBench\datasets\rgb\FaceForensics++\original_sequences\youtube\c23\frames\263\004.png,263,0,val
C:\Capstone\DeepfakeBench\datasets\rgb\FaceForensics++\original_sequences\youtube\c23\frames\263\005.png,263,0,val
C:\Capstone\DeepfakeBench\datasets\rgb\FaceForensics++\original_sequences\youtube\c23\frames\263\006.png,263,0,val
C:\Capstone\DeepfakeBench\datasets\rgb\FaceForensics++\original_sequences\youtube\c23\frames\263\007.png,263,0,val
C:\Capstone\DeepfakeBench\datasets\rgb\FaceForensics++\original_sequences\youtube\c23\frames\263\008.png,263,0,val
C:\Capstone\DeepfakeBench\datasets\rgb\FaceForensics++\original_sequences\youtube\c23\frames\263\009.png,263,0,val
C:\Capstone\DeepfakeBench\datasets\rgb\FaceForensics++\original_sequences\youtube\c23\frames\263\010.png,263,0,val
C:\Capstone\DeepfakeBench\datasets\rgb\FaceForensics++\original_sequences\youtube\c23\frames\263\011.png,263,0,val
C:\Capstone\DeepfakeBench\datasets\rgb\FaceForensics++\original_sequences\youtube\c23\frames\263\012.png,263,0,val
C:\Capstone\DeepfakeBench\datasets\rgb\FaceForensics++\original_sequences\youtube\c23\frames\263\013.png,263,0,val
C:\Capstone\DeepfakeBench\datasets\rgb\FaceForensics++\original_sequences\youtube\c23\frames\263\014.png,263,0,val
C:\Capstone\DeepfakeBench\datasets\rgb\FaceForensics++\original_sequences\youtube\c23\frames\263\015.png,263,0,val
C:\Capstone\DeepfakeBench\datasets\rgb\FaceForensics++\original_sequences\youtube\c23\frames\263\016.png,263,0,val
C:\Capstone\DeepfakeBench\datasets\rgb\FaceForensics++\original_sequences\youtube\c23\frames\263\017.png,263,0,val
C:\Capstone\DeepfakeBench\datasets\rgb\FaceForensics++\original_sequences\youtube\c23\frames\263\018.png,263,0,val
C:\Capstone\DeepfakeBench\datasets\rgb\FaceForensics++\original_sequences\youtube\c23\frames\263\019.png,263,0,val
C:\Capstone\DeepfakeBench\datasets\rgb\FaceForensics++\original_sequences\youtube\c23\frames\263\020.png,263,0,val
C:\Capstone\DeepfakeBench\datasets\rgb\FaceForensics++\original_sequences\youtube\c23\frames\263\021.png,263,0,val
C:\Capstone\DeepfakeBench\datasets\rgb\FaceForensics++\original_sequences\youtube\c23\frames\263\022.png,263,0,val
C:\Capstone\DeepfakeBench\datasets\rgb\FaceForensics++\original_sequences\youtube\c23\frames\263\023.png,263,0,val
C:\Capstone\DeepfakeBench\datasets\rgb\FaceForensics++\original_sequences\youtube\c23\frames\263\024.png,263,0,val
C:\Capstone\DeepfakeBench\datasets\rgb\FaceForensics++\original_sequences\youtube\c23\frames\263\025.png,263,0,val
C:\Capstone\DeepfakeBench\datasets\rgb\FaceForensics++\original_sequences\youtube\c23\frames\263\026.png,263,0,val
C:\Capstone\DeepfakeBench\datasets\rgb\FaceForensics++\original_sequences\youtube\c23\frames\263\027.png,263,0,val
C:\Capstone\DeepfakeBench\datasets\rgb\FaceForensics++\original_sequences\youtube\c23\frames\263\028.png,263,0,val
C:\Capstone\DeepfakeBench\datasets\rgb\FaceForensics++\original_sequences\youtube\c23\frames\263\029.png,263,0,val
C:\Capstone\DeepfakeBench\datasets\rgb\FaceForensics++\original_sequences\youtube\c23\frames\263\030.png,263,0,val
C:\Capstone\DeepfakeBench\datasets\rgb\FaceForensics++\original_sequences\youtube\c23\frames\263\031.png,263,0,val
C:\Capstone\DeepfakeBench\datasets\rgb\FaceForensics++\manipulated_sequences\Deepfakes\c23\frames\337_522\000.png,337_522,1,val
C:\Capstone\DeepfakeBench\datasets\rgb\FaceForensics++\manipulated_sequences\Deepfakes\c23\frames\337_522\001.png,337_522,1,val
C:\Capstone\DeepfakeBench\datasets\rgb\FaceForensics++\manipulated_sequences\Deepfakes\c23\frames\337_522\002.png,337_522,1,val
C:\Capstone\DeepfakeBench\datasets\rgb\FaceForensics++\manipulated_sequences\Deepfakes\c23\frames\337_522\003.png,337_522,1,val
C:\Capstone\DeepfakeBench\datasets\rgb\FaceForensics++\manipulated_sequences\Deepfakes\c23\frames\337_522\004.png,337_522,1,val
C:\Capstone\DeepfakeBench\datasets\rgb\FaceForensics++\manipulated_sequences\Deepfakes\c23\frames\337_522\005.png,337_522,1,val
C:\Capstone\DeepfakeBench\datasets\rgb\FaceForensics++\manipulated_sequences\Deepfakes\c23\frames\337_522\006.png,337_522,1,val
C:\Capstone\DeepfakeBench\datasets\rgb\FaceForensics++\manipulated_sequences\Deepfakes\c23\frames\337_522\007.png,337_522,1,val
C:\Capstone\DeepfakeBench\datasets\rgb\FaceForensics++\manipulated_sequences\Deepfakes\c23\frames\337_522\008.png,337_522,1,val
C:\Capstone\DeepfakeBench\datasets\rgb\FaceForensics++\manipulated_sequences\Deepfakes\c23\frames\337_522\009.png,337_522,1,val
C:\Capstone\DeepfakeBench\datasets\rgb\FaceForensics++\manipulated_sequences\Deepfakes\c23\frames\337_522\010.png,337_522,1,val
C:\Capstone\DeepfakeBench\datasets\rgb\FaceForensics++\manipulated_sequences\Deepfakes\c23\frames\337_522\011.png,337_522,1,val
C:\Capstone\DeepfakeBench\datasets\rgb\FaceForensics++\manipulated_sequences\Deepfakes\c23\frames\337_522\012.png,337_522,1,val
C:\Capstone\DeepfakeBench\datasets\rgb\FaceForensics++\manipulated_sequences\Deepfakes\c23\frames\337_522\013.png,337_522,1,val
C:\Capstone\DeepfakeBench\datasets\rgb\FaceForensics++\manipulated_sequences\Deepfakes\c23\frames\337_522\014.png,337_522,1,val
C:\Capstone\DeepfakeBench\datasets\rgb\FaceForensics++\manipulated_sequences\Deepfakes\c23\frames\337_522\015.png,337_522,1,val
C:\Capstone\DeepfakeBench\datasets\rgb\FaceForensics++\manipulated_sequences\Deepfakes\c23\frames\337_522\016.png,337_522,1,val
C:\Capstone\DeepfakeBench\datasets\rgb\FaceForensics++\manipulated_sequences\Deepfakes\c23\frames\337_522\017.png,337_522,1,val
C:\Capstone\DeepfakeBench\datasets\rgb\FaceForensics++\manipulated_sequences\Deepfakes\c23\frames\337_522\018.png,337_522,1,val
C:\Capstone\DeepfakeBench\datasets\rgb\FaceForensics++\manipulated_sequences\Deepfakes\c23\frames\337_522\019.png,337_522,1,val
C:\Capstone\DeepfakeBench\datasets\rgb\FaceForensics++\manipulated_sequences\Deepfakes\c23\frames\337_522\020.png,337_522,1,val
C:\Capstone\DeepfakeBench\datasets\rgb\FaceForensics++\manipulated_sequences\Deepfakes\c23\frames\337_522\021.png,337_522,1,val
C:\Capstone\DeepfakeBench\datasets\rgb\FaceForensics++\manipulated_sequences\Deepfakes\c23\frames\337_522\022.png,337_522,1,val
C:\Capstone\DeepfakeBench\datasets\rgb\FaceForensics++\manipulated_sequences\Deepfakes\c23\frames\337_522\023.png,337_522,1,val
C:\Capstone\DeepfakeBench\datasets\rgb\FaceForensics++\manipulated_sequences\Deepfakes\c23\frames\337_522\024.png,337_522,1,val
C:\Capstone\DeepfakeBench\datasets\rgb\FaceForensics++\manipulated_sequences\Deepfakes\c23\frames\337_522\025.png,337_522,1,val
C:\Capstone\DeepfakeBench\datasets\rgb\FaceForensics++\manipulated_sequences\Deepfakes\c23\frames\337_522\026.png,337_522,1,val
C:\Capstone\DeepfakeBench\datasets\rgb\FaceForensics++\manipulated_sequences\Deepfakes\c23\frames\337_522\027.png,337_522,1,val
C:\Capstone\DeepfakeBench\datasets\rgb\FaceForensics++\manipulated_sequences\Deepfakes\c23\frames\337_522\028.png,337_522,1,val
C:\Capstone\DeepfakeBench\datasets\rgb\FaceForensics++\manipulated_sequences\Deepfakes\c23\frames\337_522\029.png,337_522,1,val
C:\Capstone\DeepfakeBench\datasets\rgb\FaceForensics++\manipulated_sequences\Deepfakes\c23\frames\337_522\030.png,337_522,1,val
C:\Capstone\DeepfakeBench\datasets\rgb\FaceForensics++\manipulated_sequences\Deepfakes\c23\frames\337_522\031.png,337_522,1,val
C:\Capstone\DeepfakeBench\datasets\rgb\FaceForensics++\manipulated_sequences\Deepfakes\c23\frames\168_222\000.png,168_222,1,val
C:\Capstone\DeepfakeBench\datasets\rgb\FaceForensics++\manipulated_sequences\Deepfakes\c23\frames\168_222\001.png,168_222,1,val
C:\Capstone\DeepfakeBench\datasets\rgb\FaceForensics++\manipulated_sequences\Deepfakes\c23\frames\168_222\002.png,168_222,1,val
C:\Capstone\DeepfakeBench\datasets\rgb\FaceForensics++\manipulated_sequences\Deepfakes\c23\frames\168_222\003.png,168_222,1,val
C:\Capstone\DeepfakeBench\datasets\rgb\FaceForensics++\manipulated_sequences\Deepfakes\c23\frames\168_222\004.png,168_222,1,val
C:\Capstone\DeepfakeBench\datasets\rgb\FaceForensics++\manipulated_sequences\Deepfakes\c23\frames\168_222\005.png,168_222,1,val
C:\Capstone\DeepfakeBench\datasets\rgb\FaceForensics++\manipulated_sequences\Deepfakes\c23\frames\168_222\006.png,168_222,1,val
C:\Capstone\DeepfakeBench\datasets\rgb\FaceForensics++\manipulated_sequences\Deepfakes\c23\frames\168_222\007.png,168_222,1,val
C:\Capstone\DeepfakeBench\datasets\rgb\FaceForensics++\manipulated_sequences\Deepfakes\c23\frames\168_222\008.png,168_222,1,val
C:\Capstone\DeepfakeBench\datasets\rgb\FaceForensics++\manipulated_sequences\Deepfakes\c23\frames\168_222\009.png,168_222,1,val
C:\Capstone\DeepfakeBench\datasets\rgb\FaceForensics++\manipulated_sequences\Deepfakes\c23\frames\168_222\010.png,168_222,1,val
C:\Capstone\DeepfakeBench\datasets\rgb\FaceForensics++\manipulated_sequences\Deepfakes\c23\frames\168_222\011.png,168_222,1,val
C:\Capstone\DeepfakeBench\datasets\rgb\FaceForensics++\manipulated_sequences\Deepfakes\c23\frames\168_222\012.png,168_222,1,val
C:\Capstone\DeepfakeBench\datasets\rgb\FaceForensics++\manipulated_sequences\Deepfakes\c23\frames\168_222\013.png,168_222,1,val
C:\Capstone\DeepfakeBench\datasets\rgb\FaceForensics++\manipulated_sequences\Deepfakes\c23\frames\168_222\014.png,168_222,1,val
C:\Capstone\DeepfakeBench\datasets\rgb\FaceForensics++\manipulated_sequences\Deepfakes\c23\frames\168_222\015.png,168_222,1,val
C:\Capstone\DeepfakeBench\datasets\rgb\FaceForensics++\manipulated_sequences\Deepfakes\c23\frames\168_222\016.png,168_222,1,val
C:\Capstone\DeepfakeBench\datasets\rgb\FaceForensics++\manipulated_sequences\Deepfakes\c23\frames\168_222\017.png,168_222,1,val
C:\Capstone\DeepfakeBench\datasets\rgb\FaceForensics++\manipulated_sequences\Deepfakes\c23\frames\168_222\018.png,168_222,1,val
C:\Capstone\DeepfakeBench\datasets\rgb\FaceForensics++\manipulated_sequences\Deepfakes\c23\frames\168_222\019.png,168_222,1,val
C:\Capstone\DeepfakeBench\datasets\rgb\FaceForensics++\manipulated_sequences\Deepfakes\c23\frames\168_222\020.png,168_222,1,val
C:\Capstone\DeepfakeBench\datasets\rgb\FaceForensics++\manipulated_sequences\Deepfakes\c23\frames\168_222\021.png,168_222,1,val
C:\Capstone\DeepfakeBench\datasets\rgb\FaceForensics++\manipulated_sequences\Deepfakes\c23\frames\168_222\022.png,168_222,1,val
C:\Capstone\DeepfakeBench\datasets\rgb\FaceForensics++\manipulated_sequences\Deepfakes\c23\frames\168_222\023.png,168_222,1,val
C:\Capstone\DeepfakeBench\datasets\rgb\FaceForensics++\manipulated_sequences\Deepfakes\c23\frames\168_222\024.png,168_222,1,val
C:\Capstone\DeepfakeBench\datasets\rgb\FaceForensics++\manipulated_sequences\Deepfakes\c23\frames\168_222\025.png,168_222,1,val
C:\Capstone\DeepfakeBench\datasets\rgb\FaceForensics++\manipulated_sequences\Deepfakes\c23\frames\168_222\026.png,168_222,1,val
C:\Capstone\DeepfakeBench\datasets\rgb\FaceForensics++\manipulated_sequences\Deepfakes\c23\frames\168_222\027.png,168_222,1,val
C:\Capstone\DeepfakeBench\datasets\rgb\FaceForensics++\manipulated_sequences\Deepfakes\c23\frames\168_222\028.png,168_222,1,val
C:\Capstone\DeepfakeBench\datasets\rgb\FaceForensics++\manipulated_sequences\Deepfakes\c23\frames\168_222\029.png,168_222,1,val
C:\Capstone\DeepfakeBench\datasets\rgb\FaceForensics++\manipulated_sequences\Deepfakes\c23\frames\168_222\030.png,168_222,1,val
C:\Capstone\DeepfakeBench\datasets\rgb\FaceForensics++\manipulated_sequences\Deepfakes\c23\frames\168_222\031.png,168_222,1,val
C:\Capstone\DeepfakeBench\datasets\rgb\FaceForensics++\original_sequences\youtube\c23\frames\128\000.png,128,0,val
C:\Capstone\DeepfakeBench\datasets\rgb\FaceForensics++\original_sequences\youtube\c23\frames\128\001.png,128,0,val
C:\Capstone\DeepfakeBench\datasets\rgb\FaceForensics++\original_sequences\youtube\c23\frames\128\002.png,128,0,val
C:\Capstone\DeepfakeBench\datasets\rgb\FaceForensics++\original_sequences\youtube\c23\frames\128\003.png,128,0,val
C:\Capstone\DeepfakeBench\datasets\rgb\FaceForensics++\original_sequences\youtube\c23\frames\128\004.png,128,0,val
C:\Capstone\DeepfakeBench\datasets\rgb\FaceForensics++\original_sequences\youtube\c23\frames\128\005.png,128,0,val
C:\Capstone\DeepfakeBench\datasets\rgb\FaceForensics++\original_sequences\youtube\c23\frames\128\006.png,128,0,val
C:\Capstone\DeepfakeBench\datasets\rgb\FaceForensics++\original_sequences\youtube\c23\frames\128\007.png,128,0,val
C:\Capstone\DeepfakeBench\datasets\rgb\FaceForensics++\original_sequences\youtube\c23\frames\128\008.png,128,0,val
C:\Capstone\DeepfakeBench\datasets\rgb\FaceForensics++\original_sequences\youtube\c23\frames\128\009.png,128,0,val
C:\Capstone\DeepfakeBench\datasets\rgb\FaceForensics++\original_sequences\youtube\c23\frames\128\010.png,128,0,val
C:\Capstone\DeepfakeBench\datasets\rgb\FaceForensics++\original_sequences\youtube\c23\frames\128\011.png,128,0,val
C:\Capstone\DeepfakeBench\datasets\rgb\FaceForensics++\original_sequences\youtube\c23\frames\128\012.png,128,0,val
C:\Capstone\DeepfakeBench\datasets\rgb\FaceForensics++\original_sequences\youtube\c23\frames\128\013.png,128,0,val
C:\Capstone\DeepfakeBench\datasets\rgb\FaceForensics++\original_sequences\youtube\c23\frames\128\014.png,128,0,val
C:\Capstone\DeepfakeBench\datasets\rgb\FaceForensics++\original_sequences\youtube\c23\frames\128\015.png,128,0,val
C:\Capstone\DeepfakeBench\datasets\rgb\FaceForensics++\original_sequences\youtube\c23\frames\128\016.png,128,0,val
C:\Capstone\DeepfakeBench\datasets\rgb\FaceForensics++\original_sequences\youtube\c23\frames\128\017.png,128,0,val
C:\Capstone\DeepfakeBench\datasets\rgb\FaceForensics++\original_sequences\youtube\c23\frames\128\018.png,128,0,val
C:\Capstone\DeepfakeBench\datasets\rgb\FaceForensics++\original_sequences\youtube\c23\frames\128\019.png,128,0,val
C:\Capstone\DeepfakeBench\datasets\rgb\FaceForensics++\original_sequences\youtube\c23\frames\128\020.png,128,0,val
C:\Capstone\DeepfakeBench\datasets\rgb\FaceForensics++\original_sequences\youtube\c23\frames\128\021.png,128,0,val
C:\Capstone\DeepfakeBench\datasets\rgb\FaceForensics++\original_sequences\youtube\c23\frames\128\022.png,128,0,val
C:\Capstone\DeepfakeBench\datasets\rgb\FaceForensics++\original_sequences\youtube\c23\frames\128\023.png,128,0,val
C:\Capstone\DeepfakeBench\datasets\rgb\FaceForensics++\original_sequences\youtube\c23\frames\128\024.png,128,0,val
C:\Capstone\DeepfakeBench\datasets\rgb\FaceForensics++\original_sequences\youtube\c23\frames\128\025.png,128,0,val
C:\Capstone\DeepfakeBench\datasets\rgb\FaceForensics++\original_sequences\youtube\c23\frames\128\026.png,128,0,val
C:\Capstone\DeepfakeBench\datasets\rgb\FaceForensics++\original_sequences\youtube\c23\frames\128\027.png,128,0,val
C:\Capstone\DeepfakeBench\datasets\rgb\FaceForensics++\original_sequences\youtube\c23\frames\128\028.png,128,0,val
C:\Capstone\DeepfakeBench\datasets\rgb\FaceForensics++\original_sequences\youtube\c23\frames\128\029.png,128,0,val
C:\Capstone\DeepfakeBench\datasets\rgb\FaceForensics++\original_sequences\youtube\c23\frames\128\030.png,128,0,val
C:\Capstone\DeepfakeBench\datasets\rgb\FaceForensics++\original_sequences\youtube\c23\frames\128\031.png,128,0,val
C:\Capstone\DeepfakeBench\datasets\rgb\FaceForensics++\original_sequences\youtube\c23\frames\654\000.png,654,0,val
C:\Capstone\DeepfakeBench\datasets\rgb\FaceForensics++\original_sequences\youtube\c23\frames\654\001.png,654,0,val
C:\Capstone\DeepfakeBench\datasets\rgb\FaceForensics++\original_sequences\youtube\c23\frames\654\002.png,654,0,val
C:\Capstone\DeepfakeBench\datasets\rgb\FaceForensics++\original_sequences\youtube\c23\frames\654\003.png,654,0,val
C:\Capstone\DeepfakeBench\datasets\rgb\FaceForensics++\original_sequences\youtube\c23\frames\654\004.png,654,0,val
C:\Capstone\DeepfakeBench\datasets\rgb\FaceForensics++\original_sequences\youtube\c23\frames\654\005.png,654,0,val
C:\Capstone\DeepfakeBench\datasets\rgb\FaceForensics++\original_sequences\youtube\c23\frames\654\006.png,654,0,val
C:\Capstone\DeepfakeBench\datasets\rgb\FaceForensics++\original_sequences\youtube\c23\frames\654\007.png,654,0,val
C:\Capstone\DeepfakeBench\datasets\rgb\FaceForensics++\original_sequences\youtube\c23\frames\654\008.png,654,0,val
C:\Capstone\DeepfakeBench\datasets\rgb\FaceForensics++\original_sequences\youtube\c23\frames\654\009.png,654,0,val
C:\Capstone\DeepfakeBench\datasets\rgb\FaceForensics++\original_sequences\youtube\c23\frames\654\010.png,654,0,val
C:\Capstone\DeepfakeBench\datasets\rgb\FaceForensics++\original_sequences\youtube\c23\frames\654\011.png,654,0,val
C:\Capstone\DeepfakeBench\datasets\rgb\FaceForensics++\original_sequences\youtube\c23\frames\654\012.png,654,0,val
C:\Capstone\DeepfakeBench\datasets\rgb\FaceForensics++\original_sequences\youtube\c23\frames\654\013.png,654,0,val
C:\Capstone\DeepfakeBench\datasets\rgb\FaceForensics++\original_sequences\youtube\c23\frames\654\014.png,654,0,val
C:\Capstone\DeepfakeBench\datasets\rgb\FaceForensics++\original_sequences\youtube\c23\frames\654\015.png,654,0,val
C:\Capstone\DeepfakeBench\datasets\rgb\FaceForensics++\original_sequences\youtube\c23\frames\654\016.png,654,0,val
C:\Capstone\DeepfakeBench\datasets\rgb\FaceForensics++\original_sequences\youtube\c23\frames\654\017.png,654,0,val
C:\Capstone\DeepfakeBench\datasets\rgb\FaceForensics++\original_sequences\youtube\c23\frames\654\018.png,654,0,val
C:\Capstone\DeepfakeBench\datasets\rgb\FaceForensics++\original_sequences\youtube\c23\frames\654\019.png,654,0,val
C:\Capstone\DeepfakeBench\datasets\rgb\FaceForensics++\original_sequences\youtube\c23\frames\654\020.png,654,0,val
C:\Capstone\DeepfakeBench\datasets\rgb\FaceForensics++\original_sequences\youtube\c23\frames\654\021.png,654,0,val
C:\Capstone\DeepfakeBench\datasets\rgb\FaceForensics++\original_sequences\youtube\c23\frames\654\022.png,654,0,val
C:\Capstone\DeepfakeBench\datasets\rgb\FaceForensics++\original_sequences\youtube\c23\frames\654\023.png,654,0,val
C:\Capstone\DeepfakeBench\datasets\rgb\FaceForensics++\original_sequences\youtube\c23\frames\654\024.png,654,0,val
C:\Capstone\DeepfakeBench\datasets\rgb\FaceForensics++\original_sequences\youtube\c23\frames\654\025.png,654,0,val
C:\Capstone\DeepfakeBench\datasets\rgb\FaceForensics++\original_sequences\youtube\c23\frames\654\026.png,654,0,val
C:\Capstone\DeepfakeBench\datasets\rgb\FaceForensics++\original_sequences\youtube\c23\frames\654\027.png,654,0,val
C:\Capstone\DeepfakeBench\datasets\rgb\FaceForensics++\original_sequences\youtube\c23\frames\654\028.png,654,0,val
C:\Capstone\DeepfakeBench\datasets\rgb\FaceForensics++\original_sequences\youtube\c23\frames\654\029.png,654,0,val
C:\Capstone\DeepfakeBench\datasets\rgb\FaceForensics++\original_sequences\youtube\c23\frames\654\030.png,654,0,val
C:\Capstone\DeepfakeBench\datasets\rgb\FaceForensics++\original_sequences\youtube\c23\frames\654\031.png,654,0,val
C:\Capstone\DeepfakeBench\datasets\rgb\FaceForensics++\original_sequences\youtube\c23\frames\920\000.png,920,0,val
C:\Capstone\DeepfakeBench\datasets\rgb\FaceForensics++\original_sequences\youtube\c23\frames\920\001.png,920,0,val
C:\Capstone\DeepfakeBench\datasets\rgb\FaceForensics++\original_sequences\youtube\c23\frames\920\002.png,920,0,val
C:\Capstone\DeepfakeBench\datasets\rgb\FaceForensics++\original_sequences\youtube\c23\frames\920\003.png,920,0,val
C:\Capstone\DeepfakeBench\datasets\rgb\FaceForensics++\original_sequences\youtube\c23\frames\920\004.png,920,0,val
C:\Capstone\DeepfakeBench\datasets\rgb\FaceForensics++\original_sequences\youtube\c23\frames\920\005.png,920,0,val
C:\Capstone\DeepfakeBench\datasets\rgb\FaceForensics++\original_sequences\youtube\c23\frames\920\006.png,920,0,val
C:\Capstone\DeepfakeBench\datasets\rgb\FaceForensics++\original_sequences\youtube\c23\frames\920\007.png,920,0,val
C:\Capstone\DeepfakeBench\datasets\rgb\FaceForensics++\original_sequences\youtube\c23\frames\920\008.png,920,0,val
C:\Capstone\DeepfakeBench\datasets\rgb\FaceForensics++\original_sequences\youtube\c23\frames\920\009.png,920,0,val
C:\Capstone\DeepfakeBench\datasets\rgb\FaceForensics++\original_sequences\youtube\c23\frames\920\010.png,920,0,val
C:\Capstone\DeepfakeBench\datasets\rgb\FaceForensics++\original_sequences\youtube\c23\frames\920\011.png,920,0,val
C:\Capstone\DeepfakeBench\datasets\rgb\FaceForensics++\original_sequences\youtube\c23\frames\920\012.png,920,0,val
C:\Capstone\DeepfakeBench\datasets\rgb\FaceForensics++\original_sequences\youtube\c23\frames\920\013.png,920,0,val
C:\Capstone\DeepfakeBench\datasets\rgb\FaceForensics++\original_sequences\youtube\c23\frames\920\014.png,920,0,val
C:\Capstone\DeepfakeBench\datasets\rgb\FaceForensics++\original_sequences\youtube\c23\frames\920\015.png,920,0,val
C:\Capstone\DeepfakeBench\datasets\rgb\FaceForensics++\original_sequences\youtube\c23\frames\920\016.png,920,0,val
C:\Capstone\DeepfakeBench\datasets\rgb\FaceForensics++\original_sequences\youtube\c23\frames\920\017.png,920,0,val
C:\Capstone\DeepfakeBench\datasets\rgb\FaceForensics++\original_sequences\youtube\c23\frames\920\018.png,920,0,val
C:\Capstone\DeepfakeBench\datasets\rgb\FaceForensics++\original_sequences\youtube\c23\frames\920\019.png,920,0,val
C:\Capstone\DeepfakeBench\datasets\rgb\FaceForensics++\original_sequences\youtube\c23\frames\920\020.png,920,0,val
C:\Capstone\DeepfakeBench\datasets\rgb\FaceForensics++\original_sequences\youtube\c23\frames\920\021.png,920,0,val
C:\Capstone\DeepfakeBench\datasets\rgb\FaceForensics++\original_sequences\youtube\c23\frames\920\022.png,920,0,val
C:\Capstone\DeepfakeBench\datasets\rgb\FaceForensics++\original_sequences\youtube\c23\frames\920\023.png,920,0,val
C:\Capstone\DeepfakeBench\datasets\rgb\FaceForensics++\original_sequences\youtube\c23\frames\920\024.png,920,0,val
C:\Capstone\DeepfakeBench\datasets\rgb\FaceForensics++\original_sequences\youtube\c23\frames\920\025.png,920,0,val
C:\Capstone\DeepfakeBench\datasets\rgb\FaceForensics++\original_sequences\youtube\c23\frames\920\026.png,920,0,val
C:\Capstone\DeepfakeBench\datasets\rgb\FaceForensics++\original_sequences\youtube\c23\frames\920\027.png,920,0,val
C:\Capstone\DeepfakeBench\datasets\rgb\FaceForensics++\original_sequences\youtube\c23\frames\920\028.png,920,0,val
C:\Capstone\DeepfakeBench\datasets\rgb\FaceForensics++\original_sequences\youtube\c23\frames\920\029.png,920,0,val
C:\Capstone\DeepfakeBench\datasets\rgb\FaceForensics++\original_sequences\youtube\c23\frames\920\030.png,920,0,val
C:\Capstone\DeepfakeBench\datasets\rgb\FaceForensics++\original_sequences\youtube\c23\frames\920\031.png,920,0,val
C:\Capstone\DeepfakeBench\datasets\rgb\FaceForensics++\original_sequences\youtube\c23\frames\943\000.png,943,0,val
C:\Capstone\DeepfakeBench\datasets\rgb\FaceForensics++\original_sequences\youtube\c23\frames\943\001.png,943,0,val
C:\Capstone\DeepfakeBench\datasets\rgb\FaceForensics++\original_sequences\youtube\c23\frames\943\002.png,943,0,val
C:\Capstone\DeepfakeBench\datasets\rgb\FaceForensics++\original_sequences\youtube\c23\frames\943\003.png,943,0,val
C:\Capstone\DeepfakeBench\datasets\rgb\FaceForensics++\original_sequences\youtube\c23\frames\943\004.png,943,0,val
C:\Capstone\DeepfakeBench\datasets\rgb\FaceForensics++\original_sequences\youtube\c23\frames\943\005.png,943,0,val
C:\Capstone\DeepfakeBench\datasets\rgb\FaceForensics++\original_sequences\youtube\c23\frames\943\006.png,943,0,val
C:\Capstone\DeepfakeBench\datasets\rgb\FaceForensics++\original_sequences\youtube\c23\frames\943\007.png,943,0,val
C:\Capstone\DeepfakeBench\datasets\rgb\FaceForensics++\original_sequences\youtube\c23\frames\943\008.png,943,0,val
C:\Capstone\DeepfakeBench\datasets\rgb\FaceForensics++\original_sequences\youtube\c23\frames\943\009.png,943,0,val
C:\Capstone\DeepfakeBench\datasets\rgb\FaceForensics++\original_sequences\youtube\c23\frames\943\010.png,943,0,val
C:\Capstone\DeepfakeBench\datasets\rgb\FaceForensics++\original_sequences\youtube\c23\frames\943\011.png,943,0,val
C:\Capstone\DeepfakeBench\datasets\rgb\FaceForensics++\original_sequences\youtube\c23\frames\943\012.png,943,0,val
C:\Capstone\DeepfakeBench\datasets\rgb\FaceForensics++\original_sequences\youtube\c23\frames\943\013.png,943,0,val
C:\Capstone\DeepfakeBench\datasets\rgb\FaceForensics++\original_sequences\youtube\c23\frames\943\014.png,943,0,val
C:\Capstone\DeepfakeBench\datasets\rgb\FaceForensics++\original_sequences\youtube\c23\frames\943\015.png,943,0,val
C:\Capstone\DeepfakeBench\datasets\rgb\FaceForensics++\original_sequences\youtube\c23\frames\943\016.png,943,0,val
C:\Capstone\DeepfakeBench\datasets\rgb\FaceForensics++\original_sequences\youtube\c23\frames\943\017.png,943,0,val
C:\Capstone\DeepfakeBench\datasets\rgb\FaceForensics++\original_sequences\youtube\c23\frames\943\018.png,943,0,val
C:\Capstone\DeepfakeBench\datasets\rgb\FaceForensics++\original_sequences\youtube\c23\frames\943\019.png,943,0,val
C:\Capstone\DeepfakeBench\datasets\rgb\FaceForensics++\original_sequences\youtube\c23\frames\943\020.png,943,0,val
C:\Capstone\DeepfakeBench\datasets\rgb\FaceForensics++\original_sequences\youtube\c23\frames\943\021.png,943,0,val
C:\Capstone\DeepfakeBench\datasets\rgb\FaceForensics++\original_sequences\youtube\c23\frames\943\022.png,943,0,val
C:\Capstone\DeepfakeBench\datasets\rgb\FaceForensics++\original_sequences\youtube\c23\frames\943\023.png,943,0,val
C:\Capstone\DeepfakeBench\datasets\rgb\FaceForensics++\original_sequences\youtube\c23\frames\943\024.png,943,0,val
C:\Capstone\DeepfakeBench\datasets\rgb\FaceForensics++\original_sequences\youtube\c23\frames\943\025.png,943,0,val
C:\Capstone\DeepfakeBench\datasets\rgb\FaceForensics++\original_sequences\youtube\c23\frames\943\026.png,943,0,val
C:\Capstone\DeepfakeBench\datasets\rgb\FaceForensics++\original_sequences\youtube\c23\frames\943\027.png,943,0,val
C:\Capstone\DeepfakeBench\datasets\rgb\FaceForensics++\original_sequences\youtube\c23\frames\943\028.png,943,0,val
C:\Capstone\DeepfakeBench\datasets\rgb\FaceForensics++\original_sequences\youtube\c23\frames\943\029.png,943,0,val
C:\Capstone\DeepfakeBench\datasets\rgb\FaceForensics++\original_sequences\youtube\c23\frames\943\030.png,943,0,val
C:\Capstone\DeepfakeBench\datasets\rgb\FaceForensics++\original_sequences\youtube\c23\frames\943\031.png,943,0,val
C:\Capstone\DeepfakeBench\datasets\rgb\FaceForensics++\original_sequences\youtube\c23\frames\222\000.png,222,0,val
C:\Capstone\DeepfakeBench\datasets\rgb\FaceForensics++\original_sequences\youtube\c23\frames\222\001.png,222,0,val
C:\Capstone\DeepfakeBench\datasets\rgb\FaceForensics++\original_sequences\youtube\c23\frames\222\002.png,222,0,val
C:\Capstone\DeepfakeBench\datasets\rgb\FaceForensics++\original_sequences\youtube\c23\frames\222\003.png,222,0,val
C:\Capstone\DeepfakeBench\datasets\rgb\FaceForensics++\original_sequences\youtube\c23\frames\222\004.png,222,0,val
C:\Capstone\DeepfakeBench\datasets\rgb\FaceForensics++\original_sequences\youtube\c23\frames\222\005.png,222,0,val
C:\Capstone\DeepfakeBench\datasets\rgb\FaceForensics++\original_sequences\youtube\c23\frames\222\006.png,222,0,val
C:\Capstone\DeepfakeBench\datasets\rgb\FaceForensics++\original_sequences\youtube\c23\frames\222\007.png,222,0,val
C:\Capstone\DeepfakeBench\datasets\rgb\FaceForensics++\original_sequences\youtube\c23\frames\222\008.png,222,0,val
C:\Capstone\DeepfakeBench\datasets\rgb\FaceForensics++\original_sequences\youtube\c23\frames\222\009.png,222,0,val
C:\Capstone\DeepfakeBench\datasets\rgb\FaceForensics++\original_sequences\youtube\c23\frames\222\010.png,222,0,val
C:\Capstone\DeepfakeBench\datasets\rgb\FaceForensics++\original_sequences\youtube\c23\frames\222\011.png,222,0,val
C:\Capstone\DeepfakeBench\datasets\rgb\FaceForensics++\original_sequences\youtube\c23\frames\222\012.png,222,0,val
C:\Capstone\DeepfakeBench\datasets\rgb\FaceForensics++\original_sequences\youtube\c23\frames\222\013.png,222,0,val
C:\Capstone\DeepfakeBench\datasets\rgb\FaceForensics++\original_sequences\youtube\c23\frames\222\014.png,222,0,val
C:\Capstone\DeepfakeBench\datasets\rgb\FaceForensics++\original_sequences\youtube\c23\frames\222\015.png,222,0,val
C:\Capstone\DeepfakeBench\datasets\rgb\FaceForensics++\original_sequences\youtube\c23\frames\222\016.png,222,0,val
C:\Capstone\DeepfakeBench\datasets\rgb\FaceForensics++\original_sequences\youtube\c23\frames\222\017.png,222,0,val
C:\Capstone\DeepfakeBench\datasets\rgb\FaceForensics++\original_sequences\youtube\c23\frames\222\018.png,222,0,val
C:\Capstone\DeepfakeBench\datasets\rgb\FaceForensics++\original_sequences\youtube\c23\frames\222\019.png,222,0,val
C:\Capstone\DeepfakeBench\datasets\rgb\FaceForensics++\original_sequences\youtube\c23\frames\222\020.png,222,0,val
C:\Capstone\DeepfakeBench\datasets\rgb\FaceForensics++\original_sequences\youtube\c23\frames\222\021.png,222,0,val
C:\Capstone\DeepfakeBench\datasets\rgb\FaceForensics++\original_sequences\youtube\c23\frames\222\022.png,222,0,val
C:\Capstone\DeepfakeBench\datasets\rgb\FaceForensics++\original_sequences\youtube\c23\frames\222\023.png,222,0,val
C:\Capstone\DeepfakeBench\datasets\rgb\FaceForensics++\original_sequences\youtube\c23\frames\222\024.png,222,0,val
C:\Capstone\DeepfakeBench\datasets\rgb\FaceForensics++\original_sequences\youtube\c23\frames\222\025.png,222,0,val
C:\Capstone\DeepfakeBench\datasets\rgb\FaceForensics++\original_sequences\youtube\c23\frames\222\026.png,222,0,val
C:\Capstone\DeepfakeBench\datasets\rgb\FaceForensics++\original_sequences\youtube\c23\frames\222\027.png,222,0,val
C:\Capstone\DeepfakeBench\datasets\rgb\FaceForensics++\original_sequences\youtube\c23\frames\222\028.png,222,0,val
C:\Capstone\DeepfakeBench\datasets\rgb\FaceForensics++\original_sequences\youtube\c23\frames\222\029.png,222,0,val
C:\Capstone\DeepfakeBench\datasets\rgb\FaceForensics++\original_sequences\youtube\c23\frames\222\030.png,222,0,val
C:\Capstone\DeepfakeBench\datasets\rgb\FaceForensics++\original_sequences\youtube\c23\frames\222\031.png,222,0,val
C:\Capstone\DeepfakeBench\datasets\rgb\FaceForensics++\original_sequences\youtube\c23\frames\986\000.png,986,0,val
C:\Capstone\DeepfakeBench\datasets\rgb\FaceForensics++\original_sequences\youtube\c23\frames\986\001.png,986,0,val
C:\Capstone\DeepfakeBench\datasets\rgb\FaceForensics++\original_sequences\youtube\c23\frames\986\002.png,986,0,val
C:\Capstone\DeepfakeBench\datasets\rgb\FaceForensics++\original_sequences\youtube\c23\frames\986\003.png,986,0,val
C:\Capstone\DeepfakeBench\datasets\rgb\FaceForensics++\original_sequences\youtube\c23\frames\986\004.png,986,0,val
C:\Capstone\DeepfakeBench\datasets\rgb\FaceForensics++\original_sequences\youtube\c23\frames\986\005.png,986,0,val
C:\Capstone\DeepfakeBench\datasets\rgb\FaceForensics++\original_sequences\youtube\c23\frames\986\006.png,986,0,val
C:\Capstone\DeepfakeBench\datasets\rgb\FaceForensics++\original_sequences\youtube\c23\frames\986\007.png,986,0,val
C:\Capstone\DeepfakeBench\datasets\rgb\FaceForensics++\original_sequences\youtube\c23\frames\986\008.png,986,0,val
C:\Capstone\DeepfakeBench\datasets\rgb\FaceForensics++\original_sequences\youtube\c23\frames\986\009.png,986,0,val
C:\Capstone\DeepfakeBench\datasets\rgb\FaceForensics++\original_sequences\youtube\c23\frames\986\010.png,986,0,val
C:\Capstone\DeepfakeBench\datasets\rgb\FaceForensics++\original_sequences\youtube\c23\frames\986\011.png,986,0,val
C:\Capstone\DeepfakeBench\datasets\rgb\FaceForensics++\original_sequences\youtube\c23\frames\986\012.png,986,0,val
C:\Capstone\DeepfakeBench\datasets\rgb\FaceForensics++\original_sequences\youtube\c23\frames\986\013.png,986,0,val
C:\Capstone\DeepfakeBench\datasets\rgb\FaceForensics++\original_sequences\youtube\c23\frames\986\014.png,986,0,val
C:\Capstone\DeepfakeBench\datasets\rgb\FaceForensics++\original_sequences\youtube\c23\frames\986\015.png,986,0,val
C:\Capstone\DeepfakeBench\datasets\rgb\FaceForensics++\original_sequences\youtube\c23\frames\986\016.png,986,0,val
C:\Capstone\DeepfakeBench\datasets\rgb\FaceForensics++\original_sequences\youtube\c23\frames\986\017.png,986,0,val
C:\Capstone\DeepfakeBench\datasets\rgb\FaceForensics++\original_sequences\youtube\c23\frames\986\018.png,986,0,val
C:\Capstone\DeepfakeBench\datasets\rgb\FaceForensics++\original_sequences\youtube\c23\frames\986\019.png,986,0,val
C:\Capstone\DeepfakeBench\datasets\rgb\FaceForensics++\original_sequences\youtube\c23\frames\986\020.png,986,0,val
C:\Capstone\DeepfakeBench\datasets\rgb\FaceForensics++\original_sequences\youtube\c23\frames\986\021.png,986,0,val
C:\Capstone\DeepfakeBench\datasets\rgb\FaceForensics++\original_sequences\youtube\c23\frames\986\022.png,986,0,val
C:\Capstone\DeepfakeBench\datasets\rgb\FaceForensics++\original_sequences\youtube\c23\frames\986\023.png,986,0,val
C:\Capstone\DeepfakeBench\datasets\rgb\FaceForensics++\original_sequences\youtube\c23\frames\986\024.png,986,0,val
C:\Capstone\DeepfakeBench\datasets\rgb\FaceForensics++\original_sequences\youtube\c23\frames\986\025.png,986,0,val
C:\Capstone\DeepfakeBench\datasets\rgb\FaceForensics++\original_sequences\youtube\c23\frames\986\026.png,986,0,val
C:\Capstone\DeepfakeBench\datasets\rgb\FaceForensics++\original_sequences\youtube\c23\frames\986\027.png,986,0,val
C:\Capstone\DeepfakeBench\datasets\rgb\FaceForensics++\original_sequences\youtube\c23\frames\986\028.png,986,0,val
C:\Capstone\DeepfakeBench\datasets\rgb\FaceForensics++\original_sequences\youtube\c23\frames\986\029.png,986,0,val
C:\Capstone\DeepfakeBench\datasets\rgb\FaceForensics++\original_sequences\youtube\c23\frames\986\030.png,986,0,val
C:\Capstone\DeepfakeBench\datasets\rgb\FaceForensics++\original_sequences\youtube\c23\frames\986\031.png,986,0,val
C:\Capstone\DeepfakeBench\datasets\rgb\FaceForensics++\manipulated_sequences\Deepfakes\c23\frames\866_878\000.png,866_878,1,val
C:\Capstone\DeepfakeBench\datasets\rgb\FaceForensics++\manipulated_sequences\Deepfakes\c23\frames\866_878\001.png,866_878,1,val
C:\Capstone\DeepfakeBench\datasets\rgb\FaceForensics++\manipulated_sequences\Deepfakes\c23\frames\866_878\002.png,866_878,1,val
C:\Capstone\DeepfakeBench\datasets\rgb\FaceForensics++\manipulated_sequences\Deepfakes\c23\frames\866_878\003.png,866_878,1,val
C:\Capstone\DeepfakeBench\datasets\rgb\FaceForensics++\manipulated_sequences\Deepfakes\c23\frames\866_878\004.png,866_878,1,val
C:\Capstone\DeepfakeBench\datasets\rgb\FaceForensics++\manipulated_sequences\Deepfakes\c23\frames\866_878\005.png,866_878,1,val
C:\Capstone\DeepfakeBench\datasets\rgb\FaceForensics++\manipulated_sequences\Deepfakes\c23\frames\866_878\006.png,866_878,1,val
C:\Capstone\DeepfakeBench\datasets\rgb\FaceForensics++\manipulated_sequences\Deepfakes\c23\frames\866_878\007.png,866_878,1,val
C:\Capstone\DeepfakeBench\datasets\rgb\FaceForensics++\manipulated_sequences\Deepfakes\c23\frames\866_878\008.png,866_878,1,val
C:\Capstone\DeepfakeBench\datasets\rgb\FaceForensics++\manipulated_sequences\Deepfakes\c23\frames\866_878\009.png,866_878,1,val
C:\Capstone\DeepfakeBench\datasets\rgb\FaceForensics++\manipulated_sequences\Deepfakes\c23\frames\866_878\010.png,866_878,1,val
C:\Capstone\DeepfakeBench\datasets\rgb\FaceForensics++\manipulated_sequences\Deepfakes\c23\frames\866_878\011.png,866_878,1,val
C:\Capstone\DeepfakeBench\datasets\rgb\FaceForensics++\manipulated_sequences\Deepfakes\c23\frames\866_878\012.png,866_878,1,val
C:\Capstone\DeepfakeBench\datasets\rgb\FaceForensics++\manipulated_sequences\Deepfakes\c23\frames\866_878\013.png,866_878,1,val
C:\Capstone\DeepfakeBench\datasets\rgb\FaceForensics++\manipulated_sequences\Deepfakes\c23\frames\866_878\014.png,866_878,1,val
C:\Capstone\DeepfakeBench\datasets\rgb\FaceForensics++\manipulated_sequences\Deepfakes\c23\frames\866_878\015.png,866_878,1,val
C:\Capstone\DeepfakeBench\datasets\rgb\FaceForensics++\manipulated_sequences\Deepfakes\c23\frames\866_878\016.png,866_878,1,val
C:\Capstone\DeepfakeBench\datasets\rgb\FaceForensics++\manipulated_sequences\Deepfakes\c23\frames\866_878\017.png,866_878,1,val
C:\Capstone\DeepfakeBench\datasets\rgb\FaceForensics++\manipulated_sequences\Deepfakes\c23\frames\866_878\018.png,866_878,1,val
C:\Capstone\DeepfakeBench\datasets\rgb\FaceForensics++\manipulated_sequences\Deepfakes\c23\frames\866_878\019.png,866_878,1,val
C:\Capstone\DeepfakeBench\datasets\rgb\FaceForensics++\manipulated_sequences\Deepfakes\c23\frames\866_878\020.png,866_878,1,val
C:\Capstone\DeepfakeBench\datasets\rgb\FaceForensics++\manipulated_sequences\Deepfakes\c23\frames\866_878\021.png,866_878,1,val
C:\Capstone\DeepfakeBench\datasets\rgb\FaceForensics++\manipulated_sequences\Deepfakes\c23\frames\866_878\022.png,866_878,1,val
C:\Capstone\DeepfakeBench\datasets\rgb\FaceForensics++\manipulated_sequences\Deepfakes\c23\frames\866_878\023.png,866_878,1,val
C:\Capstone\DeepfakeBench\datasets\rgb\FaceForensics++\manipulated_sequences\Deepfakes\c23\frames\866_878\024.png,866_878,1,val
C:\Capstone\DeepfakeBench\datasets\rgb\FaceForensics++\manipulated_sequences\Deepfakes\c23\frames\866_878\025.png,866_878,1,val
C:\Capstone\DeepfakeBench\datasets\rgb\FaceForensics++\manipulated_sequences\Deepfakes\c23\frames\866_878\026.png,866_878,1,val
C:\Capstone\DeepfakeBench\datasets\rgb\FaceForensics++\manipulated_sequences\Deepfakes\c23\frames\866_878\027.png,866_878,1,val
C:\Capstone\DeepfakeBench\datasets\rgb\FaceForensics++\manipulated_sequences\Deepfakes\c23\frames\866_878\028.png,866_878,1,val
C:\Capstone\DeepfakeBench\datasets\rgb\FaceForensics++\manipulated_sequences\Deepfakes\c23\frames\866_878\029.png,866_878,1,val
C:\Capstone\DeepfakeBench\datasets\rgb\FaceForensics++\manipulated_sequences\Deepfakes\c23\frames\866_878\030.png,866_878,1,val
C:\Capstone\DeepfakeBench\datasets\rgb\FaceForensics++\manipulated_sequences\Deepfakes\c23\frames\866_878\031.png,866_878,1,val
C:\Capstone\DeepfakeBench\datasets\rgb\FaceForensics++\manipulated_sequences\Deepfakes\c23\frames\942_943\000.png,942_943,1,val
C:\Capstone\DeepfakeBench\datasets\rgb\FaceForensics++\manipulated_sequences\Deepfakes\c23\frames\942_943\001.png,942_943,1,val
C:\Capstone\DeepfakeBench\datasets\rgb\FaceForensics++\manipulated_sequences\Deepfakes\c23\frames\942_943\002.png,942_943,1,val
C:\Capstone\DeepfakeBench\datasets\rgb\FaceForensics++\manipulated_sequences\Deepfakes\c23\frames\942_943\003.png,942_943,1,val
C:\Capstone\DeepfakeBench\datasets\rgb\FaceForensics++\manipulated_sequences\Deepfakes\c23\frames\942_943\004.png,942_943,1,val
C:\Capstone\DeepfakeBench\datasets\rgb\FaceForensics++\manipulated_sequences\Deepfakes\c23\frames\942_943\005.png,942_943,1,val
C:\Capstone\DeepfakeBench\datasets\rgb\FaceForensics++\manipulated_sequences\Deepfakes\c23\frames\942_943\006.png,942_943,1,val
C:\Capstone\DeepfakeBench\datasets\rgb\FaceForensics++\manipulated_sequences\Deepfakes\c23\frames\942_943\007.png,942_943,1,val
C:\Capstone\DeepfakeBench\datasets\rgb\FaceForensics++\manipulated_sequences\Deepfakes\c23\frames\942_943\008.png,942_943,1,val
C:\Capstone\DeepfakeBench\datasets\rgb\FaceForensics++\manipulated_sequences\Deepfakes\c23\frames\942_943\009.png,942_943,1,val
C:\Capstone\DeepfakeBench\datasets\rgb\FaceForensics++\manipulated_sequences\Deepfakes\c23\frames\942_943\010.png,942_943,1,val
C:\Capstone\DeepfakeBench\datasets\rgb\FaceForensics++\manipulated_sequences\Deepfakes\c23\frames\942_943\011.png,942_943,1,val
C:\Capstone\DeepfakeBench\datasets\rgb\FaceForensics++\manipulated_sequences\Deepfakes\c23\frames\942_943\012.png,942_943,1,val
C:\Capstone\DeepfakeBench\datasets\rgb\FaceForensics++\manipulated_sequences\Deepfakes\c23\frames\942_943\013.png,942_943,1,val
C:\Capstone\DeepfakeBench\datasets\rgb\FaceForensics++\manipulated_sequences\Deepfakes\c23\frames\942_943\014.png,942_943,1,val
C:\Capstone\DeepfakeBench\datasets\rgb\FaceForensics++\manipulated_sequences\Deepfakes\c23\frames\942_943\015.png,942_943,1,val
C:\Capstone\DeepfakeBench\datasets\rgb\FaceForensics++\manipulated_sequences\Deepfakes\c23\frames\942_943\016.png,942_943,1,val
C:\Capstone\DeepfakeBench\datasets\rgb\FaceForensics++\manipulated_sequences\Deepfakes\c23\frames\942_943\017.png,942_943,1,val
C:\Capstone\DeepfakeBench\datasets\rgb\FaceForensics++\manipulated_sequences\Deepfakes\c23\frames\942_943\018.png,942_943,1,val
C:\Capstone\DeepfakeBench\datasets\rgb\FaceForensics++\manipulated_sequences\Deepfakes\c23\frames\942_943\019.png,942_943,1,val
C:\Capstone\DeepfakeBench\datasets\rgb\FaceForensics++\manipulated_sequences\Deepfakes\c23\frames\942_943\020.png,942_943,1,val
C:\Capstone\DeepfakeBench\datasets\rgb\FaceForensics++\manipulated_sequences\Deepfakes\c23\frames\942_943\021.png,942_943,1,val
C:\Capstone\DeepfakeBench\datasets\rgb\FaceForensics++\manipulated_sequences\Deepfakes\c23\frames\942_943\022.png,942_943,1,val
C:\Capstone\DeepfakeBench\datasets\rgb\FaceForensics++\manipulated_sequences\Deepfakes\c23\frames\942_943\023.png,942_943,1,val
C:\Capstone\DeepfakeBench\datasets\rgb\FaceForensics++\manipulated_sequences\Deepfakes\c23\frames\942_943\024.png,942_943,1,val
C:\Capstone\DeepfakeBench\datasets\rgb\FaceForensics++\manipulated_sequences\Deepfakes\c23\frames\942_943\025.png,942_943,1,val
C:\Capstone\DeepfakeBench\datasets\rgb\FaceForensics++\manipulated_sequences\Deepfakes\c23\frames\942_943\026.png,942_943,1,val
C:\Capstone\DeepfakeBench\datasets\rgb\FaceForensics++\manipulated_sequences\Deepfakes\c23\frames\942_943\027.png,942_943,1,val
C:\Capstone\DeepfakeBench\datasets\rgb\FaceForensics++\manipulated_sequences\Deepfakes\c23\frames\942_943\028.png,942_943,1,val
C:\Capstone\DeepfakeBench\datasets\rgb\FaceForensics++\manipulated_sequences\Deepfakes\c23\frames\942_943\029.png,942_943,1,val
C:\Capstone\DeepfakeBench\datasets\rgb\FaceForensics++\manipulated_sequences\Deepfakes\c23\frames\942_943\030.png,942_943,1,val
C:\Capstone\DeepfakeBench\datasets\rgb\FaceForensics++\manipulated_sequences\Deepfakes\c23\frames\942_943\031.png,942_943,1,val
C:\Capstone\DeepfakeBench\datasets\rgb\FaceForensics++\original_sequences\youtube\c23\frames\904\000.png,904,0,test
C:\Capstone\DeepfakeBench\datasets\rgb\FaceForensics++\original_sequences\youtube\c23\frames\904\001.png,904,0,test
C:\Capstone\DeepfakeBench\datasets\rgb\FaceForensics++\original_sequences\youtube\c23\frames\904\002.png,904,0,test
C:\Capstone\DeepfakeBench\datasets\rgb\FaceForensics++\original_sequences\youtube\c23\frames\904\003.png,904,0,test
C:\Capstone\DeepfakeBench\datasets\rgb\FaceForensics++\original_sequences\youtube\c23\frames\904\004.png,904,0,test
C:\Capstone\DeepfakeBench\datasets\rgb\FaceForensics++\original_sequences\youtube\c23\frames\904\005.png,904,0,test
C:\Capstone\DeepfakeBench\datasets\rgb\FaceForensics++\original_sequences\youtube\c23\frames\904\006.png,904,0,test
C:\Capstone\DeepfakeBench\datasets\rgb\FaceForensics++\original_sequences\youtube\c23\frames\904\007.png,904,0,test
C:\Capstone\DeepfakeBench\datasets\rgb\FaceForensics++\original_sequences\youtube\c23\frames\904\008.png,904,0,test
C:\Capstone\DeepfakeBench\datasets\rgb\FaceForensics++\original_sequences\youtube\c23\frames\904\009.png,904,0,test
C:\Capstone\DeepfakeBench\datasets\rgb\FaceForensics++\original_sequences\youtube\c23\frames\904\010.png,904,0,test
C:\Capstone\DeepfakeBench\datasets\rgb\FaceForensics++\original_sequences\youtube\c23\frames\904\011.png,904,0,test
C:\Capstone\DeepfakeBench\datasets\rgb\FaceForensics++\original_sequences\youtube\c23\frames\904\012.png,904,0,test
C:\Capstone\DeepfakeBench\datasets\rgb\FaceForensics++\original_sequences\youtube\c23\frames\904\013.png,904,0,test
C:\Capstone\DeepfakeBench\datasets\rgb\FaceForensics++\original_sequences\youtube\c23\frames\904\014.png,904,0,test
C:\Capstone\DeepfakeBench\datasets\rgb\FaceForensics++\original_sequences\youtube\c23\frames\904\015.png,904,0,test
C:\Capstone\DeepfakeBench\datasets\rgb\FaceForensics++\original_sequences\youtube\c23\frames\904\016.png,904,0,test
C:\Capstone\DeepfakeBench\datasets\rgb\FaceForensics++\original_sequences\youtube\c23\frames\904\017.png,904,0,test
C:\Capstone\DeepfakeBench\datasets\rgb\FaceForensics++\original_sequences\youtube\c23\frames\904\018.png,904,0,test
C:\Capstone\DeepfakeBench\datasets\rgb\FaceForensics++\original_sequences\youtube\c23\frames\904\019.png,904,0,test
C:\Capstone\DeepfakeBench\datasets\rgb\FaceForensics++\original_sequences\youtube\c23\frames\904\020.png,904,0,test
C:\Capstone\DeepfakeBench\datasets\rgb\FaceForensics++\original_sequences\youtube\c23\frames\904\021.png,904,0,test
C:\Capstone\DeepfakeBench\datasets\rgb\FaceForensics++\original_sequences\youtube\c23\frames\904\022.png,904,0,test
C:\Capstone\DeepfakeBench\datasets\rgb\FaceForensics++\original_sequences\youtube\c23\frames\904\023.png,904,0,test
C:\Capstone\DeepfakeBench\datasets\rgb\FaceForensics++\original_sequences\youtube\c23\frames\904\024.png,904,0,test
C:\Capstone\DeepfakeBench\datasets\rgb\FaceForensics++\original_sequences\youtube\c23\frames\904\025.png,904,0,test
C:\Capstone\DeepfakeBench\datasets\rgb\FaceForensics++\original_sequences\youtube\c23\frames\904\026.png,904,0,test
C:\Capstone\DeepfakeBench\datasets\rgb\FaceForensics++\original_sequences\youtube\c23\frames\904\027.png,904,0,test
C:\Capstone\DeepfakeBench\datasets\rgb\FaceForensics++\original_sequences\youtube\c23\frames\904\028.png,904,0,test
C:\Capstone\DeepfakeBench\datasets\rgb\FaceForensics++\original_sequences\youtube\c23\frames\904\029.png,904,0,test
C:\Capstone\DeepfakeBench\datasets\rgb\FaceForensics++\original_sequences\youtube\c23\frames\904\030.png,904,0,test
C:\Capstone\DeepfakeBench\datasets\rgb\FaceForensics++\original_sequences\youtube\c23\frames\904\031.png,904,0,test
C:\Capstone\DeepfakeBench\datasets\rgb\FaceForensics++\manipulated_sequences\Deepfakes\c23\frames\835_651\000.png,835_651,1,test
C:\Capstone\DeepfakeBench\datasets\rgb\FaceForensics++\manipulated_sequences\Deepfakes\c23\frames\835_651\001.png,835_651,1,test
C:\Capstone\DeepfakeBench\datasets\rgb\FaceForensics++\manipulated_sequences\Deepfakes\c23\frames\835_651\002.png,835_651,1,test
C:\Capstone\DeepfakeBench\datasets\rgb\FaceForensics++\manipulated_sequences\Deepfakes\c23\frames\835_651\003.png,835_651,1,test
C:\Capstone\DeepfakeBench\datasets\rgb\FaceForensics++\manipulated_sequences\Deepfakes\c23\frames\835_651\004.png,835_651,1,test
C:\Capstone\DeepfakeBench\datasets\rgb\FaceForensics++\manipulated_sequences\Deepfakes\c23\frames\835_651\005.png,835_651,1,test
C:\Capstone\DeepfakeBench\datasets\rgb\FaceForensics++\manipulated_sequences\Deepfakes\c23\frames\835_651\006.png,835_651,1,test
C:\Capstone\DeepfakeBench\datasets\rgb\FaceForensics++\manipulated_sequences\Deepfakes\c23\frames\835_651\007.png,835_651,1,test
C:\Capstone\DeepfakeBench\datasets\rgb\FaceForensics++\manipulated_sequences\Deepfakes\c23\frames\835_651\008.png,835_651,1,test
C:\Capstone\DeepfakeBench\datasets\rgb\FaceForensics++\manipulated_sequences\Deepfakes\c23\frames\835_651\009.png,835_651,1,test
C:\Capstone\DeepfakeBench\datasets\rgb\FaceForensics++\manipulated_sequences\Deepfakes\c23\frames\835_651\010.png,835_651,1,test
C:\Capstone\DeepfakeBench\datasets\rgb\FaceForensics++\manipulated_sequences\Deepfakes\c23\frames\835_651\011.png,835_651,1,test
C:\Capstone\DeepfakeBench\datasets\rgb\FaceForensics++\manipulated_sequences\Deepfakes\c23\frames\835_651\012.png,835_651,1,test
C:\Capstone\DeepfakeBench\datasets\rgb\FaceForensics++\manipulated_sequences\Deepfakes\c23\frames\835_651\013.png,835_651,1,test
C:\Capstone\DeepfakeBench\datasets\rgb\FaceForensics++\manipulated_sequences\Deepfakes\c23\frames\835_651\014.png,835_651,1,test
C:\Capstone\DeepfakeBench\datasets\rgb\FaceForensics++\manipulated_sequences\Deepfakes\c23\frames\835_651\015.png,835_651,1,test
C:\Capstone\DeepfakeBench\datasets\rgb\FaceForensics++\manipulated_sequences\Deepfakes\c23\frames\835_651\016.png,835_651,1,test
C:\Capstone\DeepfakeBench\datasets\rgb\FaceForensics++\manipulated_sequences\Deepfakes\c23\frames\835_651\017.png,835_651,1,test
C:\Capstone\DeepfakeBench\datasets\rgb\FaceForensics++\manipulated_sequences\Deepfakes\c23\frames\835_651\018.png,835_651,1,test
C:\Capstone\DeepfakeBench\datasets\rgb\FaceForensics++\manipulated_sequences\Deepfakes\c23\frames\835_651\019.png,835_651,1,test
C:\Capstone\DeepfakeBench\datasets\rgb\FaceForensics++\manipulated_sequences\Deepfakes\c23\frames\835_651\020.png,835_651,1,test
C:\Capstone\DeepfakeBench\datasets\rgb\FaceForensics++\manipulated_sequences\Deepfakes\c23\frames\835_651\021.png,835_651,1,test
C:\Capstone\DeepfakeBench\datasets\rgb\FaceForensics++\manipulated_sequences\Deepfakes\c23\frames\835_651\022.png,835_651,1,test
C:\Capstone\DeepfakeBench\datasets\rgb\FaceForensics++\manipulated_sequences\Deepfakes\c23\frames\835_651\023.png,835_651,1,test
C:\Capstone\DeepfakeBench\datasets\rgb\FaceForensics++\manipulated_sequences\Deepfakes\c23\frames\835_651\024.png,835_651,1,test
C:\Capstone\DeepfakeBench\datasets\rgb\FaceForensics++\manipulated_sequences\Deepfakes\c23\frames\835_651\025.png,835_651,1,test
C:\Capstone\DeepfakeBench\datasets\rgb\FaceForensics++\manipulated_sequences\Deepfakes\c23\frames\835_651\026.png,835_651,1,test
C:\Capstone\DeepfakeBench\datasets\rgb\FaceForensics++\manipulated_sequences\Deepfakes\c23\frames\835_651\027.png,835_651,1,test
C:\Capstone\DeepfakeBench\datasets\rgb\FaceForensics++\manipulated_sequences\Deepfakes\c23\frames\835_651\028.png,835_651,1,test
C:\Capstone\DeepfakeBench\datasets\rgb\FaceForensics++\manipulated_sequences\Deepfakes\c23\frames\835_651\029.png,835_651,1,test
C:\Capstone\DeepfakeBench\datasets\rgb\FaceForensics++\manipulated_sequences\Deepfakes\c23\frames\835_651\030.png,835_651,1,test
C:\Capstone\DeepfakeBench\datasets\rgb\FaceForensics++\manipulated_sequences\Deepfakes\c23\frames\835_651\031.png,835_651,1,test
C:\Capstone\DeepfakeBench\datasets\rgb\FaceForensics++\original_sequences\youtube\c23\frames\360\000.png,360,0,test
C:\Capstone\DeepfakeBench\datasets\rgb\FaceForensics++\original_sequences\youtube\c23\frames\360\001.png,360,0,test
C:\Capstone\DeepfakeBench\datasets\rgb\FaceForensics++\original_sequences\youtube\c23\frames\360\002.png,360,0,test
C:\Capstone\DeepfakeBench\datasets\rgb\FaceForensics++\original_sequences\youtube\c23\frames\360\003.png,360,0,test
C:\Capstone\DeepfakeBench\datasets\rgb\FaceForensics++\original_sequences\youtube\c23\frames\360\004.png,360,0,test
C:\Capstone\DeepfakeBench\datasets\rgb\FaceForensics++\original_sequences\youtube\c23\frames\360\005.png,360,0,test
C:\Capstone\DeepfakeBench\datasets\rgb\FaceForensics++\original_sequences\youtube\c23\frames\360\006.png,360,0,test
C:\Capstone\DeepfakeBench\datasets\rgb\FaceForensics++\original_sequences\youtube\c23\frames\360\007.png,360,0,test
C:\Capstone\DeepfakeBench\datasets\rgb\FaceForensics++\original_sequences\youtube\c23\frames\360\008.png,360,0,test
C:\Capstone\DeepfakeBench\datasets\rgb\FaceForensics++\original_sequences\youtube\c23\frames\360\009.png,360,0,test
C:\Capstone\DeepfakeBench\datasets\rgb\FaceForensics++\original_sequences\youtube\c23\frames\360\010.png,360,0,test
C:\Capstone\DeepfakeBench\datasets\rgb\FaceForensics++\original_sequences\youtube\c23\frames\360\011.png,360,0,test
C:\Capstone\DeepfakeBench\datasets\rgb\FaceForensics++\original_sequences\youtube\c23\frames\360\012.png,360,0,test
C:\Capstone\DeepfakeBench\datasets\rgb\FaceForensics++\original_sequences\youtube\c23\frames\360\013.png,360,0,test
C:\Capstone\DeepfakeBench\datasets\rgb\FaceForensics++\original_sequences\youtube\c23\frames\360\014.png,360,0,test
C:\Capstone\DeepfakeBench\datasets\rgb\FaceForensics++\original_sequences\youtube\c23\frames\360\015.png,360,0,test
C:\Capstone\DeepfakeBench\datasets\rgb\FaceForensics++\original_sequences\youtube\c23\frames\360\016.png,360,0,test
C:\Capstone\DeepfakeBench\datasets\rgb\FaceForensics++\original_sequences\youtube\c23\frames\360\017.png,360,0,test
C:\Capstone\DeepfakeBench\datasets\rgb\FaceForensics++\original_sequences\youtube\c23\frames\360\018.png,360,0,test
C:\Capstone\DeepfakeBench\datasets\rgb\FaceForensics++\original_sequences\youtube\c23\frames\360\019.png,360,0,test
C:\Capstone\DeepfakeBench\datasets\rgb\FaceForensics++\original_sequences\youtube\c23\frames\360\020.png,360,0,test
C:\Capstone\DeepfakeBench\datasets\rgb\FaceForensics++\original_sequences\youtube\c23\frames\360\021.png,360,0,test
C:\Capstone\DeepfakeBench\datasets\rgb\FaceForensics++\original_sequences\youtube\c23\frames\360\022.png,360,0,test
C:\Capstone\DeepfakeBench\datasets\rgb\FaceForensics++\original_sequences\youtube\c23\frames\360\023.png,360,0,test
C:\Capstone\DeepfakeBench\datasets\rgb\FaceForensics++\original_sequences\youtube\c23\frames\360\024.png,360,0,test
C:\Capstone\DeepfakeBench\datasets\rgb\FaceForensics++\original_sequences\youtube\c23\frames\360\025.png,360,0,test
C:\Capstone\DeepfakeBench\datasets\rgb\FaceForensics++\original_sequences\youtube\c23\frames\360\026.png,360,0,test
C:\Capstone\DeepfakeBench\datasets\rgb\FaceForensics++\original_sequences\youtube\c23\frames\360\027.png,360,0,test
C:\Capstone\DeepfakeBench\datasets\rgb\FaceForensics++\original_sequences\youtube\c23\frames\360\028.png,360,0,test
C:\Capstone\DeepfakeBench\datasets\rgb\FaceForensics++\original_sequences\youtube\c23\frames\360\029.png,360,0,test
C:\Capstone\DeepfakeBench\datasets\rgb\FaceForensics++\original_sequences\youtube\c23\frames\360\030.png,360,0,test
C:\Capstone\DeepfakeBench\datasets\rgb\FaceForensics++\original_sequences\youtube\c23\frames\360\031.png,360,0,test
C:\Capstone\DeepfakeBench\datasets\rgb\FaceForensics++\manipulated_sequences\Deepfakes\c23\frames\657_644\000.png,657_644,1,test
C:\Capstone\DeepfakeBench\datasets\rgb\FaceForensics++\manipulated_sequences\Deepfakes\c23\frames\657_644\001.png,657_644,1,test
C:\Capstone\DeepfakeBench\datasets\rgb\FaceForensics++\manipulated_sequences\Deepfakes\c23\frames\657_644\002.png,657_644,1,test
C:\Capstone\DeepfakeBench\datasets\rgb\FaceForensics++\manipulated_sequences\Deepfakes\c23\frames\657_644\003.png,657_644,1,test
C:\Capstone\DeepfakeBench\datasets\rgb\FaceForensics++\manipulated_sequences\Deepfakes\c23\frames\657_644\004.png,657_644,1,test
C:\Capstone\DeepfakeBench\datasets\rgb\FaceForensics++\manipulated_sequences\Deepfakes\c23\frames\657_644\005.png,657_644,1,test
C:\Capstone\DeepfakeBench\datasets\rgb\FaceForensics++\manipulated_sequences\Deepfakes\c23\frames\657_644\006.png,657_644,1,test
C:\Capstone\DeepfakeBench\datasets\rgb\FaceForensics++\manipulated_sequences\Deepfakes\c23\frames\657_644\007.png,657_644,1,test
C:\Capstone\DeepfakeBench\datasets\rgb\FaceForensics++\manipulated_sequences\Deepfakes\c23\frames\657_644\008.png,657_644,1,test
C:\Capstone\DeepfakeBench\datasets\rgb\FaceForensics++\manipulated_sequences\Deepfakes\c23\frames\657_644\009.png,657_644,1,test
C:\Capstone\DeepfakeBench\datasets\rgb\FaceForensics++\manipulated_sequences\Deepfakes\c23\frames\657_644\010.png,657_644,1,test
C:\Capstone\DeepfakeBench\datasets\rgb\FaceForensics++\manipulated_sequences\Deepfakes\c23\frames\657_644\011.png,657_644,1,test
C:\Capstone\DeepfakeBench\datasets\rgb\FaceForensics++\manipulated_sequences\Deepfakes\c23\frames\657_644\012.png,657_644,1,test
C:\Capstone\DeepfakeBench\datasets\rgb\FaceForensics++\manipulated_sequences\Deepfakes\c23\frames\657_644\013.png,657_644,1,test
C:\Capstone\DeepfakeBench\datasets\rgb\FaceForensics++\manipulated_sequences\Deepfakes\c23\frames\657_644\014.png,657_644,1,test
C:\Capstone\DeepfakeBench\datasets\rgb\FaceForensics++\manipulated_sequences\Deepfakes\c23\frames\657_644\015.png,657_644,1,test
C:\Capstone\DeepfakeBench\datasets\rgb\FaceForensics++\manipulated_sequences\Deepfakes\c23\frames\657_644\016.png,657_644,1,test
C:\Capstone\DeepfakeBench\datasets\rgb\FaceForensics++\manipulated_sequences\Deepfakes\c23\frames\657_644\017.png,657_644,1,test
C:\Capstone\DeepfakeBench\datasets\rgb\FaceForensics++\manipulated_sequences\Deepfakes\c23\frames\657_644\018.png,657_644,1,test
C:\Capstone\DeepfakeBench\datasets\rgb\FaceForensics++\manipulated_sequences\Deepfakes\c23\frames\657_644\019.png,657_644,1,test
C:\Capstone\DeepfakeBench\datasets\rgb\FaceForensics++\manipulated_sequences\Deepfakes\c23\frames\657_644\020.png,657_644,1,test
C:\Capstone\DeepfakeBench\datasets\rgb\FaceForensics++\manipulated_sequences\Deepfakes\c23\frames\657_644\021.png,657_644,1,test
C:\Capstone\DeepfakeBench\datasets\rgb\FaceForensics++\manipulated_sequences\Deepfakes\c23\frames\657_644\022.png,657_644,1,test
C:\Capstone\DeepfakeBench\datasets\rgb\FaceForensics++\manipulated_sequences\Deepfakes\c23\frames\657_644\023.png,657_644,1,test
C:\Capstone\DeepfakeBench\datasets\rgb\FaceForensics++\manipulated_sequences\Deepfakes\c23\frames\657_644\024.png,657_644,1,test
C:\Capstone\DeepfakeBench\datasets\rgb\FaceForensics++\manipulated_sequences\Deepfakes\c23\frames\657_644\025.png,657_644,1,test
C:\Capstone\DeepfakeBench\datasets\rgb\FaceForensics++\manipulated_sequences\Deepfakes\c23\frames\657_644\026.png,657_644,1,test
C:\Capstone\DeepfakeBench\datasets\rgb\FaceForensics++\manipulated_sequences\Deepfakes\c23\frames\657_644\027.png,657_644,1,test
C:\Capstone\DeepfakeBench\datasets\rgb\FaceForensics++\manipulated_sequences\Deepfakes\c23\frames\657_644\028.png,657_644,1,test
C:\Capstone\DeepfakeBench\datasets\rgb\FaceForensics++\manipulated_sequences\Deepfakes\c23\frames\657_644\029.png,657_644,1,test
C:\Capstone\DeepfakeBench\datasets\rgb\FaceForensics++\manipulated_sequences\Deepfakes\c23\frames\657_644\030.png,657_644,1,test
C:\Capstone\DeepfakeBench\datasets\rgb\FaceForensics++\manipulated_sequences\Deepfakes\c23\frames\657_644\031.png,657_644,1,test
C:\Capstone\DeepfakeBench\datasets\rgb\FaceForensics++\original_sequences\youtube\c23\frames\917\000.png,917,0,test
C:\Capstone\DeepfakeBench\datasets\rgb\FaceForensics++\original_sequences\youtube\c23\frames\917\001.png,917,0,test
C:\Capstone\DeepfakeBench\datasets\rgb\FaceForensics++\original_sequences\youtube\c23\frames\917\002.png,917,0,test
C:\Capstone\DeepfakeBench\datasets\rgb\FaceForensics++\original_sequences\youtube\c23\frames\917\003.png,917,0,test
C:\Capstone\DeepfakeBench\datasets\rgb\FaceForensics++\original_sequences\youtube\c23\frames\917\004.png,917,0,test
C:\Capstone\DeepfakeBench\datasets\rgb\FaceForensics++\original_sequences\youtube\c23\frames\917\005.png,917,0,test
C:\Capstone\DeepfakeBench\datasets\rgb\FaceForensics++\original_sequences\youtube\c23\frames\917\006.png,917,0,test
C:\Capstone\DeepfakeBench\datasets\rgb\FaceForensics++\original_sequences\youtube\c23\frames\917\007.png,917,0,test
C:\Capstone\DeepfakeBench\datasets\rgb\FaceForensics++\original_sequences\youtube\c23\frames\917\008.png,917,0,test
C:\Capstone\DeepfakeBench\datasets\rgb\FaceForensics++\original_sequences\youtube\c23\frames\917\009.png,917,0,test
C:\Capstone\DeepfakeBench\datasets\rgb\FaceForensics++\original_sequences\youtube\c23\frames\917\010.png,917,0,test
C:\Capstone\DeepfakeBench\datasets\rgb\FaceForensics++\original_sequences\youtube\c23\frames\917\011.png,917,0,test
C:\Capstone\DeepfakeBench\datasets\rgb\FaceForensics++\original_sequences\youtube\c23\frames\917\012.png,917,0,test
C:\Capstone\DeepfakeBench\datasets\rgb\FaceForensics++\original_sequences\youtube\c23\frames\917\013.png,917,0,test
C:\Capstone\DeepfakeBench\datasets\rgb\FaceForensics++\original_sequences\youtube\c23\frames\917\014.png,917,0,test
C:\Capstone\DeepfakeBench\datasets\rgb\FaceForensics++\original_sequences\youtube\c23\frames\917\015.png,917,0,test
C:\Capstone\DeepfakeBench\datasets\rgb\FaceForensics++\original_sequences\youtube\c23\frames\917\016.png,917,0,test
C:\Capstone\DeepfakeBench\datasets\rgb\FaceForensics++\original_sequences\youtube\c23\frames\917\017.png,917,0,test
C:\Capstone\DeepfakeBench\datasets\rgb\FaceForensics++\original_sequences\youtube\c23\frames\917\018.png,917,0,test
C:\Capstone\DeepfakeBench\datasets\rgb\FaceForensics++\original_sequences\youtube\c23\frames\917\019.png,917,0,test
C:\Capstone\DeepfakeBench\datasets\rgb\FaceForensics++\original_sequences\youtube\c23\frames\917\020.png,917,0,test
C:\Capstone\DeepfakeBench\datasets\rgb\FaceForensics++\original_sequences\youtube\c23\frames\917\021.png,917,0,test
C:\Capstone\DeepfakeBench\datasets\rgb\FaceForensics++\original_sequences\youtube\c23\frames\917\022.png,917,0,test
C:\Capstone\DeepfakeBench\datasets\rgb\FaceForensics++\original_sequences\youtube\c23\frames\917\023.png,917,0,test
C:\Capstone\DeepfakeBench\datasets\rgb\FaceForensics++\original_sequences\youtube\c23\frames\917\024.png,917,0,test
C:\Capstone\DeepfakeBench\datasets\rgb\FaceForensics++\original_sequences\youtube\c23\frames\917\025.png,917,0,test
C:\Capstone\DeepfakeBench\datasets\rgb\FaceForensics++\original_sequences\youtube\c23\frames\917\026.png,917,0,test
C:\Capstone\DeepfakeBench\datasets\rgb\FaceForensics++\original_sequences\youtube\c23\frames\917\027.png,917,0,test
C:\Capstone\DeepfakeBench\datasets\rgb\FaceForensics++\original_sequences\youtube\c23\frames\917\028.png,917,0,test
C:\Capstone\DeepfakeBench\datasets\rgb\FaceForensics++\original_sequences\youtube\c23\frames\917\029.png,917,0,test
C:\Capstone\DeepfakeBench\datasets\rgb\FaceForensics++\original_sequences\youtube\c23\frames\917\030.png,917,0,test
C:\Capstone\DeepfakeBench\datasets\rgb\FaceForensics++\original_sequences\youtube\c23\frames\917\031.png,917,0,test
C:\Capstone\DeepfakeBench\datasets\rgb\FaceForensics++\manipulated_sequences\Deepfakes\c23\frames\897_969\000.png,897_969,1,test
C:\Capstone\DeepfakeBench\datasets\rgb\FaceForensics++\manipulated_sequences\Deepfakes\c23\frames\897_969\001.png,897_969,1,test
C:\Capstone\DeepfakeBench\datasets\rgb\FaceForensics++\manipulated_sequences\Deepfakes\c23\frames\897_969\002.png,897_969,1,test
C:\Capstone\DeepfakeBench\datasets\rgb\FaceForensics++\manipulated_sequences\Deepfakes\c23\frames\897_969\003.png,897_969,1,test
C:\Capstone\DeepfakeBench\datasets\rgb\FaceForensics++\manipulated_sequences\Deepfakes\c23\frames\897_969\004.png,897_969,1,test
C:\Capstone\DeepfakeBench\datasets\rgb\FaceForensics++\manipulated_sequences\Deepfakes\c23\frames\897_969\005.png,897_969,1,test
C:\Capstone\DeepfakeBench\datasets\rgb\FaceForensics++\manipulated_sequences\Deepfakes\c23\frames\897_969\006.png,897_969,1,test
C:\Capstone\DeepfakeBench\datasets\rgb\FaceForensics++\manipulated_sequences\Deepfakes\c23\frames\897_969\007.png,897_969,1,test
C:\Capstone\DeepfakeBench\datasets\rgb\FaceForensics++\manipulated_sequences\Deepfakes\c23\frames\897_969\008.png,897_969,1,test
C:\Capstone\DeepfakeBench\datasets\rgb\FaceForensics++\manipulated_sequences\Deepfakes\c23\frames\897_969\009.png,897_969,1,test
C:\Capstone\DeepfakeBench\datasets\rgb\FaceForensics++\manipulated_sequences\Deepfakes\c23\frames\897_969\010.png,897_969,1,test
C:\Capstone\DeepfakeBench\datasets\rgb\FaceForensics++\manipulated_sequences\Deepfakes\c23\frames\897_969\011.png,897_969,1,test
C:\Capstone\DeepfakeBench\datasets\rgb\FaceForensics++\manipulated_sequences\Deepfakes\c23\frames\897_969\012.png,897_969,1,test
C:\Capstone\DeepfakeBench\datasets\rgb\FaceForensics++\manipulated_sequences\Deepfakes\c23\frames\897_969\013.png,897_969,1,test
C:\Capstone\DeepfakeBench\datasets\rgb\FaceForensics++\manipulated_sequences\Deepfakes\c23\frames\897_969\014.png,897_969,1,test
C:\Capstone\DeepfakeBench\datasets\rgb\FaceForensics++\manipulated_sequences\Deepfakes\c23\frames\897_969\015.png,897_969,1,test
C:\Capstone\DeepfakeBench\datasets\rgb\FaceForensics++\manipulated_sequences\Deepfakes\c23\frames\897_969\016.png,897_969,1,test
C:\Capstone\DeepfakeBench\datasets\rgb\FaceForensics++\manipulated_sequences\Deepfakes\c23\frames\897_969\017.png,897_969,1,test
C:\Capstone\DeepfakeBench\datasets\rgb\FaceForensics++\manipulated_sequences\Deepfakes\c23\frames\897_969\018.png,897_969,1,test
C:\Capstone\DeepfakeBench\datasets\rgb\FaceForensics++\manipulated_sequences\Deepfakes\c23\frames\897_969\019.png,897_969,1,test
C:\Capstone\DeepfakeBench\datasets\rgb\FaceForensics++\manipulated_sequences\Deepfakes\c23\frames\897_969\020.png,897_969,1,test
C:\Capstone\DeepfakeBench\datasets\rgb\FaceForensics++\manipulated_sequences\Deepfakes\c23\frames\897_969\021.png,897_969,1,test
C:\Capstone\DeepfakeBench\datasets\rgb\FaceForensics++\manipulated_sequences\Deepfakes\c23\frames\897_969\022.png,897_969,1,test
C:\Capstone\DeepfakeBench\datasets\rgb\FaceForensics++\manipulated_sequences\Deepfakes\c23\frames\897_969\023.png,897_969,1,test
C:\Capstone\DeepfakeBench\datasets\rgb\FaceForensics++\manipulated_sequences\Deepfakes\c23\frames\897_969\024.png,897_969,1,test
C:\Capstone\DeepfakeBench\datasets\rgb\FaceForensics++\manipulated_sequences\Deepfakes\c23\frames\897_969\025.png,897_969,1,test
C:\Capstone\DeepfakeBench\datasets\rgb\FaceForensics++\manipulated_sequences\Deepfakes\c23\frames\897_969\026.png,897_969,1,test
C:\Capstone\DeepfakeBench\datasets\rgb\FaceForensics++\manipulated_sequences\Deepfakes\c23\frames\897_969\027.png,897_969,1,test
C:\Capstone\DeepfakeBench\datasets\rgb\FaceForensics++\manipulated_sequences\Deepfakes\c23\frames\897_969\028.png,897_969,1,test
C:\Capstone\DeepfakeBench\datasets\rgb\FaceForensics++\manipulated_sequences\Deepfakes\c23\frames\897_969\029.png,897_969,1,test
C:\Capstone\DeepfakeBench\datasets\rgb\FaceForensics++\manipulated_sequences\Deepfakes\c23\frames\897_969\030.png,897_969,1,test
C:\Capstone\DeepfakeBench\datasets\rgb\FaceForensics++\manipulated_sequences\Deepfakes\c23\frames\897_969\031.png,897_969,1,test
C:\Capstone\DeepfakeBench\datasets\rgb\FaceForensics++\original_sequences\youtube\c23\frames\392\000.png,392,0,test
C:\Capstone\DeepfakeBench\datasets\rgb\FaceForensics++\original_sequences\youtube\c23\frames\392\001.png,392,0,test
C:\Capstone\DeepfakeBench\datasets\rgb\FaceForensics++\original_sequences\youtube\c23\frames\392\002.png,392,0,test
C:\Capstone\DeepfakeBench\datasets\rgb\FaceForensics++\original_sequences\youtube\c23\frames\392\003.png,392,0,test
C:\Capstone\DeepfakeBench\datasets\rgb\FaceForensics++\original_sequences\youtube\c23\frames\392\004.png,392,0,test
C:\Capstone\DeepfakeBench\datasets\rgb\FaceForensics++\original_sequences\youtube\c23\frames\392\005.png,392,0,test
C:\Capstone\DeepfakeBench\datasets\rgb\FaceForensics++\original_sequences\youtube\c23\frames\392\006.png,392,0,test
C:\Capstone\DeepfakeBench\datasets\rgb\FaceForensics++\original_sequences\youtube\c23\frames\392\007.png,392,0,test
C:\Capstone\DeepfakeBench\datasets\rgb\FaceForensics++\original_sequences\youtube\c23\frames\392\008.png,392,0,test
C:\Capstone\DeepfakeBench\datasets\rgb\FaceForensics++\original_sequences\youtube\c23\frames\392\009.png,392,0,test
C:\Capstone\DeepfakeBench\datasets\rgb\FaceForensics++\original_sequences\youtube\c23\frames\392\010.png,392,0,test
C:\Capstone\DeepfakeBench\datasets\rgb\FaceForensics++\original_sequences\youtube\c23\frames\392\011.png,392,0,test
C:\Capstone\DeepfakeBench\datasets\rgb\FaceForensics++\original_sequences\youtube\c23\frames\392\012.png,392,0,test
C:\Capstone\DeepfakeBench\datasets\rgb\FaceForensics++\original_sequences\youtube\c23\frames\392\013.png,392,0,test
C:\Capstone\DeepfakeBench\datasets\rgb\FaceForensics++\original_sequences\youtube\c23\frames\392\014.png,392,0,test
C:\Capstone\DeepfakeBench\datasets\rgb\FaceForensics++\original_sequences\youtube\c23\frames\392\015.png,392,0,test
C:\Capstone\DeepfakeBench\datasets\rgb\FaceForensics++\original_sequences\youtube\c23\frames\392\016.png,392,0,test
C:\Capstone\DeepfakeBench\datasets\rgb\FaceForensics++\original_sequences\youtube\c23\frames\392\017.png,392,0,test
C:\Capstone\DeepfakeBench\datasets\rgb\FaceForensics++\original_sequences\youtube\c23\frames\392\018.png,392,0,test
C:\Capstone\DeepfakeBench\datasets\rgb\FaceForensics++\original_sequences\youtube\c23\frames\392\019.png,392,0,test
C:\Capstone\DeepfakeBench\datasets\rgb\FaceForensics++\original_sequences\youtube\c23\frames\392\020.png,392,0,test
C:\Capstone\DeepfakeBench\datasets\rgb\FaceForensics++\original_sequences\youtube\c23\frames\392\021.png,392,0,test
C:\Capstone\DeepfakeBench\datasets\rgb\FaceForensics++\original_sequences\youtube\c23\frames\392\022.png,392,0,test
C:\Capstone\DeepfakeBench\datasets\rgb\FaceForensics++\original_sequences\youtube\c23\frames\392\023.png,392,0,test
C:\Capstone\DeepfakeBench\datasets\rgb\FaceForensics++\original_sequences\youtube\c23\frames\392\024.png,392,0,test
C:\Capstone\DeepfakeBench\datasets\rgb\FaceForensics++\original_sequences\youtube\c23\frames\392\025.png,392,0,test
C:\Capstone\DeepfakeBench\datasets\rgb\FaceForensics++\original_sequences\youtube\c23\frames\392\026.png,392,0,test
C:\Capstone\DeepfakeBench\datasets\rgb\FaceForensics++\original_sequences\youtube\c23\frames\392\027.png,392,0,test
C:\Capstone\DeepfakeBench\datasets\rgb\FaceForensics++\original_sequences\youtube\c23\frames\392\028.png,392,0,test
C:\Capstone\DeepfakeBench\datasets\rgb\FaceForensics++\original_sequences\youtube\c23\frames\392\029.png,392,0,test
C:\Capstone\DeepfakeBench\datasets\rgb\FaceForensics++\original_sequences\youtube\c23\frames\392\030.png,392,0,test
C:\Capstone\DeepfakeBench\datasets\rgb\FaceForensics++\original_sequences\youtube\c23\frames\392\031.png,392,0,test
C:\Capstone\DeepfakeBench\datasets\rgb\FaceForensics++\original_sequences\youtube\c23\frames\035\000.png,035,0,test
C:\Capstone\DeepfakeBench\datasets\rgb\FaceForensics++\original_sequences\youtube\c23\frames\035\001.png,035,0,test
C:\Capstone\DeepfakeBench\datasets\rgb\FaceForensics++\original_sequences\youtube\c23\frames\035\002.png,035,0,test
C:\Capstone\DeepfakeBench\datasets\rgb\FaceForensics++\original_sequences\youtube\c23\frames\035\003.png,035,0,test
C:\Capstone\DeepfakeBench\datasets\rgb\FaceForensics++\original_sequences\youtube\c23\frames\035\004.png,035,0,test
C:\Capstone\DeepfakeBench\datasets\rgb\FaceForensics++\original_sequences\youtube\c23\frames\035\005.png,035,0,test
C:\Capstone\DeepfakeBench\datasets\rgb\FaceForensics++\original_sequences\youtube\c23\frames\035\006.png,035,0,test
C:\Capstone\DeepfakeBench\datasets\rgb\FaceForensics++\original_sequences\youtube\c23\frames\035\007.png,035,0,test
C:\Capstone\DeepfakeBench\datasets\rgb\FaceForensics++\original_sequences\youtube\c23\frames\035\008.png,035,0,test
C:\Capstone\DeepfakeBench\datasets\rgb\FaceForensics++\original_sequences\youtube\c23\frames\035\009.png,035,0,test
C:\Capstone\DeepfakeBench\datasets\rgb\FaceForensics++\original_sequences\youtube\c23\frames\035\010.png,035,0,test
C:\Capstone\DeepfakeBench\datasets\rgb\FaceForensics++\original_sequences\youtube\c23\frames\035\011.png,035,0,test
C:\Capstone\DeepfakeBench\datasets\rgb\FaceForensics++\original_sequences\youtube\c23\frames\035\012.png,035,0,test
C:\Capstone\DeepfakeBench\datasets\rgb\FaceForensics++\original_sequences\youtube\c23\frames\035\013.png,035,0,test
C:\Capstone\DeepfakeBench\datasets\rgb\FaceForensics++\original_sequences\youtube\c23\frames\035\014.png,035,0,test
C:\Capstone\DeepfakeBench\datasets\rgb\FaceForensics++\original_sequences\youtube\c23\frames\035\015.png,035,0,test
C:\Capstone\DeepfakeBench\datasets\rgb\FaceForensics++\original_sequences\youtube\c23\frames\035\016.png,035,0,test
C:\Capstone\DeepfakeBench\datasets\rgb\FaceForensics++\original_sequences\youtube\c23\frames\035\017.png,035,0,test
C:\Capstone\DeepfakeBench\datasets\rgb\FaceForensics++\original_sequences\youtube\c23\frames\035\018.png,035,0,test
C:\Capstone\DeepfakeBench\datasets\rgb\FaceForensics++\original_sequences\youtube\c23\frames\035\019.png,035,0,test
C:\Capstone\DeepfakeBench\datasets\rgb\FaceForensics++\original_sequences\youtube\c23\frames\035\020.png,035,0,test
C:\Capstone\DeepfakeBench\datasets\rgb\FaceForensics++\original_sequences\youtube\c23\frames\035\021.png,035,0,test
C:\Capstone\DeepfakeBench\datasets\rgb\FaceForensics++\original_sequences\youtube\c23\frames\035\022.png,035,0,test
C:\Capstone\DeepfakeBench\datasets\rgb\FaceForensics++\original_sequences\youtube\c23\frames\035\023.png,035,0,test
C:\Capstone\DeepfakeBench\datasets\rgb\FaceForensics++\original_sequences\youtube\c23\frames\035\024.png,035,0,test
C:\Capstone\DeepfakeBench\datasets\rgb\FaceForensics++\original_sequences\youtube\c23\frames\035\025.png,035,0,test
C:\Capstone\DeepfakeBench\datasets\rgb\FaceForensics++\original_sequences\youtube\c23\frames\035\026.png,035,0,test
C:\Capstone\DeepfakeBench\datasets\rgb\FaceForensics++\original_sequences\youtube\c23\frames\035\027.png,035,0,test
C:\Capstone\DeepfakeBench\datasets\rgb\FaceForensics++\original_sequences\youtube\c23\frames\035\028.png,035,0,test
C:\Capstone\DeepfakeBench\datasets\rgb\FaceForensics++\original_sequences\youtube\c23\frames\035\029.png,035,0,test
C:\Capstone\DeepfakeBench\datasets\rgb\FaceForensics++\original_sequences\youtube\c23\frames\035\030.png,035,0,test
C:\Capstone\DeepfakeBench\datasets\rgb\FaceForensics++\original_sequences\youtube\c23\frames\035\031.png,035,0,test
C:\Capstone\DeepfakeBench\datasets\rgb\FaceForensics++\original_sequences\youtube\c23\frames\677\000.png,677,0,test
C:\Capstone\DeepfakeBench\datasets\rgb\FaceForensics++\original_sequences\youtube\c23\frames\677\001.png,677,0,test
C:\Capstone\DeepfakeBench\datasets\rgb\FaceForensics++\original_sequences\youtube\c23\frames\677\002.png,677,0,test
C:\Capstone\DeepfakeBench\datasets\rgb\FaceForensics++\original_sequences\youtube\c23\frames\677\003.png,677,0,test
C:\Capstone\DeepfakeBench\datasets\rgb\FaceForensics++\original_sequences\youtube\c23\frames\677\004.png,677,0,test
C:\Capstone\DeepfakeBench\datasets\rgb\FaceForensics++\original_sequences\youtube\c23\frames\677\005.png,677,0,test
C:\Capstone\DeepfakeBench\datasets\rgb\FaceForensics++\original_sequences\youtube\c23\frames\677\006.png,677,0,test
C:\Capstone\DeepfakeBench\datasets\rgb\FaceForensics++\original_sequences\youtube\c23\frames\677\007.png,677,0,test
C:\Capstone\DeepfakeBench\datasets\rgb\FaceForensics++\original_sequences\youtube\c23\frames\677\008.png,677,0,test
C:\Capstone\DeepfakeBench\datasets\rgb\FaceForensics++\original_sequences\youtube\c23\frames\677\009.png,677,0,test
C:\Capstone\DeepfakeBench\datasets\rgb\FaceForensics++\original_sequences\youtube\c23\frames\677\010.png,677,0,test
C:\Capstone\DeepfakeBench\datasets\rgb\FaceForensics++\original_sequences\youtube\c23\frames\677\011.png,677,0,test
C:\Capstone\DeepfakeBench\datasets\rgb\FaceForensics++\original_sequences\youtube\c23\frames\677\012.png,677,0,test
C:\Capstone\DeepfakeBench\datasets\rgb\FaceForensics++\original_sequences\youtube\c23\frames\677\013.png,677,0,test
C:\Capstone\DeepfakeBench\datasets\rgb\FaceForensics++\original_sequences\youtube\c23\frames\677\014.png,677,0,test
C:\Capstone\DeepfakeBench\datasets\rgb\FaceForensics++\original_sequences\youtube\c23\frames\677\015.png,677,0,test
C:\Capstone\DeepfakeBench\datasets\rgb\FaceForensics++\original_sequences\youtube\c23\frames\677\016.png,677,0,test
C:\Capstone\DeepfakeBench\datasets\rgb\FaceForensics++\original_sequences\youtube\c23\frames\677\017.png,677,0,test
C:\Capstone\DeepfakeBench\datasets\rgb\FaceForensics++\original_sequences\youtube\c23\frames\677\018.png,677,0,test
C:\Capstone\DeepfakeBench\datasets\rgb\FaceForensics++\original_sequences\youtube\c23\frames\677\019.png,677,0,test
C:\Capstone\DeepfakeBench\datasets\rgb\FaceForensics++\original_sequences\youtube\c23\frames\677\020.png,677,0,test
C:\Capstone\DeepfakeBench\datasets\rgb\FaceForensics++\original_sequences\youtube\c23\frames\677\021.png,677,0,test
C:\Capstone\DeepfakeBench\datasets\rgb\FaceForensics++\original_sequences\youtube\c23\frames\677\022.png,677,0,test
C:\Capstone\DeepfakeBench\datasets\rgb\FaceForensics++\original_sequences\youtube\c23\frames\677\023.png,677,0,test
C:\Capstone\DeepfakeBench\datasets\rgb\FaceForensics++\original_sequences\youtube\c23\frames\677\024.png,677,0,test
C:\Capstone\DeepfakeBench\datasets\rgb\FaceForensics++\original_sequences\youtube\c23\frames\677\025.png,677,0,test
C:\Capstone\DeepfakeBench\datasets\rgb\FaceForensics++\original_sequences\youtube\c23\frames\677\026.png,677,0,test
C:\Capstone\DeepfakeBench\datasets\rgb\FaceForensics++\original_sequences\youtube\c23\frames\677\027.png,677,0,test
C:\Capstone\DeepfakeBench\datasets\rgb\FaceForensics++\original_sequences\youtube\c23\frames\677\028.png,677,0,test
C:\Capstone\DeepfakeBench\datasets\rgb\FaceForensics++\original_sequences\youtube\c23\frames\677\029.png,677,0,test
C:\Capstone\DeepfakeBench\datasets\rgb\FaceForensics++\original_sequences\youtube\c23\frames\677\030.png,677,0,test
C:\Capstone\DeepfakeBench\datasets\rgb\FaceForensics++\original_sequences\youtube\c23\frames\677\031.png,677,0,test
C:\Capstone\DeepfakeBench\datasets\rgb\FaceForensics++\manipulated_sequences\Deepfakes\c23\frames\469_481\000.png,469_481,1,test
C:\Capstone\DeepfakeBench\datasets\rgb\FaceForensics++\manipulated_sequences\Deepfakes\c23\frames\469_481\001.png,469_481,1,test
C:\Capstone\DeepfakeBench\datasets\rgb\FaceForensics++\manipulated_sequences\Deepfakes\c23\frames\469_481\002.png,469_481,1,test
C:\Capstone\DeepfakeBench\datasets\rgb\FaceForensics++\manipulated_sequences\Deepfakes\c23\frames\469_481\003.png,469_481,1,test
C:\Capstone\DeepfakeBench\datasets\rgb\FaceForensics++\manipulated_sequences\Deepfakes\c23\frames\469_481\004.png,469_481,1,test
C:\Capstone\DeepfakeBench\datasets\rgb\FaceForensics++\manipulated_sequences\Deepfakes\c23\frames\469_481\005.png,469_481,1,test
C:\Capstone\DeepfakeBench\datasets\rgb\FaceForensics++\manipulated_sequences\Deepfakes\c23\frames\469_481\006.png,469_481,1,test
C:\Capstone\DeepfakeBench\datasets\rgb\FaceForensics++\manipulated_sequences\Deepfakes\c23\frames\469_481\007.png,469_481,1,test
C:\Capstone\DeepfakeBench\datasets\rgb\FaceForensics++\manipulated_sequences\Deepfakes\c23\frames\469_481\008.png,469_481,1,test
C:\Capstone\DeepfakeBench\datasets\rgb\FaceForensics++\manipulated_sequences\Deepfakes\c23\frames\469_481\009.png,469_481,1,test
C:\Capstone\DeepfakeBench\datasets\rgb\FaceForensics++\manipulated_sequences\Deepfakes\c23\frames\469_481\010.png,469_481,1,test
C:\Capstone\DeepfakeBench\datasets\rgb\FaceForensics++\manipulated_sequences\Deepfakes\c23\frames\469_481\011.png,469_481,1,test
C:\Capstone\DeepfakeBench\datasets\rgb\FaceForensics++\manipulated_sequences\Deepfakes\c23\frames\469_481\012.png,469_481,1,test
C:\Capstone\DeepfakeBench\datasets\rgb\FaceForensics++\manipulated_sequences\Deepfakes\c23\frames\469_481\013.png,469_481,1,test
C:\Capstone\DeepfakeBench\datasets\rgb\FaceForensics++\manipulated_sequences\Deepfakes\c23\frames\469_481\014.png,469_481,1,test
C:\Capstone\DeepfakeBench\datasets\rgb\FaceForensics++\manipulated_sequences\Deepfakes\c23\frames\469_481\015.png,469_481,1,test
C:\Capstone\DeepfakeBench\datasets\rgb\FaceForensics++\manipulated_sequences\Deepfakes\c23\frames\469_481\016.png,469_481,1,test
C:\Capstone\DeepfakeBench\datasets\rgb\FaceForensics++\manipulated_sequences\Deepfakes\c23\frames\469_481\017.png,469_481,1,test
C:\Capstone\DeepfakeBench\datasets\rgb\FaceForensics++\manipulated_sequences\Deepfakes\c23\frames\469_481\018.png,469_481,1,test
C:\Capstone\DeepfakeBench\datasets\rgb\FaceForensics++\manipulated_sequences\Deepfakes\c23\frames\469_481\019.png,469_481,1,test
C:\Capstone\DeepfakeBench\datasets\rgb\FaceForensics++\manipulated_sequences\Deepfakes\c23\frames\469_481\020.png,469_481,1,test
C:\Capstone\DeepfakeBench\datasets\rgb\FaceForensics++\manipulated_sequences\Deepfakes\c23\frames\469_481\021.png,469_481,1,test
C:\Capstone\DeepfakeBench\datasets\rgb\FaceForensics++\manipulated_sequences\Deepfakes\c23\frames\469_481\022.png,469_481,1,test
C:\Capstone\DeepfakeBench\datasets\rgb\FaceForensics++\manipulated_sequences\Deepfakes\c23\frames\469_481\023.png,469_481,1,test
C:\Capstone\DeepfakeBench\datasets\rgb\FaceForensics++\manipulated_sequences\Deepfakes\c23\frames\469_481\024.png,469_481,1,test
C:\Capstone\DeepfakeBench\datasets\rgb\FaceForensics++\manipulated_sequences\Deepfakes\c23\frames\469_481\025.png,469_481,1,test
C:\Capstone\DeepfakeBench\datasets\rgb\FaceForensics++\manipulated_sequences\Deepfakes\c23\frames\469_481\026.png,469_481,1,test
C:\Capstone\DeepfakeBench\datasets\rgb\FaceForensics++\manipulated_sequences\Deepfakes\c23\frames\469_481\027.png,469_481,1,test
C:\Capstone\DeepfakeBench\datasets\rgb\FaceForensics++\manipulated_sequences\Deepfakes\c23\frames\469_481\028.png,469_481,1,test
C:\Capstone\DeepfakeBench\datasets\rgb\FaceForensics++\manipulated_sequences\Deepfakes\c23\frames\469_481\029.png,469_481,1,test
C:\Capstone\DeepfakeBench\datasets\rgb\FaceForensics++\manipulated_sequences\Deepfakes\c23\frames\469_481\030.png,469_481,1,test
C:\Capstone\DeepfakeBench\datasets\rgb\FaceForensics++\manipulated_sequences\Deepfakes\c23\frames\469_481\031.png,469_481,1,test
C:\Capstone\DeepfakeBench\datasets\rgb\FaceForensics++\manipulated_sequences\Deepfakes\c23\frames\150_153\000.png,150_153,1,test
C:\Capstone\DeepfakeBench\datasets\rgb\FaceForensics++\manipulated_sequences\Deepfakes\c23\frames\150_153\001.png,150_153,1,test
C:\Capstone\DeepfakeBench\datasets\rgb\FaceForensics++\manipulated_sequences\Deepfakes\c23\frames\150_153\002.png,150_153,1,test
C:\Capstone\DeepfakeBench\datasets\rgb\FaceForensics++\manipulated_sequences\Deepfakes\c23\frames\150_153\003.png,150_153,1,test
C:\Capstone\DeepfakeBench\datasets\rgb\FaceForensics++\manipulated_sequences\Deepfakes\c23\frames\150_153\004.png,150_153,1,test
C:\Capstone\DeepfakeBench\datasets\rgb\FaceForensics++\manipulated_sequences\Deepfakes\c23\frames\150_153\005.png,150_153,1,test
C:\Capstone\DeepfakeBench\datasets\rgb\FaceForensics++\manipulated_sequences\Deepfakes\c23\frames\150_153\006.png,150_153,1,test
C:\Capstone\DeepfakeBench\datasets\rgb\FaceForensics++\manipulated_sequences\Deepfakes\c23\frames\150_153\007.png,150_153,1,test
C:\Capstone\DeepfakeBench\datasets\rgb\FaceForensics++\manipulated_sequences\Deepfakes\c23\frames\150_153\008.png,150_153,1,test
C:\Capstone\DeepfakeBench\datasets\rgb\FaceForensics++\manipulated_sequences\Deepfakes\c23\frames\150_153\009.png,150_153,1,test
C:\Capstone\DeepfakeBench\datasets\rgb\FaceForensics++\manipulated_sequences\Deepfakes\c23\frames\150_153\010.png,150_153,1,test
C:\Capstone\DeepfakeBench\datasets\rgb\FaceForensics++\manipulated_sequences\Deepfakes\c23\frames\150_153\011.png,150_153,1,test
C:\Capstone\DeepfakeBench\datasets\rgb\FaceForensics++\manipulated_sequences\Deepfakes\c23\frames\150_153\012.png,150_153,1,test
C:\Capstone\DeepfakeBench\datasets\rgb\FaceForensics++\manipulated_sequences\Deepfakes\c23\frames\150_153\013.png,150_153,1,test
C:\Capstone\DeepfakeBench\datasets\rgb\FaceForensics++\manipulated_sequences\Deepfakes\c23\frames\150_153\014.png,150_153,1,test
C:\Capstone\DeepfakeBench\datasets\rgb\FaceForensics++\manipulated_sequences\Deepfakes\c23\frames\150_153\015.png,150_153,1,test
C:\Capstone\DeepfakeBench\datasets\rgb\FaceForensics++\manipulated_sequences\Deepfakes\c23\frames\150_153\016.png,150_153,1,test
C:\Capstone\DeepfakeBench\datasets\rgb\FaceForensics++\manipulated_sequences\Deepfakes\c23\frames\150_153\017.png,150_153,1,test
C:\Capstone\DeepfakeBench\datasets\rgb\FaceForensics++\manipulated_sequences\Deepfakes\c23\frames\150_153\018.png,150_153,1,test
C:\Capstone\DeepfakeBench\datasets\rgb\FaceForensics++\manipulated_sequences\Deepfakes\c23\frames\150_153\019.png,150_153,1,test
C:\Capstone\DeepfakeBench\datasets\rgb\FaceForensics++\manipulated_sequences\Deepfakes\c23\frames\150_153\020.png,150_153,1,test
C:\Capstone\DeepfakeBench\datasets\rgb\FaceForensics++\manipulated_sequences\Deepfakes\c23\frames\150_153\021.png,150_153,1,test
C:\Capstone\DeepfakeBench\datasets\rgb\FaceForensics++\manipulated_sequences\Deepfakes\c23\frames\150_153\022.png,150_153,1,test
C:\Capstone\DeepfakeBench\datasets\rgb\FaceForensics++\manipulated_sequences\Deepfakes\c23\frames\150_153\023.png,150_153,1,test
C:\Capstone\DeepfakeBench\datasets\rgb\FaceForensics++\manipulated_sequences\Deepfakes\c23\frames\150_153\024.png,150_153,1,test
C:\Capstone\DeepfakeBench\datasets\rgb\FaceForensics++\manipulated_sequences\Deepfakes\c23\frames\150_153\025.png,150_153,1,test
C:\Capstone\DeepfakeBench\datasets\rgb\FaceForensics++\manipulated_sequences\Deepfakes\c23\frames\150_153\026.png,150_153,1,test
C:\Capstone\DeepfakeBench\datasets\rgb\FaceForensics++\manipulated_sequences\Deepfakes\c23\frames\150_153\027.png,150_153,1,test
C:\Capstone\DeepfakeBench\datasets\rgb\FaceForensics++\manipulated_sequences\Deepfakes\c23\frames\150_153\028.png,150_153,1,test
C:\Capstone\DeepfakeBench\datasets\rgb\FaceForensics++\manipulated_sequences\Deepfakes\c23\frames\150_153\029.png,150_153,1,test
C:\Capstone\DeepfakeBench\datasets\rgb\FaceForensics++\manipulated_sequences\Deepfakes\c23\frames\150_153\030.png,150_153,1,test
C:\Capstone\DeepfakeBench\datasets\rgb\FaceForensics++\manipulated_sequences\Deepfakes\c23\frames\150_153\031.png,150_153,1,test
C:\Capstone\DeepfakeBench\datasets\rgb\FaceForensics++\original_sequences\youtube\c23\frames\565\000.png,565,0,test
C:\Capstone\DeepfakeBench\datasets\rgb\FaceForensics++\original_sequences\youtube\c23\frames\565\001.png,565,0,test
C:\Capstone\DeepfakeBench\datasets\rgb\FaceForensics++\original_sequences\youtube\c23\frames\565\002.png,565,0,test
C:\Capstone\DeepfakeBench\datasets\rgb\FaceForensics++\original_sequences\youtube\c23\frames\565\003.png,565,0,test
C:\Capstone\DeepfakeBench\datasets\rgb\FaceForensics++\original_sequences\youtube\c23\frames\565\004.png,565,0,test
C:\Capstone\DeepfakeBench\datasets\rgb\FaceForensics++\original_sequences\youtube\c23\frames\565\005.png,565,0,test
C:\Capstone\DeepfakeBench\datasets\rgb\FaceForensics++\original_sequences\youtube\c23\frames\565\006.png,565,0,test
C:\Capstone\DeepfakeBench\datasets\rgb\FaceForensics++\original_sequences\youtube\c23\frames\565\007.png,565,0,test
C:\Capstone\DeepfakeBench\datasets\rgb\FaceForensics++\original_sequences\youtube\c23\frames\565\008.png,565,0,test
C:\Capstone\DeepfakeBench\datasets\rgb\FaceForensics++\original_sequences\youtube\c23\frames\565\009.png,565,0,test
C:\Capstone\DeepfakeBench\datasets\rgb\FaceForensics++\original_sequences\youtube\c23\frames\565\010.png,565,0,test
C:\Capstone\DeepfakeBench\datasets\rgb\FaceForensics++\original_sequences\youtube\c23\frames\565\011.png,565,0,test
C:\Capstone\DeepfakeBench\datasets\rgb\FaceForensics++\original_sequences\youtube\c23\frames\565\012.png,565,0,test
C:\Capstone\DeepfakeBench\datasets\rgb\FaceForensics++\original_sequences\youtube\c23\frames\565\013.png,565,0,test
C:\Capstone\DeepfakeBench\datasets\rgb\FaceForensics++\original_sequences\youtube\c23\frames\565\014.png,565,0,test
C:\Capstone\DeepfakeBench\datasets\rgb\FaceForensics++\original_sequences\youtube\c23\frames\565\015.png,565,0,test
C:\Capstone\DeepfakeBench\datasets\rgb\FaceForensics++\original_sequences\youtube\c23\frames\565\016.png,565,0,test
C:\Capstone\DeepfakeBench\datasets\rgb\FaceForensics++\original_sequences\youtube\c23\frames\565\017.png,565,0,test
C:\Capstone\DeepfakeBench\datasets\rgb\FaceForensics++\original_sequences\youtube\c23\frames\565\018.png,565,0,test
C:\Capstone\DeepfakeBench\datasets\rgb\FaceForensics++\original_sequences\youtube\c23\frames\565\019.png,565,0,test
C:\Capstone\DeepfakeBench\datasets\rgb\FaceForensics++\original_sequences\youtube\c23\frames\565\020.png,565,0,test
C:\Capstone\DeepfakeBench\datasets\rgb\FaceForensics++\original_sequences\youtube\c23\frames\565\021.png,565,0,test
C:\Capstone\DeepfakeBench\datasets\rgb\FaceForensics++\original_sequences\youtube\c23\frames\565\022.png,565,0,test
C:\Capstone\DeepfakeBench\datasets\rgb\FaceForensics++\original_sequences\youtube\c23\frames\565\023.png,565,0,test
C:\Capstone\DeepfakeBench\datasets\rgb\FaceForensics++\original_sequences\youtube\c23\frames\565\024.png,565,0,test
C:\Capstone\DeepfakeBench\datasets\rgb\FaceForensics++\original_sequences\youtube\c23\frames\565\025.png,565,0,test
C:\Capstone\DeepfakeBench\datasets\rgb\FaceForensics++\original_sequences\youtube\c23\frames\565\026.png,565,0,test
C:\Capstone\DeepfakeBench\datasets\rgb\FaceForensics++\original_sequences\youtube\c23\frames\565\027.png,565,0,test
C:\Capstone\DeepfakeBench\datasets\rgb\FaceForensics++\original_sequences\youtube\c23\frames\565\028.png,565,0,test
C:\Capstone\DeepfakeBench\datasets\rgb\FaceForensics++\original_sequences\youtube\c23\frames\565\029.png,565,0,test
C:\Capstone\DeepfakeBench\datasets\rgb\FaceForensics++\original_sequences\youtube\c23\frames\565\030.png,565,0,test
C:\Capstone\DeepfakeBench\datasets\rgb\FaceForensics++\original_sequences\youtube\c23\frames\565\031.png,565,0,test
C:\Capstone\DeepfakeBench\datasets\rgb\FaceForensics++\manipulated_sequences\Deepfakes\c23\frames\066_062\000.png,066_062,1,test
C:\Capstone\DeepfakeBench\datasets\rgb\FaceForensics++\manipulated_sequences\Deepfakes\c23\frames\066_062\001.png,066_062,1,test
C:\Capstone\DeepfakeBench\datasets\rgb\FaceForensics++\manipulated_sequences\Deepfakes\c23\frames\066_062\002.png,066_062,1,test
C:\Capstone\DeepfakeBench\datasets\rgb\FaceForensics++\manipulated_sequences\Deepfakes\c23\frames\066_062\003.png,066_062,1,test
C:\Capstone\DeepfakeBench\datasets\rgb\FaceForensics++\manipulated_sequences\Deepfakes\c23\frames\066_062\004.png,066_062,1,test
C:\Capstone\DeepfakeBench\datasets\rgb\FaceForensics++\manipulated_sequences\Deepfakes\c23\frames\066_062\005.png,066_062,1,test
C:\Capstone\DeepfakeBench\datasets\rgb\FaceForensics++\manipulated_sequences\Deepfakes\c23\frames\066_062\006.png,066_062,1,test
C:\Capstone\DeepfakeBench\datasets\rgb\FaceForensics++\manipulated_sequences\Deepfakes\c23\frames\066_062\007.png,066_062,1,test
C:\Capstone\DeepfakeBench\datasets\rgb\FaceForensics++\manipulated_sequences\Deepfakes\c23\frames\066_062\008.png,066_062,1,test
C:\Capstone\DeepfakeBench\datasets\rgb\FaceForensics++\manipulated_sequences\Deepfakes\c23\frames\066_062\009.png,066_062,1,test
C:\Capstone\DeepfakeBench\datasets\rgb\FaceForensics++\manipulated_sequences\Deepfakes\c23\frames\066_062\010.png,066_062,1,test
C:\Capstone\DeepfakeBench\datasets\rgb\FaceForensics++\manipulated_sequences\Deepfakes\c23\frames\066_062\011.png,066_062,1,test
C:\Capstone\DeepfakeBench\datasets\rgb\FaceForensics++\manipulated_sequences\Deepfakes\c23\frames\066_062\012.png,066_062,1,test
C:\Capstone\DeepfakeBench\datasets\rgb\FaceForensics++\manipulated_sequences\Deepfakes\c23\frames\066_062\013.png,066_062,1,test
C:\Capstone\DeepfakeBench\datasets\rgb\FaceForensics++\manipulated_sequences\Deepfakes\c23\frames\066_062\014.png,066_062,1,test
C:\Capstone\DeepfakeBench\datasets\rgb\FaceForensics++\manipulated_sequences\Deepfakes\c23\frames\066_062\015.png,066_062,1,test
C:\Capstone\DeepfakeBench\datasets\rgb\FaceForensics++\manipulated_sequences\Deepfakes\c23\frames\066_062\016.png,066_062,1,test
C:\Capstone\DeepfakeBench\datasets\rgb\FaceForensics++\manipulated_sequences\Deepfakes\c23\frames\066_062\017.png,066_062,1,test
C:\Capstone\DeepfakeBench\datasets\rgb\FaceForensics++\manipulated_sequences\Deepfakes\c23\frames\066_062\018.png,066_062,1,test
C:\Capstone\DeepfakeBench\datasets\rgb\FaceForensics++\manipulated_sequences\Deepfakes\c23\frames\066_062\019.png,066_062,1,test
C:\Capstone\DeepfakeBench\datasets\rgb\FaceForensics++\manipulated_sequences\Deepfakes\c23\frames\066_062\020.png,066_062,1,test
C:\Capstone\DeepfakeBench\datasets\rgb\FaceForensics++\manipulated_sequences\Deepfakes\c23\frames\066_062\021.png,066_062,1,test
C:\Capstone\DeepfakeBench\datasets\rgb\FaceForensics++\manipulated_sequences\Deepfakes\c23\frames\066_062\022.png,066_062,1,test
C:\Capstone\DeepfakeBench\datasets\rgb\FaceForensics++\manipulated_sequences\Deepfakes\c23\frames\066_062\023.png,066_062,1,test
C:\Capstone\DeepfakeBench\datasets\rgb\FaceForensics++\manipulated_sequences\Deepfakes\c23\frames\066_062\024.png,066_062,1,test
C:\Capstone\DeepfakeBench\datasets\rgb\FaceForensics++\manipulated_sequences\Deepfakes\c23\frames\066_062\025.png,066_062,1,test
C:\Capstone\DeepfakeBench\datasets\rgb\FaceForensics++\manipulated_sequences\Deepfakes\c23\frames\066_062\026.png,066_062,1,test
C:\Capstone\DeepfakeBench\datasets\rgb\FaceForensics++\manipulated_sequences\Deepfakes\c23\frames\066_062\027.png,066_062,1,test
C:\Capstone\DeepfakeBench\datasets\rgb\FaceForensics++\manipulated_sequences\Deepfakes\c23\frames\066_062\028.png,066_062,1,test
C:\Capstone\DeepfakeBench\datasets\rgb\FaceForensics++\manipulated_sequences\Deepfakes\c23\frames\066_062\029.png,066_062,1,test
C:\Capstone\DeepfakeBench\datasets\rgb\FaceForensics++\manipulated_sequences\Deepfakes\c23\frames\066_062\030.png,066_062,1,test
C:\Capstone\DeepfakeBench\datasets\rgb\FaceForensics++\manipulated_sequences\Deepfakes\c23\frames\066_062\031.png,066_062,1,test
C:\Capstone\DeepfakeBench\datasets\rgb\FaceForensics++\manipulated_sequences\Deepfakes\c23\frames\943_942\000.png,943_942,1,test
C:\Capstone\DeepfakeBench\datasets\rgb\FaceForensics++\manipulated_sequences\Deepfakes\c23\frames\943_942\001.png,943_942,1,test
C:\Capstone\DeepfakeBench\datasets\rgb\FaceForensics++\manipulated_sequences\Deepfakes\c23\frames\943_942\002.png,943_942,1,test
C:\Capstone\DeepfakeBench\datasets\rgb\FaceForensics++\manipulated_sequences\Deepfakes\c23\frames\943_942\003.png,943_942,1,test
C:\Capstone\DeepfakeBench\datasets\rgb\FaceForensics++\manipulated_sequences\Deepfakes\c23\frames\943_942\004.png,943_942,1,test
C:\Capstone\DeepfakeBench\datasets\rgb\FaceForensics++\manipulated_sequences\Deepfakes\c23\frames\943_942\005.png,943_942,1,test
C:\Capstone\DeepfakeBench\datasets\rgb\FaceForensics++\manipulated_sequences\Deepfakes\c23\frames\943_942\006.png,943_942,1,test
C:\Capstone\DeepfakeBench\datasets\rgb\FaceForensics++\manipulated_sequences\Deepfakes\c23\frames\943_942\007.png,943_942,1,test
C:\Capstone\DeepfakeBench\datasets\rgb\FaceForensics++\manipulated_sequences\Deepfakes\c23\frames\943_942\008.png,943_942,1,test
C:\Capstone\DeepfakeBench\datasets\rgb\FaceForensics++\manipulated_sequences\Deepfakes\c23\frames\943_942\009.png,943_942,1,test
C:\Capstone\DeepfakeBench\datasets\rgb\FaceForensics++\manipulated_sequences\Deepfakes\c23\frames\943_942\010.png,943_942,1,test
C:\Capstone\DeepfakeBench\datasets\rgb\FaceForensics++\manipulated_sequences\Deepfakes\c23\frames\943_942\011.png,943_942,1,test
C:\Capstone\DeepfakeBench\datasets\rgb\FaceForensics++\manipulated_sequences\Deepfakes\c23\frames\943_942\012.png,943_942,1,test
C:\Capstone\DeepfakeBench\datasets\rgb\FaceForensics++\manipulated_sequences\Deepfakes\c23\frames\943_942\013.png,943_942,1,test
C:\Capstone\DeepfakeBench\datasets\rgb\FaceForensics++\manipulated_sequences\Deepfakes\c23\frames\943_942\014.png,943_942,1,test
C:\Capstone\DeepfakeBench\datasets\rgb\FaceForensics++\manipulated_sequences\Deepfakes\c23\frames\943_942\015.png,943_942,1,test
C:\Capstone\DeepfakeBench\datasets\rgb\FaceForensics++\manipulated_sequences\Deepfakes\c23\frames\943_942\016.png,943_942,1,test
C:\Capstone\DeepfakeBench\datasets\rgb\FaceForensics++\manipulated_sequences\Deepfakes\c23\frames\943_942\017.png,943_942,1,test
C:\Capstone\DeepfakeBench\datasets\rgb\FaceForensics++\manipulated_sequences\Deepfakes\c23\frames\943_942\018.png,943_942,1,test
C:\Capstone\DeepfakeBench\datasets\rgb\FaceForensics++\manipulated_sequences\Deepfakes\c23\frames\943_942\019.png,943_942,1,test
C:\Capstone\DeepfakeBench\datasets\rgb\FaceForensics++\manipulated_sequences\Deepfakes\c23\frames\943_942\020.png,943_942,1,test
C:\Capstone\DeepfakeBench\datasets\rgb\FaceForensics++\manipulated_sequences\Deepfakes\c23\frames\943_942\021.png,943_942,1,test
C:\Capstone\DeepfakeBench\datasets\rgb\FaceForensics++\manipulated_sequences\Deepfakes\c23\frames\943_942\022.png,943_942,1,test
C:\Capstone\DeepfakeBench\datasets\rgb\FaceForensics++\manipulated_sequences\Deepfakes\c23\frames\943_942\023.png,943_942,1,test
C:\Capstone\DeepfakeBench\datasets\rgb\FaceForensics++\manipulated_sequences\Deepfakes\c23\frames\943_942\024.png,943_942,1,test
C:\Capstone\DeepfakeBench\datasets\rgb\FaceForensics++\manipulated_sequences\Deepfakes\c23\frames\943_942\025.png,943_942,1,test
C:\Capstone\DeepfakeBench\datasets\rgb\FaceForensics++\manipulated_sequences\Deepfakes\c23\frames\943_942\026.png,943_942,1,test
C:\Capstone\DeepfakeBench\datasets\rgb\FaceForensics++\manipulated_sequences\Deepfakes\c23\frames\943_942\027.png,943_942,1,test
C:\Capstone\DeepfakeBench\datasets\rgb\FaceForensics++\manipulated_sequences\Deepfakes\c23\frames\943_942\028.png,943_942,1,test
C:\Capstone\DeepfakeBench\datasets\rgb\FaceForensics++\manipulated_sequences\Deepfakes\c23\frames\943_942\029.png,943_942,1,test
C:\Capstone\DeepfakeBench\datasets\rgb\FaceForensics++\manipulated_sequences\Deepfakes\c23\frames\943_942\030.png,943_942,1,test
C:\Capstone\DeepfakeBench\datasets\rgb\FaceForensics++\manipulated_sequences\Deepfakes\c23\frames\943_942\031.png,943_942,1,test
C:\Capstone\DeepfakeBench\datasets\rgb\FaceForensics++\manipulated_sequences\Deepfakes\c23\frames\651_835\000.png,651_835,1,test
C:\Capstone\DeepfakeBench\datasets\rgb\FaceForensics++\manipulated_sequences\Deepfakes\c23\frames\651_835\001.png,651_835,1,test
C:\Capstone\DeepfakeBench\datasets\rgb\FaceForensics++\manipulated_sequences\Deepfakes\c23\frames\651_835\002.png,651_835,1,test
C:\Capstone\DeepfakeBench\datasets\rgb\FaceForensics++\manipulated_sequences\Deepfakes\c23\frames\651_835\003.png,651_835,1,test
C:\Capstone\DeepfakeBench\datasets\rgb\FaceForensics++\manipulated_sequences\Deepfakes\c23\frames\651_835\004.png,651_835,1,test
C:\Capstone\DeepfakeBench\datasets\rgb\FaceForensics++\manipulated_sequences\Deepfakes\c23\frames\651_835\005.png,651_835,1,test
C:\Capstone\DeepfakeBench\datasets\rgb\FaceForensics++\manipulated_sequences\Deepfakes\c23\frames\651_835\006.png,651_835,1,test
C:\Capstone\DeepfakeBench\datasets\rgb\FaceForensics++\manipulated_sequences\Deepfakes\c23\frames\651_835\007.png,651_835,1,test
C:\Capstone\DeepfakeBench\datasets\rgb\FaceForensics++\manipulated_sequences\Deepfakes\c23\frames\651_835\008.png,651_835,1,test
C:\Capstone\DeepfakeBench\datasets\rgb\FaceForensics++\manipulated_sequences\Deepfakes\c23\frames\651_835\009.png,651_835,1,test
C:\Capstone\DeepfakeBench\datasets\rgb\FaceForensics++\manipulated_sequences\Deepfakes\c23\frames\651_835\010.png,651_835,1,test
C:\Capstone\DeepfakeBench\datasets\rgb\FaceForensics++\manipulated_sequences\Deepfakes\c23\frames\651_835\011.png,651_835,1,test
C:\Capstone\DeepfakeBench\datasets\rgb\FaceForensics++\manipulated_sequences\Deepfakes\c23\frames\651_835\012.png,651_835,1,test
C:\Capstone\DeepfakeBench\datasets\rgb\FaceForensics++\manipulated_sequences\Deepfakes\c23\frames\651_835\013.png,651_835,1,test
C:\Capstone\DeepfakeBench\datasets\rgb\FaceForensics++\manipulated_sequences\Deepfakes\c23\frames\651_835\014.png,651_835,1,test
C:\Capstone\DeepfakeBench\datasets\rgb\FaceForensics++\manipulated_sequences\Deepfakes\c23\frames\651_835\015.png,651_835,1,test
C:\Capstone\DeepfakeBench\datasets\rgb\FaceForensics++\manipulated_sequences\Deepfakes\c23\frames\651_835\016.png,651_835,1,test
C:\Capstone\DeepfakeBench\datasets\rgb\FaceForensics++\manipulated_sequences\Deepfakes\c23\frames\651_835\017.png,651_835,1,test
C:\Capstone\DeepfakeBench\datasets\rgb\FaceForensics++\manipulated_sequences\Deepfakes\c23\frames\651_835\018.png,651_835,1,test
C:\Capstone\DeepfakeBench\datasets\rgb\FaceForensics++\manipulated_sequences\Deepfakes\c23\frames\651_835\019.png,651_835,1,test
C:\Capstone\DeepfakeBench\datasets\rgb\FaceForensics++\manipulated_sequences\Deepfakes\c23\frames\651_835\020.png,651_835,1,test
C:\Capstone\DeepfakeBench\datasets\rgb\FaceForensics++\manipulated_sequences\Deepfakes\c23\frames\651_835\021.png,651_835,1,test
C:\Capstone\DeepfakeBench\datasets\rgb\FaceForensics++\manipulated_sequences\Deepfakes\c23\frames\651_835\022.png,651_835,1,test
C:\Capstone\DeepfakeBench\datasets\rgb\FaceForensics++\manipulated_sequences\Deepfakes\c23\frames\651_835\023.png,651_835,1,test
C:\Capstone\DeepfakeBench\datasets\rgb\FaceForensics++\manipulated_sequences\Deepfakes\c23\frames\651_835\024.png,651_835,1,test
C:\Capstone\DeepfakeBench\datasets\rgb\FaceForensics++\manipulated_sequences\Deepfakes\c23\frames\651_835\025.png,651_835,1,test
C:\Capstone\DeepfakeBench\datasets\rgb\FaceForensics++\manipulated_sequences\Deepfakes\c23\frames\651_835\026.png,651_835,1,test
C:\Capstone\DeepfakeBench\datasets\rgb\FaceForensics++\manipulated_sequences\Deepfakes\c23\frames\651_835\027.png,651_835,1,test
C:\Capstone\DeepfakeBench\datasets\rgb\FaceForensics++\manipulated_sequences\Deepfakes\c23\frames\651_835\028.png,651_835,1,test
C:\Capstone\DeepfakeBench\datasets\rgb\FaceForensics++\manipulated_sequences\Deepfakes\c23\frames\651_835\029.png,651_835,1,test
C:\Capstone\DeepfakeBench\datasets\rgb\FaceForensics++\manipulated_sequences\Deepfakes\c23\frames\651_835\030.png,651_835,1,test
C:\Capstone\DeepfakeBench\datasets\rgb\FaceForensics++\manipulated_sequences\Deepfakes\c23\frames\651_835\031.png,651_835,1,test
C:\Capstone\DeepfakeBench\datasets\rgb\FaceForensics++\original_sequences\youtube\c23\frames\469\000.png,469,0,test
C:\Capstone\DeepfakeBench\datasets\rgb\FaceForensics++\original_sequences\youtube\c23\frames\469\001.png,469,0,test
C:\Capstone\DeepfakeBench\datasets\rgb\FaceForensics++\original_sequences\youtube\c23\frames\469\002.png,469,0,test
C:\Capstone\DeepfakeBench\datasets\rgb\FaceForensics++\original_sequences\youtube\c23\frames\469\003.png,469,0,test
C:\Capstone\DeepfakeBench\datasets\rgb\FaceForensics++\original_sequences\youtube\c23\frames\469\004.png,469,0,test
C:\Capstone\DeepfakeBench\datasets\rgb\FaceForensics++\original_sequences\youtube\c23\frames\469\005.png,469,0,test
C:\Capstone\DeepfakeBench\datasets\rgb\FaceForensics++\original_sequences\youtube\c23\frames\469\006.png,469,0,test
C:\Capstone\DeepfakeBench\datasets\rgb\FaceForensics++\original_sequences\youtube\c23\frames\469\007.png,469,0,test
C:\Capstone\DeepfakeBench\datasets\rgb\FaceForensics++\original_sequences\youtube\c23\frames\469\008.png,469,0,test
C:\Capstone\DeepfakeBench\datasets\rgb\FaceForensics++\original_sequences\youtube\c23\frames\469\009.png,469,0,test
C:\Capstone\DeepfakeBench\datasets\rgb\FaceForensics++\original_sequences\youtube\c23\frames\469\010.png,469,0,test
C:\Capstone\DeepfakeBench\datasets\rgb\FaceForensics++\original_sequences\youtube\c23\frames\469\011.png,469,0,test
C:\Capstone\DeepfakeBench\datasets\rgb\FaceForensics++\original_sequences\youtube\c23\frames\469\012.png,469,0,test
C:\Capstone\DeepfakeBench\datasets\rgb\FaceForensics++\original_sequences\youtube\c23\frames\469\013.png,469,0,test
C:\Capstone\DeepfakeBench\datasets\rgb\FaceForensics++\original_sequences\youtube\c23\frames\469\014.png,469,0,test
C:\Capstone\DeepfakeBench\datasets\rgb\FaceForensics++\original_sequences\youtube\c23\frames\469\015.png,469,0,test
C:\Capstone\DeepfakeBench\datasets\rgb\FaceForensics++\original_sequences\youtube\c23\frames\469\016.png,469,0,test
C:\Capstone\DeepfakeBench\datasets\rgb\FaceForensics++\original_sequences\youtube\c23\frames\469\017.png,469,0,test
C:\Capstone\DeepfakeBench\datasets\rgb\FaceForensics++\original_sequences\youtube\c23\frames\469\018.png,469,0,test
C:\Capstone\DeepfakeBench\datasets\rgb\FaceForensics++\original_sequences\youtube\c23\frames\469\019.png,469,0,test
C:\Capstone\DeepfakeBench\datasets\rgb\FaceForensics++\original_sequences\youtube\c23\frames\469\020.png,469,0,test
C:\Capstone\DeepfakeBench\datasets\rgb\FaceForensics++\original_sequences\youtube\c23\frames\469\021.png,469,0,test
C:\Capstone\DeepfakeBench\datasets\rgb\FaceForensics++\original_sequences\youtube\c23\frames\469\022.png,469,0,test
C:\Capstone\DeepfakeBench\datasets\rgb\FaceForensics++\original_sequences\youtube\c23\frames\469\023.png,469,0,test
C:\Capstone\DeepfakeBench\datasets\rgb\FaceForensics++\original_sequences\youtube\c23\frames\469\024.png,469,0,test
C:\Capstone\DeepfakeBench\datasets\rgb\FaceForensics++\original_sequences\youtube\c23\frames\469\025.png,469,0,test
C:\Capstone\DeepfakeBench\datasets\rgb\FaceForensics++\original_sequences\youtube\c23\frames\469\026.png,469,0,test
C:\Capstone\DeepfakeBench\datasets\rgb\FaceForensics++\original_sequences\youtube\c23\frames\469\027.png,469,0,test
C:\Capstone\DeepfakeBench\datasets\rgb\FaceForensics++\original_sequences\youtube\c23\frames\469\028.png,469,0,test
C:\Capstone\DeepfakeBench\datasets\rgb\FaceForensics++\original_sequences\youtube\c23\frames\469\029.png,469,0,test
C:\Capstone\DeepfakeBench\datasets\rgb\FaceForensics++\original_sequences\youtube\c23\frames\469\030.png,469,0,test
C:\Capstone\DeepfakeBench\datasets\rgb\FaceForensics++\original_sequences\youtube\c23\frames\469\031.png,469,0,test
C:\Capstone\DeepfakeBench\datasets\rgb\FaceForensics++\manipulated_sequences\Deepfakes\c23\frames\434_438\000.png,434_438,1,test
C:\Capstone\DeepfakeBench\datasets\rgb\FaceForensics++\manipulated_sequences\Deepfakes\c23\frames\434_438\001.png,434_438,1,test
C:\Capstone\DeepfakeBench\datasets\rgb\FaceForensics++\manipulated_sequences\Deepfakes\c23\frames\434_438\002.png,434_438,1,test
C:\Capstone\DeepfakeBench\datasets\rgb\FaceForensics++\manipulated_sequences\Deepfakes\c23\frames\434_438\003.png,434_438,1,test
C:\Capstone\DeepfakeBench\datasets\rgb\FaceForensics++\manipulated_sequences\Deepfakes\c23\frames\434_438\004.png,434_438,1,test
C:\Capstone\DeepfakeBench\datasets\rgb\FaceForensics++\manipulated_sequences\Deepfakes\c23\frames\434_438\005.png,434_438,1,test
C:\Capstone\DeepfakeBench\datasets\rgb\FaceForensics++\manipulated_sequences\Deepfakes\c23\frames\434_438\006.png,434_438,1,test
C:\Capstone\DeepfakeBench\datasets\rgb\FaceForensics++\manipulated_sequences\Deepfakes\c23\frames\434_438\007.png,434_438,1,test
C:\Capstone\DeepfakeBench\datasets\rgb\FaceForensics++\manipulated_sequences\Deepfakes\c23\frames\434_438\008.png,434_438,1,test
C:\Capstone\DeepfakeBench\datasets\rgb\FaceForensics++\manipulated_sequences\Deepfakes\c23\frames\434_438\009.png,434_438,1,test
C:\Capstone\DeepfakeBench\datasets\rgb\FaceForensics++\manipulated_sequences\Deepfakes\c23\frames\434_438\010.png,434_438,1,test
C:\Capstone\DeepfakeBench\datasets\rgb\FaceForensics++\manipulated_sequences\Deepfakes\c23\frames\434_438\011.png,434_438,1,test
C:\Capstone\DeepfakeBench\datasets\rgb\FaceForensics++\manipulated_sequences\Deepfakes\c23\frames\434_438\012.png,434_438,1,test
C:\Capstone\DeepfakeBench\datasets\rgb\FaceForensics++\manipulated_sequences\Deepfakes\c23\frames\434_438\013.png,434_438,1,test
C:\Capstone\DeepfakeBench\datasets\rgb\FaceForensics++\manipulated_sequences\Deepfakes\c23\frames\434_438\014.png,434_438,1,test
C:\Capstone\DeepfakeBench\datasets\rgb\FaceForensics++\manipulated_sequences\Deepfakes\c23\frames\434_438\015.png,434_438,1,test
C:\Capstone\DeepfakeBench\datasets\rgb\FaceForensics++\manipulated_sequences\Deepfakes\c23\frames\434_438\016.png,434_438,1,test
C:\Capstone\DeepfakeBench\datasets\rgb\FaceForensics++\manipulated_sequences\Deepfakes\c23\frames\434_438\017.png,434_438,1,test
C:\Capstone\DeepfakeBench\datasets\rgb\FaceForensics++\manipulated_sequences\Deepfakes\c23\frames\434_438\018.png,434_438,1,test
C:\Capstone\DeepfakeBench\datasets\rgb\FaceForensics++\manipulated_sequences\Deepfakes\c23\frames\434_438\019.png,434_438,1,test
C:\Capstone\DeepfakeBench\datasets\rgb\FaceForensics++\manipulated_sequences\Deepfakes\c23\frames\434_438\020.png,434_438,1,test
C:\Capstone\DeepfakeBench\datasets\rgb\FaceForensics++\manipulated_sequences\Deepfakes\c23\frames\434_438\021.png,434_438,1,test
C:\Capstone\DeepfakeBench\datasets\rgb\FaceForensics++\manipulated_sequences\Deepfakes\c23\frames\434_438\022.png,434_438,1,test
C:\Capstone\DeepfakeBench\datasets\rgb\FaceForensics++\manipulated_sequences\Deepfakes\c23\frames\434_438\023.png,434_438,1,test
C:\Capstone\DeepfakeBench\datasets\rgb\FaceForensics++\manipulated_sequences\Deepfakes\c23\frames\434_438\024.png,434_438,1,test
C:\Capstone\DeepfakeBench\datasets\rgb\FaceForensics++\manipulated_sequences\Deepfakes\c23\frames\434_438\025.png,434_438,1,test
C:\Capstone\DeepfakeBench\datasets\rgb\FaceForensics++\manipulated_sequences\Deepfakes\c23\frames\434_438\026.png,434_438,1,test
C:\Capstone\DeepfakeBench\datasets\rgb\FaceForensics++\manipulated_sequences\Deepfakes\c23\frames\434_438\027.png,434_438,1,test
C:\Capstone\DeepfakeBench\datasets\rgb\FaceForensics++\manipulated_sequences\Deepfakes\c23\frames\434_438\028.png,434_438,1,test
C:\Capstone\DeepfakeBench\datasets\rgb\FaceForensics++\manipulated_sequences\Deepfakes\c23\frames\434_438\029.png,434_438,1,test
C:\Capstone\DeepfakeBench\datasets\rgb\FaceForensics++\manipulated_sequences\Deepfakes\c23\frames\434_438\030.png,434_438,1,test
C:\Capstone\DeepfakeBench\datasets\rgb\FaceForensics++\manipulated_sequences\Deepfakes\c23\frames\434_438\031.png,434_438,1,test
C:\Capstone\DeepfakeBench\datasets\rgb\FaceForensics++\manipulated_sequences\Deepfakes\c23\frames\986_994\000.png,986_994,1,test
C:\Capstone\DeepfakeBench\datasets\rgb\FaceForensics++\manipulated_sequences\Deepfakes\c23\frames\986_994\001.png,986_994,1,test
C:\Capstone\DeepfakeBench\datasets\rgb\FaceForensics++\manipulated_sequences\Deepfakes\c23\frames\986_994\002.png,986_994,1,test
C:\Capstone\DeepfakeBench\datasets\rgb\FaceForensics++\manipulated_sequences\Deepfakes\c23\frames\986_994\003.png,986_994,1,test
C:\Capstone\DeepfakeBench\datasets\rgb\FaceForensics++\manipulated_sequences\Deepfakes\c23\frames\986_994\004.png,986_994,1,test
C:\Capstone\DeepfakeBench\datasets\rgb\FaceForensics++\manipulated_sequences\Deepfakes\c23\frames\986_994\005.png,986_994,1,test
C:\Capstone\DeepfakeBench\datasets\rgb\FaceForensics++\manipulated_sequences\Deepfakes\c23\frames\986_994\006.png,986_994,1,test
C:\Capstone\DeepfakeBench\datasets\rgb\FaceForensics++\manipulated_sequences\Deepfakes\c23\frames\986_994\007.png,986_994,1,test
C:\Capstone\DeepfakeBench\datasets\rgb\FaceForensics++\manipulated_sequences\Deepfakes\c23\frames\986_994\008.png,986_994,1,test
C:\Capstone\DeepfakeBench\datasets\rgb\FaceForensics++\manipulated_sequences\Deepfakes\c23\frames\986_994\009.png,986_994,1,test
C:\Capstone\DeepfakeBench\datasets\rgb\FaceForensics++\manipulated_sequences\Deepfakes\c23\frames\986_994\010.png,986_994,1,test
C:\Capstone\DeepfakeBench\datasets\rgb\FaceForensics++\manipulated_sequences\Deepfakes\c23\frames\986_994\011.png,986_994,1,test
C:\Capstone\DeepfakeBench\datasets\rgb\FaceForensics++\manipulated_sequences\Deepfakes\c23\frames\986_994\012.png,986_994,1,test
C:\Capstone\DeepfakeBench\datasets\rgb\FaceForensics++\manipulated_sequences\Deepfakes\c23\frames\986_994\013.png,986_994,1,test
C:\Capstone\DeepfakeBench\datasets\rgb\FaceForensics++\manipulated_sequences\Deepfakes\c23\frames\986_994\014.png,986_994,1,test
C:\Capstone\DeepfakeBench\datasets\rgb\FaceForensics++\manipulated_sequences\Deepfakes\c23\frames\986_994\015.png,986_994,1,test
C:\Capstone\DeepfakeBench\datasets\rgb\FaceForensics++\manipulated_sequences\Deepfakes\c23\frames\986_994\016.png,986_994,1,test
C:\Capstone\DeepfakeBench\datasets\rgb\FaceForensics++\manipulated_sequences\Deepfakes\c23\frames\986_994\017.png,986_994,1,test
C:\Capstone\DeepfakeBench\datasets\rgb\FaceForensics++\manipulated_sequences\Deepfakes\c23\frames\986_994\018.png,986_994,1,test
C:\Capstone\DeepfakeBench\datasets\rgb\FaceForensics++\manipulated_sequences\Deepfakes\c23\frames\986_994\019.png,986_994,1,test
C:\Capstone\DeepfakeBench\datasets\rgb\FaceForensics++\manipulated_sequences\Deepfakes\c23\frames\986_994\020.png,986_994,1,test
C:\Capstone\DeepfakeBench\datasets\rgb\FaceForensics++\manipulated_sequences\Deepfakes\c23\frames\986_994\021.png,986_994,1,test
C:\Capstone\DeepfakeBench\datasets\rgb\FaceForensics++\manipulated_sequences\Deepfakes\c23\frames\986_994\022.png,986_994,1,test
C:\Capstone\DeepfakeBench\datasets\rgb\FaceForensics++\manipulated_sequences\Deepfakes\c23\frames\986_994\023.png,986_994,1,test
C:\Capstone\DeepfakeBench\datasets\rgb\FaceForensics++\manipulated_sequences\Deepfakes\c23\frames\986_994\024.png,986_994,1,test
C:\Capstone\DeepfakeBench\datasets\rgb\FaceForensics++\manipulated_sequences\Deepfakes\c23\frames\986_994\025.png,986_994,1,test
C:\Capstone\DeepfakeBench\datasets\rgb\FaceForensics++\manipulated_sequences\Deepfakes\c23\frames\986_994\026.png,986_994,1,test
C:\Capstone\DeepfakeBench\datasets\rgb\FaceForensics++\manipulated_sequences\Deepfakes\c23\frames\986_994\027.png,986_994,1,test
C:\Capstone\DeepfakeBench\datasets\rgb\FaceForensics++\manipulated_sequences\Deepfakes\c23\frames\986_994\028.png,986_994,1,test
C:\Capstone\DeepfakeBench\datasets\rgb\FaceForensics++\manipulated_sequences\Deepfakes\c23\frames\986_994\029.png,986_994,1,test
C:\Capstone\DeepfakeBench\datasets\rgb\FaceForensics++\manipulated_sequences\Deepfakes\c23\frames\986_994\030.png,986_994,1,test
C:\Capstone\DeepfakeBench\datasets\rgb\FaceForensics++\manipulated_sequences\Deepfakes\c23\frames\986_994\031.png,986_994,1,test
C:\Capstone\DeepfakeBench\datasets\rgb\FaceForensics++\manipulated_sequences\Deepfakes\c23\frames\554_572\000.png,554_572,1,test
C:\Capstone\DeepfakeBench\datasets\rgb\FaceForensics++\manipulated_sequences\Deepfakes\c23\frames\554_572\001.png,554_572,1,test
C:\Capstone\DeepfakeBench\datasets\rgb\FaceForensics++\manipulated_sequences\Deepfakes\c23\frames\554_572\002.png,554_572,1,test
C:\Capstone\DeepfakeBench\datasets\rgb\FaceForensics++\manipulated_sequences\Deepfakes\c23\frames\554_572\003.png,554_572,1,test
C:\Capstone\DeepfakeBench\datasets\rgb\FaceForensics++\manipulated_sequences\Deepfakes\c23\frames\554_572\004.png,554_572,1,test
C:\Capstone\DeepfakeBench\datasets\rgb\FaceForensics++\manipulated_sequences\Deepfakes\c23\frames\554_572\005.png,554_572,1,test
C:\Capstone\DeepfakeBench\datasets\rgb\FaceForensics++\manipulated_sequences\Deepfakes\c23\frames\554_572\006.png,554_572,1,test
C:\Capstone\DeepfakeBench\datasets\rgb\FaceForensics++\manipulated_sequences\Deepfakes\c23\frames\554_572\007.png,554_572,1,test
C:\Capstone\DeepfakeBench\datasets\rgb\FaceForensics++\manipulated_sequences\Deepfakes\c23\frames\554_572\008.png,554_572,1,test
C:\Capstone\DeepfakeBench\datasets\rgb\FaceForensics++\manipulated_sequences\Deepfakes\c23\frames\554_572\009.png,554_572,1,test
C:\Capstone\DeepfakeBench\datasets\rgb\FaceForensics++\manipulated_sequences\Deepfakes\c23\frames\554_572\010.png,554_572,1,test
C:\Capstone\DeepfakeBench\datasets\rgb\FaceForensics++\manipulated_sequences\Deepfakes\c23\frames\554_572\011.png,554_572,1,test
C:\Capstone\DeepfakeBench\datasets\rgb\FaceForensics++\manipulated_sequences\Deepfakes\c23\frames\554_572\012.png,554_572,1,test
C:\Capstone\DeepfakeBench\datasets\rgb\FaceForensics++\manipulated_sequences\Deepfakes\c23\frames\554_572\013.png,554_572,1,test
C:\Capstone\DeepfakeBench\datasets\rgb\FaceForensics++\manipulated_sequences\Deepfakes\c23\frames\554_572\014.png,554_572,1,test
C:\Capstone\DeepfakeBench\datasets\rgb\FaceForensics++\manipulated_sequences\Deepfakes\c23\frames\554_572\015.png,554_572,1,test
C:\Capstone\DeepfakeBench\datasets\rgb\FaceForensics++\manipulated_sequences\Deepfakes\c23\frames\554_572\016.png,554_572,1,test
C:\Capstone\DeepfakeBench\datasets\rgb\FaceForensics++\manipulated_sequences\Deepfakes\c23\frames\554_572\017.png,554_572,1,test
C:\Capstone\DeepfakeBench\datasets\rgb\FaceForensics++\manipulated_sequences\Deepfakes\c23\frames\554_572\018.png,554_572,1,test
C:\Capstone\DeepfakeBench\datasets\rgb\FaceForensics++\manipulated_sequences\Deepfakes\c23\frames\554_572\019.png,554_572,1,test
C:\Capstone\DeepfakeBench\datasets\rgb\FaceForensics++\manipulated_sequences\Deepfakes\c23\frames\554_572\020.png,554_572,1,test
C:\Capstone\DeepfakeBench\datasets\rgb\FaceForensics++\manipulated_sequences\Deepfakes\c23\frames\554_572\021.png,554_572,1,test
C:\Capstone\DeepfakeBench\datasets\rgb\FaceForensics++\manipulated_sequences\Deepfakes\c23\frames\554_572\022.png,554_572,1,test
C:\Capstone\DeepfakeBench\datasets\rgb\FaceForensics++\manipulated_sequences\Deepfakes\c23\frames\554_572\023.png,554_572,1,test
C:\Capstone\DeepfakeBench\datasets\rgb\FaceForensics++\manipulated_sequences\Deepfakes\c23\frames\554_572\024.png,554_572,1,test
C:\Capstone\DeepfakeBench\datasets\rgb\FaceForensics++\manipulated_sequences\Deepfakes\c23\frames\554_572\025.png,554_572,1,test
C:\Capstone\DeepfakeBench\datasets\rgb\FaceForensics++\manipulated_sequences\Deepfakes\c23\frames\554_572\026.png,554_572,1,test
C:\Capstone\DeepfakeBench\datasets\rgb\FaceForensics++\manipulated_sequences\Deepfakes\c23\frames\554_572\027.png,554_572,1,test
C:\Capstone\DeepfakeBench\datasets\rgb\FaceForensics++\manipulated_sequences\Deepfakes\c23\frames\554_572\028.png,554_572,1,test
C:\Capstone\DeepfakeBench\datasets\rgb\FaceForensics++\manipulated_sequences\Deepfakes\c23\frames\554_572\029.png,554_572,1,test
C:\Capstone\DeepfakeBench\datasets\rgb\FaceForensics++\manipulated_sequences\Deepfakes\c23\frames\554_572\030.png,554_572,1,test
C:\Capstone\DeepfakeBench\datasets\rgb\FaceForensics++\manipulated_sequences\Deepfakes\c23\frames\554_572\031.png,554_572,1,test
C:\Capstone\DeepfakeBench\datasets\rgb\FaceForensics++\manipulated_sequences\Deepfakes\c23\frames\257_420\000.png,257_420,1,test
C:\Capstone\DeepfakeBench\datasets\rgb\FaceForensics++\manipulated_sequences\Deepfakes\c23\frames\257_420\001.png,257_420,1,test
C:\Capstone\DeepfakeBench\datasets\rgb\FaceForensics++\manipulated_sequences\Deepfakes\c23\frames\257_420\002.png,257_420,1,test
C:\Capstone\DeepfakeBench\datasets\rgb\FaceForensics++\manipulated_sequences\Deepfakes\c23\frames\257_420\003.png,257_420,1,test
C:\Capstone\DeepfakeBench\datasets\rgb\FaceForensics++\manipulated_sequences\Deepfakes\c23\frames\257_420\004.png,257_420,1,test
C:\Capstone\DeepfakeBench\datasets\rgb\FaceForensics++\manipulated_sequences\Deepfakes\c23\frames\257_420\005.png,257_420,1,test
C:\Capstone\DeepfakeBench\datasets\rgb\FaceForensics++\manipulated_sequences\Deepfakes\c23\frames\257_420\006.png,257_420,1,test
C:\Capstone\DeepfakeBench\datasets\rgb\FaceForensics++\manipulated_sequences\Deepfakes\c23\frames\257_420\007.png,257_420,1,test
C:\Capstone\DeepfakeBench\datasets\rgb\FaceForensics++\manipulated_sequences\Deepfakes\c23\frames\257_420\008.png,257_420,1,test
C:\Capstone\DeepfakeBench\datasets\rgb\FaceForensics++\manipulated_sequences\Deepfakes\c23\frames\257_420\009.png,257_420,1,test
C:\Capstone\DeepfakeBench\datasets\rgb\FaceForensics++\manipulated_sequences\Deepfakes\c23\frames\257_420\010.png,257_420,1,test
C:\Capstone\DeepfakeBench\datasets\rgb\FaceForensics++\manipulated_sequences\Deepfakes\c23\frames\257_420\011.png,257_420,1,test
C:\Capstone\DeepfakeBench\datasets\rgb\FaceForensics++\manipulated_sequences\Deepfakes\c23\frames\257_420\012.png,257_420,1,test
C:\Capstone\DeepfakeBench\datasets\rgb\FaceForensics++\manipulated_sequences\Deepfakes\c23\frames\257_420\013.png,257_420,1,test
C:\Capstone\DeepfakeBench\datasets\rgb\FaceForensics++\manipulated_sequences\Deepfakes\c23\frames\257_420\014.png,257_420,1,test
C:\Capstone\DeepfakeBench\datasets\rgb\FaceForensics++\manipulated_sequences\Deepfakes\c23\frames\257_420\015.png,257_420,1,test
C:\Capstone\DeepfakeBench\datasets\rgb\FaceForensics++\manipulated_sequences\Deepfakes\c23\frames\257_420\016.png,257_420,1,test
C:\Capstone\DeepfakeBench\datasets\rgb\FaceForensics++\manipulated_sequences\Deepfakes\c23\frames\257_420\017.png,257_420,1,test
C:\Capstone\DeepfakeBench\datasets\rgb\FaceForensics++\manipulated_sequences\Deepfakes\c23\frames\257_420\018.png,257_420,1,test
C:\Capstone\DeepfakeBench\datasets\rgb\FaceForensics++\manipulated_sequences\Deepfakes\c23\frames\257_420\019.png,257_420,1,test
C:\Capstone\DeepfakeBench\datasets\rgb\FaceForensics++\manipulated_sequences\Deepfakes\c23\frames\257_420\020.png,257_420,1,test
C:\Capstone\DeepfakeBench\datasets\rgb\FaceForensics++\manipulated_sequences\Deepfakes\c23\frames\257_420\021.png,257_420,1,test
C:\Capstone\DeepfakeBench\datasets\rgb\FaceForensics++\manipulated_sequences\Deepfakes\c23\frames\257_420\022.png,257_420,1,test
C:\Capstone\DeepfakeBench\datasets\rgb\FaceForensics++\manipulated_sequences\Deepfakes\c23\frames\257_420\023.png,257_420,1,test
C:\Capstone\DeepfakeBench\datasets\rgb\FaceForensics++\manipulated_sequences\Deepfakes\c23\frames\257_420\024.png,257_420,1,test
C:\Capstone\DeepfakeBench\datasets\rgb\FaceForensics++\manipulated_sequences\Deepfakes\c23\frames\257_420\025.png,257_420,1,test
C:\Capstone\DeepfakeBench\datasets\rgb\FaceForensics++\manipulated_sequences\Deepfakes\c23\frames\257_420\026.png,257_420,1,test
C:\Capstone\DeepfakeBench\datasets\rgb\FaceForensics++\manipulated_sequences\Deepfakes\c23\frames\257_420\027.png,257_420,1,test
C:\Capstone\DeepfakeBench\datasets\rgb\FaceForensics++\manipulated_sequences\Deepfakes\c23\frames\257_420\028.png,257_420,1,test
C:\Capstone\DeepfakeBench\datasets\rgb\FaceForensics++\manipulated_sequences\Deepfakes\c23\frames\257_420\029.png,257_420,1,test
C:\Capstone\DeepfakeBench\datasets\rgb\FaceForensics++\manipulated_sequences\Deepfakes\c23\frames\257_420\030.png,257_420,1,test
C:\Capstone\DeepfakeBench\datasets\rgb\FaceForensics++\manipulated_sequences\Deepfakes\c23\frames\257_420\031.png,257_420,1,test
C:\Capstone\DeepfakeBench\datasets\rgb\FaceForensics++\original_sequences\youtube\c23\frames\588\000.png,588,0,test
C:\Capstone\DeepfakeBench\datasets\rgb\FaceForensics++\original_sequences\youtube\c23\frames\588\001.png,588,0,test
C:\Capstone\DeepfakeBench\datasets\rgb\FaceForensics++\original_sequences\youtube\c23\frames\588\002.png,588,0,test
C:\Capstone\DeepfakeBench\datasets\rgb\FaceForensics++\original_sequences\youtube\c23\frames\588\003.png,588,0,test
C:\Capstone\DeepfakeBench\datasets\rgb\FaceForensics++\original_sequences\youtube\c23\frames\588\004.png,588,0,test
C:\Capstone\DeepfakeBench\datasets\rgb\FaceForensics++\original_sequences\youtube\c23\frames\588\005.png,588,0,test
C:\Capstone\DeepfakeBench\datasets\rgb\FaceForensics++\original_sequences\youtube\c23\frames\588\006.png,588,0,test
C:\Capstone\DeepfakeBench\datasets\rgb\FaceForensics++\original_sequences\youtube\c23\frames\588\007.png,588,0,test
C:\Capstone\DeepfakeBench\datasets\rgb\FaceForensics++\original_sequences\youtube\c23\frames\588\008.png,588,0,test
C:\Capstone\DeepfakeBench\datasets\rgb\FaceForensics++\original_sequences\youtube\c23\frames\588\009.png,588,0,test
C:\Capstone\DeepfakeBench\datasets\rgb\FaceForensics++\original_sequences\youtube\c23\frames\588\010.png,588,0,test
C:\Capstone\DeepfakeBench\datasets\rgb\FaceForensics++\original_sequences\youtube\c23\frames\588\011.png,588,0,test
C:\Capstone\DeepfakeBench\datasets\rgb\FaceForensics++\original_sequences\youtube\c23\frames\588\012.png,588,0,test
C:\Capstone\DeepfakeBench\datasets\rgb\FaceForensics++\original_sequences\youtube\c23\frames\588\013.png,588,0,test
C:\Capstone\DeepfakeBench\datasets\rgb\FaceForensics++\original_sequences\youtube\c23\frames\588\014.png,588,0,test
C:\Capstone\DeepfakeBench\datasets\rgb\FaceForensics++\original_sequences\youtube\c23\frames\588\015.png,588,0,test
C:\Capstone\DeepfakeBench\datasets\rgb\FaceForensics++\original_sequences\youtube\c23\frames\588\016.png,588,0,test
C:\Capstone\DeepfakeBench\datasets\rgb\FaceForensics++\original_sequences\youtube\c23\frames\588\017.png,588,0,test
C:\Capstone\DeepfakeBench\datasets\rgb\FaceForensics++\original_sequences\youtube\c23\frames\588\018.png,588,0,test
C:\Capstone\DeepfakeBench\datasets\rgb\FaceForensics++\original_sequences\youtube\c23\frames\588\019.png,588,0,test
C:\Capstone\DeepfakeBench\datasets\rgb\FaceForensics++\original_sequences\youtube\c23\frames\588\020.png,588,0,test
C:\Capstone\DeepfakeBench\datasets\rgb\FaceForensics++\original_sequences\youtube\c23\frames\588\021.png,588,0,test
C:\Capstone\DeepfakeBench\datasets\rgb\FaceForensics++\original_sequences\youtube\c23\frames\588\022.png,588,0,test
C:\Capstone\DeepfakeBench\datasets\rgb\FaceForensics++\original_sequences\youtube\c23\frames\588\023.png,588,0,test
C:\Capstone\DeepfakeBench\datasets\rgb\FaceForensics++\original_sequences\youtube\c23\frames\588\024.png,588,0,test
C:\Capstone\DeepfakeBench\datasets\rgb\FaceForensics++\original_sequences\youtube\c23\frames\588\025.png,588,0,test
C:\Capstone\DeepfakeBench\datasets\rgb\FaceForensics++\original_sequences\youtube\c23\frames\588\026.png,588,0,test
C:\Capstone\DeepfakeBench\datasets\rgb\FaceForensics++\original_sequences\youtube\c23\frames\588\027.png,588,0,test
C:\Capstone\DeepfakeBench\datasets\rgb\FaceForensics++\original_sequences\youtube\c23\frames\588\028.png,588,0,test
C:\Capstone\DeepfakeBench\datasets\rgb\FaceForensics++\original_sequences\youtube\c23\frames\588\029.png,588,0,test
C:\Capstone\DeepfakeBench\datasets\rgb\FaceForensics++\original_sequences\youtube\c23\frames\588\030.png,588,0,test
C:\Capstone\DeepfakeBench\datasets\rgb\FaceForensics++\original_sequences\youtube\c23\frames\588\031.png,588,0,test
C:\Capstone\DeepfakeBench\datasets\rgb\FaceForensics++\original_sequences\youtube\c23\frames\556\000.png,556,0,test
C:\Capstone\DeepfakeBench\datasets\rgb\FaceForensics++\original_sequences\youtube\c23\frames\556\001.png,556,0,test
C:\Capstone\DeepfakeBench\datasets\rgb\FaceForensics++\original_sequences\youtube\c23\frames\556\002.png,556,0,test
C:\Capstone\DeepfakeBench\datasets\rgb\FaceForensics++\original_sequences\youtube\c23\frames\556\003.png,556,0,test
C:\Capstone\DeepfakeBench\datasets\rgb\FaceForensics++\original_sequences\youtube\c23\frames\556\004.png,556,0,test
C:\Capstone\DeepfakeBench\datasets\rgb\FaceForensics++\original_sequences\youtube\c23\frames\556\005.png,556,0,test
C:\Capstone\DeepfakeBench\datasets\rgb\FaceForensics++\original_sequences\youtube\c23\frames\556\006.png,556,0,test
C:\Capstone\DeepfakeBench\datasets\rgb\FaceForensics++\original_sequences\youtube\c23\frames\556\007.png,556,0,test
C:\Capstone\DeepfakeBench\datasets\rgb\FaceForensics++\original_sequences\youtube\c23\frames\556\008.png,556,0,test
C:\Capstone\DeepfakeBench\datasets\rgb\FaceForensics++\original_sequences\youtube\c23\frames\556\009.png,556,0,test
C:\Capstone\DeepfakeBench\datasets\rgb\FaceForensics++\original_sequences\youtube\c23\frames\556\010.png,556,0,test
C:\Capstone\DeepfakeBench\datasets\rgb\FaceForensics++\original_sequences\youtube\c23\frames\556\011.png,556,0,test
C:\Capstone\DeepfakeBench\datasets\rgb\FaceForensics++\original_sequences\youtube\c23\frames\556\012.png,556,0,test
C:\Capstone\DeepfakeBench\datasets\rgb\FaceForensics++\original_sequences\youtube\c23\frames\556\013.png,556,0,test
C:\Capstone\DeepfakeBench\datasets\rgb\FaceForensics++\original_sequences\youtube\c23\frames\556\014.png,556,0,test
C:\Capstone\DeepfakeBench\datasets\rgb\FaceForensics++\original_sequences\youtube\c23\frames\556\015.png,556,0,test
C:\Capstone\DeepfakeBench\datasets\rgb\FaceForensics++\original_sequences\youtube\c23\frames\556\016.png,556,0,test
C:\Capstone\DeepfakeBench\datasets\rgb\FaceForensics++\original_sequences\youtube\c23\frames\556\017.png,556,0,test
C:\Capstone\DeepfakeBench\datasets\rgb\FaceForensics++\original_sequences\youtube\c23\frames\556\018.png,556,0,test
C:\Capstone\DeepfakeBench\datasets\rgb\FaceForensics++\original_sequences\youtube\c23\frames\556\019.png,556,0,test
C:\Capstone\DeepfakeBench\datasets\rgb\FaceForensics++\original_sequences\youtube\c23\frames\556\020.png,556,0,test
C:\Capstone\DeepfakeBench\datasets\rgb\FaceForensics++\original_sequences\youtube\c23\frames\556\021.png,556,0,test
C:\Capstone\DeepfakeBench\datasets\rgb\FaceForensics++\original_sequences\youtube\c23\frames\556\022.png,556,0,test
C:\Capstone\DeepfakeBench\datasets\rgb\FaceForensics++\original_sequences\youtube\c23\frames\556\023.png,556,0,test
C:\Capstone\DeepfakeBench\datasets\rgb\FaceForensics++\original_sequences\youtube\c23\frames\556\024.png,556,0,test
C:\Capstone\DeepfakeBench\datasets\rgb\FaceForensics++\original_sequences\youtube\c23\frames\556\025.png,556,0,test
C:\Capstone\DeepfakeBench\datasets\rgb\FaceForensics++\original_sequences\youtube\c23\frames\556\026.png,556,0,test
C:\Capstone\DeepfakeBench\datasets\rgb\FaceForensics++\original_sequences\youtube\c23\frames\556\027.png,556,0,test
C:\Capstone\DeepfakeBench\datasets\rgb\FaceForensics++\original_sequences\youtube\c23\frames\556\028.png,556,0,test
C:\Capstone\DeepfakeBench\datasets\rgb\FaceForensics++\original_sequences\youtube\c23\frames\556\029.png,556,0,test
C:\Capstone\DeepfakeBench\datasets\rgb\FaceForensics++\original_sequences\youtube\c23\frames\556\030.png,556,0,test
C:\Capstone\DeepfakeBench\datasets\rgb\FaceForensics++\original_sequences\youtube\c23\frames\556\031.png,556,0,test
C:\Capstone\DeepfakeBench\datasets\rgb\FaceForensics++\original_sequences\youtube\c23\frames\221\000.png,221,0,test
C:\Capstone\DeepfakeBench\datasets\rgb\FaceForensics++\original_sequences\youtube\c23\frames\221\001.png,221,0,test
C:\Capstone\DeepfakeBench\datasets\rgb\FaceForensics++\original_sequences\youtube\c23\frames\221\002.png,221,0,test
C:\Capstone\DeepfakeBench\datasets\rgb\FaceForensics++\original_sequences\youtube\c23\frames\221\003.png,221,0,test
C:\Capstone\DeepfakeBench\datasets\rgb\FaceForensics++\original_sequences\youtube\c23\frames\221\004.png,221,0,test
C:\Capstone\DeepfakeBench\datasets\rgb\FaceForensics++\original_sequences\youtube\c23\frames\221\005.png,221,0,test
C:\Capstone\DeepfakeBench\datasets\rgb\FaceForensics++\original_sequences\youtube\c23\frames\221\006.png,221,0,test
C:\Capstone\DeepfakeBench\datasets\rgb\FaceForensics++\original_sequences\youtube\c23\frames\221\007.png,221,0,test
C:\Capstone\DeepfakeBench\datasets\rgb\FaceForensics++\original_sequences\youtube\c23\frames\221\008.png,221,0,test
C:\Capstone\DeepfakeBench\datasets\rgb\FaceForensics++\original_sequences\youtube\c23\frames\221\009.png,221,0,test
C:\Capstone\DeepfakeBench\datasets\rgb\FaceForensics++\original_sequences\youtube\c23\frames\221\010.png,221,0,test
C:\Capstone\DeepfakeBench\datasets\rgb\FaceForensics++\original_sequences\youtube\c23\frames\221\011.png,221,0,test
C:\Capstone\DeepfakeBench\datasets\rgb\FaceForensics++\original_sequences\youtube\c23\frames\221\012.png,221,0,test
C:\Capstone\DeepfakeBench\datasets\rgb\FaceForensics++\original_sequences\youtube\c23\frames\221\013.png,221,0,test
C:\Capstone\DeepfakeBench\datasets\rgb\FaceForensics++\original_sequences\youtube\c23\frames\221\014.png,221,0,test
C:\Capstone\DeepfakeBench\datasets\rgb\FaceForensics++\original_sequences\youtube\c23\frames\221\015.png,221,0,test
C:\Capstone\DeepfakeBench\datasets\rgb\FaceForensics++\original_sequences\youtube\c23\frames\221\016.png,221,0,test
C:\Capstone\DeepfakeBench\datasets\rgb\FaceForensics++\original_sequences\youtube\c23\frames\221\017.png,221,0,test
C:\Capstone\DeepfakeBench\datasets\rgb\FaceForensics++\original_sequences\youtube\c23\frames\221\018.png,221,0,test
C:\Capstone\DeepfakeBench\datasets\rgb\FaceForensics++\original_sequences\youtube\c23\frames\221\019.png,221,0,test
C:\Capstone\DeepfakeBench\datasets\rgb\FaceForensics++\original_sequences\youtube\c23\frames\221\020.png,221,0,test
C:\Capstone\DeepfakeBench\datasets\rgb\FaceForensics++\original_sequences\youtube\c23\frames\221\021.png,221,0,test
C:\Capstone\DeepfakeBench\datasets\rgb\FaceForensics++\original_sequences\youtube\c23\frames\221\022.png,221,0,test
C:\Capstone\DeepfakeBench\datasets\rgb\FaceForensics++\original_sequences\youtube\c23\frames\221\023.png,221,0,test
C:\Capstone\DeepfakeBench\datasets\rgb\FaceForensics++\original_sequences\youtube\c23\frames\221\024.png,221,0,test
C:\Capstone\DeepfakeBench\datasets\rgb\FaceForensics++\original_sequences\youtube\c23\frames\221\025.png,221,0,test
C:\Capstone\DeepfakeBench\datasets\rgb\FaceForensics++\original_sequences\youtube\c23\frames\221\026.png,221,0,test
C:\Capstone\DeepfakeBench\datasets\rgb\FaceForensics++\original_sequences\youtube\c23\frames\221\027.png,221,0,test
C:\Capstone\DeepfakeBench\datasets\rgb\FaceForensics++\original_sequences\youtube\c23\frames\221\028.png,221,0,test
C:\Capstone\DeepfakeBench\datasets\rgb\FaceForensics++\original_sequences\youtube\c23\frames\221\029.png,221,0,test
C:\Capstone\DeepfakeBench\datasets\rgb\FaceForensics++\original_sequences\youtube\c23\frames\221\030.png,221,0,test
C:\Capstone\DeepfakeBench\datasets\rgb\FaceForensics++\original_sequences\youtube\c23\frames\221\031.png,221,0,test
C:\Capstone\DeepfakeBench\datasets\rgb\FaceForensics++\original_sequences\youtube\c23\frames\066\000.png,066,0,test
C:\Capstone\DeepfakeBench\datasets\rgb\FaceForensics++\original_sequences\youtube\c23\frames\066\001.png,066,0,test
C:\Capstone\DeepfakeBench\datasets\rgb\FaceForensics++\original_sequences\youtube\c23\frames\066\002.png,066,0,test
C:\Capstone\DeepfakeBench\datasets\rgb\FaceForensics++\original_sequences\youtube\c23\frames\066\003.png,066,0,test
C:\Capstone\DeepfakeBench\datasets\rgb\FaceForensics++\original_sequences\youtube\c23\frames\066\004.png,066,0,test
C:\Capstone\DeepfakeBench\datasets\rgb\FaceForensics++\original_sequences\youtube\c23\frames\066\005.png,066,0,test
C:\Capstone\DeepfakeBench\datasets\rgb\FaceForensics++\original_sequences\youtube\c23\frames\066\006.png,066,0,test
C:\Capstone\DeepfakeBench\datasets\rgb\FaceForensics++\original_sequences\youtube\c23\frames\066\007.png,066,0,test
C:\Capstone\DeepfakeBench\datasets\rgb\FaceForensics++\original_sequences\youtube\c23\frames\066\008.png,066,0,test
C:\Capstone\DeepfakeBench\datasets\rgb\FaceForensics++\original_sequences\youtube\c23\frames\066\009.png,066,0,test
C:\Capstone\DeepfakeBench\datasets\rgb\FaceForensics++\original_sequences\youtube\c23\frames\066\010.png,066,0,test
C:\Capstone\DeepfakeBench\datasets\rgb\FaceForensics++\original_sequences\youtube\c23\frames\066\011.png,066,0,test
C:\Capstone\DeepfakeBench\datasets\rgb\FaceForensics++\original_sequences\youtube\c23\frames\066\012.png,066,0,test
C:\Capstone\DeepfakeBench\datasets\rgb\FaceForensics++\original_sequences\youtube\c23\frames\066\013.png,066,0,test
C:\Capstone\DeepfakeBench\datasets\rgb\FaceForensics++\original_sequences\youtube\c23\frames\066\014.png,066,0,test
C:\Capstone\DeepfakeBench\datasets\rgb\FaceForensics++\original_sequences\youtube\c23\frames\066\015.png,066,0,test
C:\Capstone\DeepfakeBench\datasets\rgb\FaceForensics++\original_sequences\youtube\c23\frames\066\016.png,066,0,test
C:\Capstone\DeepfakeBench\datasets\rgb\FaceForensics++\original_sequences\youtube\c23\frames\066\017.png,066,0,test
C:\Capstone\DeepfakeBench\datasets\rgb\FaceForensics++\original_sequences\youtube\c23\frames\066\018.png,066,0,test
C:\Capstone\DeepfakeBench\datasets\rgb\FaceForensics++\original_sequences\youtube\c23\frames\066\019.png,066,0,test
C:\Capstone\DeepfakeBench\datasets\rgb\FaceForensics++\original_sequences\youtube\c23\frames\066\020.png,066,0,test
C:\Capstone\DeepfakeBench\datasets\rgb\FaceForensics++\original_sequences\youtube\c23\frames\066\021.png,066,0,test
C:\Capstone\DeepfakeBench\datasets\rgb\FaceForensics++\original_sequences\youtube\c23\frames\066\022.png,066,0,test
C:\Capstone\DeepfakeBench\datasets\rgb\FaceForensics++\original_sequences\youtube\c23\frames\066\023.png,066,0,test
C:\Capstone\DeepfakeBench\datasets\rgb\FaceForensics++\original_sequences\youtube\c23\frames\066\024.png,066,0,test
C:\Capstone\DeepfakeBench\datasets\rgb\FaceForensics++\original_sequences\youtube\c23\frames\066\025.png,066,0,test
C:\Capstone\DeepfakeBench\datasets\rgb\FaceForensics++\original_sequences\youtube\c23\frames\066\026.png,066,0,test
C:\Capstone\DeepfakeBench\datasets\rgb\FaceForensics++\original_sequences\youtube\c23\frames\066\027.png,066,0,test
C:\Capstone\DeepfakeBench\datasets\rgb\FaceForensics++\original_sequences\youtube\c23\frames\066\028.png,066,0,test
C:\Capstone\DeepfakeBench\datasets\rgb\FaceForensics++\original_sequences\youtube\c23\frames\066\029.png,066,0,test
C:\Capstone\DeepfakeBench\datasets\rgb\FaceForensics++\original_sequences\youtube\c23\frames\066\030.png,066,0,test
C:\Capstone\DeepfakeBench\datasets\rgb\FaceForensics++\original_sequences\youtube\c23\frames\066\031.png,066,0,test
C:\Capstone\DeepfakeBench\datasets\rgb\FaceForensics++\original_sequences\youtube\c23\frames\097\000.png,097,0,test
C:\Capstone\DeepfakeBench\datasets\rgb\FaceForensics++\original_sequences\youtube\c23\frames\097\001.png,097,0,test
C:\Capstone\DeepfakeBench\datasets\rgb\FaceForensics++\original_sequences\youtube\c23\frames\097\002.png,097,0,test
C:\Capstone\DeepfakeBench\datasets\rgb\FaceForensics++\original_sequences\youtube\c23\frames\097\003.png,097,0,test
C:\Capstone\DeepfakeBench\datasets\rgb\FaceForensics++\original_sequences\youtube\c23\frames\097\004.png,097,0,test
C:\Capstone\DeepfakeBench\datasets\rgb\FaceForensics++\original_sequences\youtube\c23\frames\097\005.png,097,0,test
C:\Capstone\DeepfakeBench\datasets\rgb\FaceForensics++\original_sequences\youtube\c23\frames\097\006.png,097,0,test
C:\Capstone\DeepfakeBench\datasets\rgb\FaceForensics++\original_sequences\youtube\c23\frames\097\007.png,097,0,test
C:\Capstone\DeepfakeBench\datasets\rgb\FaceForensics++\original_sequences\youtube\c23\frames\097\008.png,097,0,test
C:\Capstone\DeepfakeBench\datasets\rgb\FaceForensics++\original_sequences\youtube\c23\frames\097\009.png,097,0,test
C:\Capstone\DeepfakeBench\datasets\rgb\FaceForensics++\original_sequences\youtube\c23\frames\097\010.png,097,0,test
C:\Capstone\DeepfakeBench\datasets\rgb\FaceForensics++\original_sequences\youtube\c23\frames\097\011.png,097,0,test
C:\Capstone\DeepfakeBench\datasets\rgb\FaceForensics++\original_sequences\youtube\c23\frames\097\012.png,097,0,test
C:\Capstone\DeepfakeBench\datasets\rgb\FaceForensics++\original_sequences\youtube\c23\frames\097\013.png,097,0,test
C:\Capstone\DeepfakeBench\datasets\rgb\FaceForensics++\original_sequences\youtube\c23\frames\097\014.png,097,0,test
C:\Capstone\DeepfakeBench\datasets\rgb\FaceForensics++\original_sequences\youtube\c23\frames\097\015.png,097,0,test
C:\Capstone\DeepfakeBench\datasets\rgb\FaceForensics++\original_sequences\youtube\c23\frames\097\016.png,097,0,test
C:\Capstone\DeepfakeBench\datasets\rgb\FaceForensics++\original_sequences\youtube\c23\frames\097\017.png,097,0,test
C:\Capstone\DeepfakeBench\datasets\rgb\FaceForensics++\original_sequences\youtube\c23\frames\097\018.png,097,0,test
C:\Capstone\DeepfakeBench\datasets\rgb\FaceForensics++\original_sequences\youtube\c23\frames\097\019.png,097,0,test
C:\Capstone\DeepfakeBench\datasets\rgb\FaceForensics++\original_sequences\youtube\c23\frames\097\020.png,097,0,test
C:\Capstone\DeepfakeBench\datasets\rgb\FaceForensics++\original_sequences\youtube\c23\frames\097\021.png,097,0,test
C:\Capstone\DeepfakeBench\datasets\rgb\FaceForensics++\original_sequences\youtube\c23\frames\097\022.png,097,0,test
C:\Capstone\DeepfakeBench\datasets\rgb\FaceForensics++\original_sequences\youtube\c23\frames\097\023.png,097,0,test
C:\Capstone\DeepfakeBench\datasets\rgb\FaceForensics++\original_sequences\youtube\c23\frames\097\024.png,097,0,test
C:\Capstone\DeepfakeBench\datasets\rgb\FaceForensics++\original_sequences\youtube\c23\frames\097\025.png,097,0,test
C:\Capstone\DeepfakeBench\datasets\rgb\FaceForensics++\original_sequences\youtube\c23\frames\097\026.png,097,0,test
C:\Capstone\DeepfakeBench\datasets\rgb\FaceForensics++\original_sequences\youtube\c23\frames\097\027.png,097,0,test
C:\Capstone\DeepfakeBench\datasets\rgb\FaceForensics++\original_sequences\youtube\c23\frames\097\028.png,097,0,test
C:\Capstone\DeepfakeBench\datasets\rgb\FaceForensics++\original_sequences\youtube\c23\frames\097\029.png,097,0,test
C:\Capstone\DeepfakeBench\datasets\rgb\FaceForensics++\original_sequences\youtube\c23\frames\097\030.png,097,0,test
C:\Capstone\DeepfakeBench\datasets\rgb\FaceForensics++\original_sequences\youtube\c23\frames\097\031.png,097,0,test
C:\Capstone\DeepfakeBench\datasets\rgb\FaceForensics++\manipulated_sequences\Deepfakes\c23\frames\097_033\000.png,097_033,1,test
C:\Capstone\DeepfakeBench\datasets\rgb\FaceForensics++\manipulated_sequences\Deepfakes\c23\frames\097_033\001.png,097_033,1,test
C:\Capstone\DeepfakeBench\datasets\rgb\FaceForensics++\manipulated_sequences\Deepfakes\c23\frames\097_033\002.png,097_033,1,test
C:\Capstone\DeepfakeBench\datasets\rgb\FaceForensics++\manipulated_sequences\Deepfakes\c23\frames\097_033\003.png,097_033,1,test
C:\Capstone\DeepfakeBench\datasets\rgb\FaceForensics++\manipulated_sequences\Deepfakes\c23\frames\097_033\004.png,097_033,1,test
C:\Capstone\DeepfakeBench\datasets\rgb\FaceForensics++\manipulated_sequences\Deepfakes\c23\frames\097_033\005.png,097_033,1,test
C:\Capstone\DeepfakeBench\datasets\rgb\FaceForensics++\manipulated_sequences\Deepfakes\c23\frames\097_033\006.png,097_033,1,test
C:\Capstone\DeepfakeBench\datasets\rgb\FaceForensics++\manipulated_sequences\Deepfakes\c23\frames\097_033\007.png,097_033,1,test
C:\Capstone\DeepfakeBench\datasets\rgb\FaceForensics++\manipulated_sequences\Deepfakes\c23\frames\097_033\008.png,097_033,1,test
C:\Capstone\DeepfakeBench\datasets\rgb\FaceForensics++\manipulated_sequences\Deepfakes\c23\frames\097_033\009.png,097_033,1,test
C:\Capstone\DeepfakeBench\datasets\rgb\FaceForensics++\manipulated_sequences\Deepfakes\c23\frames\097_033\010.png,097_033,1,test
C:\Capstone\DeepfakeBench\datasets\rgb\FaceForensics++\manipulated_sequences\Deepfakes\c23\frames\097_033\011.png,097_033,1,test
C:\Capstone\DeepfakeBench\datasets\rgb\FaceForensics++\manipulated_sequences\Deepfakes\c23\frames\097_033\012.png,097_033,1,test
C:\Capstone\DeepfakeBench\datasets\rgb\FaceForensics++\manipulated_sequences\Deepfakes\c23\frames\097_033\013.png,097_033,1,test
C:\Capstone\DeepfakeBench\datasets\rgb\FaceForensics++\manipulated_sequences\Deepfakes\c23\frames\097_033\014.png,097_033,1,test
C:\Capstone\DeepfakeBench\datasets\rgb\FaceForensics++\manipulated_sequences\Deepfakes\c23\frames\097_033\015.png,097_033,1,test
C:\Capstone\DeepfakeBench\datasets\rgb\FaceForensics++\manipulated_sequences\Deepfakes\c23\frames\097_033\016.png,097_033,1,test
C:\Capstone\DeepfakeBench\datasets\rgb\FaceForensics++\manipulated_sequences\Deepfakes\c23\frames\097_033\017.png,097_033,1,test
C:\Capstone\DeepfakeBench\datasets\rgb\FaceForensics++\manipulated_sequences\Deepfakes\c23\frames\097_033\018.png,097_033,1,test
C:\Capstone\DeepfakeBench\datasets\rgb\FaceForensics++\manipulated_sequences\Deepfakes\c23\frames\097_033\019.png,097_033,1,test
C:\Capstone\DeepfakeBench\datasets\rgb\FaceForensics++\manipulated_sequences\Deepfakes\c23\frames\097_033\020.png,097_033,1,test
C:\Capstone\DeepfakeBench\datasets\rgb\FaceForensics++\manipulated_sequences\Deepfakes\c23\frames\097_033\021.png,097_033,1,test
C:\Capstone\DeepfakeBench\datasets\rgb\FaceForensics++\manipulated_sequences\Deepfakes\c23\frames\097_033\022.png,097_033,1,test
C:\Capstone\DeepfakeBench\datasets\rgb\FaceForensics++\manipulated_sequences\Deepfakes\c23\frames\097_033\023.png,097_033,1,test
C:\Capstone\DeepfakeBench\datasets\rgb\FaceForensics++\manipulated_sequences\Deepfakes\c23\frames\097_033\024.png,097_033,1,test
C:\Capstone\DeepfakeBench\datasets\rgb\FaceForensics++\manipulated_sequences\Deepfakes\c23\frames\097_033\025.png,097_033,1,test
C:\Capstone\DeepfakeBench\datasets\rgb\FaceForensics++\manipulated_sequences\Deepfakes\c23\frames\097_033\026.png,097_033,1,test
C:\Capstone\DeepfakeBench\datasets\rgb\FaceForensics++\manipulated_sequences\Deepfakes\c23\frames\097_033\027.png,097_033,1,test
C:\Capstone\DeepfakeBench\datasets\rgb\FaceForensics++\manipulated_sequences\Deepfakes\c23\frames\097_033\028.png,097_033,1,test
C:\Capstone\DeepfakeBench\datasets\rgb\FaceForensics++\manipulated_sequences\Deepfakes\c23\frames\097_033\029.png,097_033,1,test
C:\Capstone\DeepfakeBench\datasets\rgb\FaceForensics++\manipulated_sequences\Deepfakes\c23\frames\097_033\030.png,097_033,1,test
C:\Capstone\DeepfakeBench\datasets\rgb\FaceForensics++\manipulated_sequences\Deepfakes\c23\frames\097_033\031.png,097_033,1,test
C:\Capstone\DeepfakeBench\datasets\rgb\FaceForensics++\manipulated_sequences\Deepfakes\c23\frames\481_469\000.png,481_469,1,test
C:\Capstone\DeepfakeBench\datasets\rgb\FaceForensics++\manipulated_sequences\Deepfakes\c23\frames\481_469\001.png,481_469,1,test
C:\Capstone\DeepfakeBench\datasets\rgb\FaceForensics++\manipulated_sequences\Deepfakes\c23\frames\481_469\002.png,481_469,1,test
C:\Capstone\DeepfakeBench\datasets\rgb\FaceForensics++\manipulated_sequences\Deepfakes\c23\frames\481_469\003.png,481_469,1,test
C:\Capstone\DeepfakeBench\datasets\rgb\FaceForensics++\manipulated_sequences\Deepfakes\c23\frames\481_469\004.png,481_469,1,test
C:\Capstone\DeepfakeBench\datasets\rgb\FaceForensics++\manipulated_sequences\Deepfakes\c23\frames\481_469\005.png,481_469,1,test
C:\Capstone\DeepfakeBench\datasets\rgb\FaceForensics++\manipulated_sequences\Deepfakes\c23\frames\481_469\006.png,481_469,1,test
C:\Capstone\DeepfakeBench\datasets\rgb\FaceForensics++\manipulated_sequences\Deepfakes\c23\frames\481_469\007.png,481_469,1,test
C:\Capstone\DeepfakeBench\datasets\rgb\FaceForensics++\manipulated_sequences\Deepfakes\c23\frames\481_469\008.png,481_469,1,test
C:\Capstone\DeepfakeBench\datasets\rgb\FaceForensics++\manipulated_sequences\Deepfakes\c23\frames\481_469\009.png,481_469,1,test
C:\Capstone\DeepfakeBench\datasets\rgb\FaceForensics++\manipulated_sequences\Deepfakes\c23\frames\481_469\010.png,481_469,1,test
C:\Capstone\DeepfakeBench\datasets\rgb\FaceForensics++\manipulated_sequences\Deepfakes\c23\frames\481_469\011.png,481_469,1,test
C:\Capstone\DeepfakeBench\datasets\rgb\FaceForensics++\manipulated_sequences\Deepfakes\c23\frames\481_469\012.png,481_469,1,test
C:\Capstone\DeepfakeBench\datasets\rgb\FaceForensics++\manipulated_sequences\Deepfakes\c23\frames\481_469\013.png,481_469,1,test
C:\Capstone\DeepfakeBench\datasets\rgb\FaceForensics++\manipulated_sequences\Deepfakes\c23\frames\481_469\014.png,481_469,1,test
C:\Capstone\DeepfakeBench\datasets\rgb\FaceForensics++\manipulated_sequences\Deepfakes\c23\frames\481_469\015.png,481_469,1,test
C:\Capstone\DeepfakeBench\datasets\rgb\FaceForensics++\manipulated_sequences\Deepfakes\c23\frames\481_469\016.png,481_469,1,test
C:\Capstone\DeepfakeBench\datasets\rgb\FaceForensics++\manipulated_sequences\Deepfakes\c23\frames\481_469\017.png,481_469,1,test
C:\Capstone\DeepfakeBench\datasets\rgb\FaceForensics++\manipulated_sequences\Deepfakes\c23\frames\481_469\018.png,481_469,1,test
C:\Capstone\DeepfakeBench\datasets\rgb\FaceForensics++\manipulated_sequences\Deepfakes\c23\frames\481_469\019.png,481_469,1,test
C:\Capstone\DeepfakeBench\datasets\rgb\FaceForensics++\manipulated_sequences\Deepfakes\c23\frames\481_469\020.png,481_469,1,test
C:\Capstone\DeepfakeBench\datasets\rgb\FaceForensics++\manipulated_sequences\Deepfakes\c23\frames\481_469\021.png,481_469,1,test
C:\Capstone\DeepfakeBench\datasets\rgb\FaceForensics++\manipulated_sequences\Deepfakes\c23\frames\481_469\022.png,481_469,1,test
C:\Capstone\DeepfakeBench\datasets\rgb\FaceForensics++\manipulated_sequences\Deepfakes\c23\frames\481_469\023.png,481_469,1,test
C:\Capstone\DeepfakeBench\datasets\rgb\FaceForensics++\manipulated_sequences\Deepfakes\c23\frames\481_469\024.png,481_469,1,test
C:\Capstone\DeepfakeBench\datasets\rgb\FaceForensics++\manipulated_sequences\Deepfakes\c23\frames\481_469\025.png,481_469,1,test
C:\Capstone\DeepfakeBench\datasets\rgb\FaceForensics++\manipulated_sequences\Deepfakes\c23\frames\481_469\026.png,481_469,1,test
C:\Capstone\DeepfakeBench\datasets\rgb\FaceForensics++\manipulated_sequences\Deepfakes\c23\frames\481_469\027.png,481_469,1,test
C:\Capstone\DeepfakeBench\datasets\rgb\FaceForensics++\manipulated_sequences\Deepfakes\c23\frames\481_469\028.png,481_469,1,test
C:\Capstone\DeepfakeBench\datasets\rgb\FaceForensics++\manipulated_sequences\Deepfakes\c23\frames\481_469\029.png,481_469,1,test
C:\Capstone\DeepfakeBench\datasets\rgb\FaceForensics++\manipulated_sequences\Deepfakes\c23\frames\481_469\030.png,481_469,1,test
C:\Capstone\DeepfakeBench\datasets\rgb\FaceForensics++\manipulated_sequences\Deepfakes\c23\frames\481_469\031.png,481_469,1,test
C:\Capstone\DeepfakeBench\datasets\rgb\FaceForensics++\original_sequences\youtube\c23\frames\210\000.png,210,0,test
C:\Capstone\DeepfakeBench\datasets\rgb\FaceForensics++\original_sequences\youtube\c23\frames\210\001.png,210,0,test
C:\Capstone\DeepfakeBench\datasets\rgb\FaceForensics++\original_sequences\youtube\c23\frames\210\002.png,210,0,test
C:\Capstone\DeepfakeBench\datasets\rgb\FaceForensics++\original_sequences\youtube\c23\frames\210\003.png,210,0,test
C:\Capstone\DeepfakeBench\datasets\rgb\FaceForensics++\original_sequences\youtube\c23\frames\210\004.png,210,0,test
C:\Capstone\DeepfakeBench\datasets\rgb\FaceForensics++\original_sequences\youtube\c23\frames\210\005.png,210,0,test
C:\Capstone\DeepfakeBench\datasets\rgb\FaceForensics++\original_sequences\youtube\c23\frames\210\006.png,210,0,test
C:\Capstone\DeepfakeBench\datasets\rgb\FaceForensics++\original_sequences\youtube\c23\frames\210\007.png,210,0,test
C:\Capstone\DeepfakeBench\datasets\rgb\FaceForensics++\original_sequences\youtube\c23\frames\210\008.png,210,0,test
C:\Capstone\DeepfakeBench\datasets\rgb\FaceForensics++\original_sequences\youtube\c23\frames\210\009.png,210,0,test
C:\Capstone\DeepfakeBench\datasets\rgb\FaceForensics++\original_sequences\youtube\c23\frames\210\010.png,210,0,test
C:\Capstone\DeepfakeBench\datasets\rgb\FaceForensics++\original_sequences\youtube\c23\frames\210\011.png,210,0,test
C:\Capstone\DeepfakeBench\datasets\rgb\FaceForensics++\original_sequences\youtube\c23\frames\210\012.png,210,0,test
C:\Capstone\DeepfakeBench\datasets\rgb\FaceForensics++\original_sequences\youtube\c23\frames\210\013.png,210,0,test
C:\Capstone\DeepfakeBench\datasets\rgb\FaceForensics++\original_sequences\youtube\c23\frames\210\014.png,210,0,test
C:\Capstone\DeepfakeBench\datasets\rgb\FaceForensics++\original_sequences\youtube\c23\frames\210\015.png,210,0,test
C:\Capstone\DeepfakeBench\datasets\rgb\FaceForensics++\original_sequences\youtube\c23\frames\210\016.png,210,0,test
C:\Capstone\DeepfakeBench\datasets\rgb\FaceForensics++\original_sequences\youtube\c23\frames\210\017.png,210,0,test
C:\Capstone\DeepfakeBench\datasets\rgb\FaceForensics++\original_sequences\youtube\c23\frames\210\018.png,210,0,test
C:\Capstone\DeepfakeBench\datasets\rgb\FaceForensics++\original_sequences\youtube\c23\frames\210\019.png,210,0,test
C:\Capstone\DeepfakeBench\datasets\rgb\FaceForensics++\original_sequences\youtube\c23\frames\210\020.png,210,0,test
C:\Capstone\DeepfakeBench\datasets\rgb\FaceForensics++\original_sequences\youtube\c23\frames\210\021.png,210,0,test
C:\Capstone\DeepfakeBench\datasets\rgb\FaceForensics++\original_sequences\youtube\c23\frames\210\022.png,210,0,test
C:\Capstone\DeepfakeBench\datasets\rgb\FaceForensics++\original_sequences\youtube\c23\frames\210\023.png,210,0,test
C:\Capstone\DeepfakeBench\datasets\rgb\FaceForensics++\original_sequences\youtube\c23\frames\210\024.png,210,0,test
C:\Capstone\DeepfakeBench\datasets\rgb\FaceForensics++\original_sequences\youtube\c23\frames\210\025.png,210,0,test
C:\Capstone\DeepfakeBench\datasets\rgb\FaceForensics++\original_sequences\youtube\c23\frames\210\026.png,210,0,test
C:\Capstone\DeepfakeBench\datasets\rgb\FaceForensics++\original_sequences\youtube\c23\frames\210\027.png,210,0,test
C:\Capstone\DeepfakeBench\datasets\rgb\FaceForensics++\original_sequences\youtube\c23\frames\210\028.png,210,0,test
C:\Capstone\DeepfakeBench\datasets\rgb\FaceForensics++\original_sequences\youtube\c23\frames\210\029.png,210,0,test
C:\Capstone\DeepfakeBench\datasets\rgb\FaceForensics++\original_sequences\youtube\c23\frames\210\030.png,210,0,test
C:\Capstone\DeepfakeBench\datasets\rgb\FaceForensics++\original_sequences\youtube\c23\frames\210\031.png,210,0,test
C:\Capstone\DeepfakeBench\datasets\rgb\FaceForensics++\manipulated_sequences\Deepfakes\c23\frames\360_437\000.png,360_437,1,test
C:\Capstone\DeepfakeBench\datasets\rgb\FaceForensics++\manipulated_sequences\Deepfakes\c23\frames\360_437\001.png,360_437,1,test
C:\Capstone\DeepfakeBench\datasets\rgb\FaceForensics++\manipulated_sequences\Deepfakes\c23\frames\360_437\002.png,360_437,1,test
C:\Capstone\DeepfakeBench\datasets\rgb\FaceForensics++\manipulated_sequences\Deepfakes\c23\frames\360_437\003.png,360_437,1,test
C:\Capstone\DeepfakeBench\datasets\rgb\FaceForensics++\manipulated_sequences\Deepfakes\c23\frames\360_437\004.png,360_437,1,test
C:\Capstone\DeepfakeBench\datasets\rgb\FaceForensics++\manipulated_sequences\Deepfakes\c23\frames\360_437\005.png,360_437,1,test
C:\Capstone\DeepfakeBench\datasets\rgb\FaceForensics++\manipulated_sequences\Deepfakes\c23\frames\360_437\006.png,360_437,1,test
C:\Capstone\DeepfakeBench\datasets\rgb\FaceForensics++\manipulated_sequences\Deepfakes\c23\frames\360_437\007.png,360_437,1,test
C:\Capstone\DeepfakeBench\datasets\rgb\FaceForensics++\manipulated_sequences\Deepfakes\c23\frames\360_437\008.png,360_437,1,test
C:\Capstone\DeepfakeBench\datasets\rgb\FaceForensics++\manipulated_sequences\Deepfakes\c23\frames\360_437\009.png,360_437,1,test
C:\Capstone\DeepfakeBench\datasets\rgb\FaceForensics++\manipulated_sequences\Deepfakes\c23\frames\360_437\010.png,360_437,1,test
C:\Capstone\DeepfakeBench\datasets\rgb\FaceForensics++\manipulated_sequences\Deepfakes\c23\frames\360_437\011.png,360_437,1,test
C:\Capstone\DeepfakeBench\datasets\rgb\FaceForensics++\manipulated_sequences\Deepfakes\c23\frames\360_437\012.png,360_437,1,test
C:\Capstone\DeepfakeBench\datasets\rgb\FaceForensics++\manipulated_sequences\Deepfakes\c23\frames\360_437\013.png,360_437,1,test
C:\Capstone\DeepfakeBench\datasets\rgb\FaceForensics++\manipulated_sequences\Deepfakes\c23\frames\360_437\014.png,360_437,1,test
C:\Capstone\DeepfakeBench\datasets\rgb\FaceForensics++\manipulated_sequences\Deepfakes\c23\frames\360_437\015.png,360_437,1,test
C:\Capstone\DeepfakeBench\datasets\rgb\FaceForensics++\manipulated_sequences\Deepfakes\c23\frames\360_437\016.png,360_437,1,test
C:\Capstone\DeepfakeBench\datasets\rgb\FaceForensics++\manipulated_sequences\Deepfakes\c23\frames\360_437\017.png,360_437,1,test
C:\Capstone\DeepfakeBench\datasets\rgb\FaceForensics++\manipulated_sequences\Deepfakes\c23\frames\360_437\018.png,360_437,1,test
C:\Capstone\DeepfakeBench\datasets\rgb\FaceForensics++\manipulated_sequences\Deepfakes\c23\frames\360_437\019.png,360_437,1,test
C:\Capstone\DeepfakeBench\datasets\rgb\FaceForensics++\manipulated_sequences\Deepfakes\c23\frames\360_437\020.png,360_437,1,test
C:\Capstone\DeepfakeBench\datasets\rgb\FaceForensics++\manipulated_sequences\Deepfakes\c23\frames\360_437\021.png,360_437,1,test
C:\Capstone\DeepfakeBench\datasets\rgb\FaceForensics++\manipulated_sequences\Deepfakes\c23\frames\360_437\022.png,360_437,1,test
C:\Capstone\DeepfakeBench\datasets\rgb\FaceForensics++\manipulated_sequences\Deepfakes\c23\frames\360_437\023.png,360_437,1,test
C:\Capstone\DeepfakeBench\datasets\rgb\FaceForensics++\manipulated_sequences\Deepfakes\c23\frames\360_437\024.png,360_437,1,test
C:\Capstone\DeepfakeBench\datasets\rgb\FaceForensics++\manipulated_sequences\Deepfakes\c23\frames\360_437\025.png,360_437,1,test
C:\Capstone\DeepfakeBench\datasets\rgb\FaceForensics++\manipulated_sequences\Deepfakes\c23\frames\360_437\026.png,360_437,1,test
C:\Capstone\DeepfakeBench\datasets\rgb\FaceForensics++\manipulated_sequences\Deepfakes\c23\frames\360_437\027.png,360_437,1,test
C:\Capstone\DeepfakeBench\datasets\rgb\FaceForensics++\manipulated_sequences\Deepfakes\c23\frames\360_437\028.png,360_437,1,test
C:\Capstone\DeepfakeBench\datasets\rgb\FaceForensics++\manipulated_sequences\Deepfakes\c23\frames\360_437\029.png,360_437,1,test
C:\Capstone\DeepfakeBench\datasets\rgb\FaceForensics++\manipulated_sequences\Deepfakes\c23\frames\360_437\030.png,360_437,1,test
C:\Capstone\DeepfakeBench\datasets\rgb\FaceForensics++\manipulated_sequences\Deepfakes\c23\frames\360_437\031.png,360_437,1,test
C:\Capstone\DeepfakeBench\datasets\rgb\FaceForensics++\manipulated_sequences\Deepfakes\c23\frames\712_716\000.png,712_716,1,test
C:\Capstone\DeepfakeBench\datasets\rgb\FaceForensics++\manipulated_sequences\Deepfakes\c23\frames\712_716\001.png,712_716,1,test
C:\Capstone\DeepfakeBench\datasets\rgb\FaceForensics++\manipulated_sequences\Deepfakes\c23\frames\712_716\002.png,712_716,1,test
C:\Capstone\DeepfakeBench\datasets\rgb\FaceForensics++\manipulated_sequences\Deepfakes\c23\frames\712_716\003.png,712_716,1,test
C:\Capstone\DeepfakeBench\datasets\rgb\FaceForensics++\manipulated_sequences\Deepfakes\c23\frames\712_716\004.png,712_716,1,test
C:\Capstone\DeepfakeBench\datasets\rgb\FaceForensics++\manipulated_sequences\Deepfakes\c23\frames\712_716\005.png,712_716,1,test
C:\Capstone\DeepfakeBench\datasets\rgb\FaceForensics++\manipulated_sequences\Deepfakes\c23\frames\712_716\006.png,712_716,1,test
C:\Capstone\DeepfakeBench\datasets\rgb\FaceForensics++\manipulated_sequences\Deepfakes\c23\frames\712_716\007.png,712_716,1,test
C:\Capstone\DeepfakeBench\datasets\rgb\FaceForensics++\manipulated_sequences\Deepfakes\c23\frames\712_716\008.png,712_716,1,test
C:\Capstone\DeepfakeBench\datasets\rgb\FaceForensics++\manipulated_sequences\Deepfakes\c23\frames\712_716\009.png,712_716,1,test
C:\Capstone\DeepfakeBench\datasets\rgb\FaceForensics++\manipulated_sequences\Deepfakes\c23\frames\712_716\010.png,712_716,1,test
C:\Capstone\DeepfakeBench\datasets\rgb\FaceForensics++\manipulated_sequences\Deepfakes\c23\frames\712_716\011.png,712_716,1,test
C:\Capstone\DeepfakeBench\datasets\rgb\FaceForensics++\manipulated_sequences\Deepfakes\c23\frames\712_716\012.png,712_716,1,test
C:\Capstone\DeepfakeBench\datasets\rgb\FaceForensics++\manipulated_sequences\Deepfakes\c23\frames\712_716\013.png,712_716,1,test
C:\Capstone\DeepfakeBench\datasets\rgb\FaceForensics++\manipulated_sequences\Deepfakes\c23\frames\712_716\014.png,712_716,1,test
C:\Capstone\DeepfakeBench\datasets\rgb\FaceForensics++\manipulated_sequences\Deepfakes\c23\frames\712_716\015.png,712_716,1,test
C:\Capstone\DeepfakeBench\datasets\rgb\FaceForensics++\manipulated_sequences\Deepfakes\c23\frames\712_716\016.png,712_716,1,test
C:\Capstone\DeepfakeBench\datasets\rgb\FaceForensics++\manipulated_sequences\Deepfakes\c23\frames\712_716\017.png,712_716,1,test
C:\Capstone\DeepfakeBench\datasets\rgb\FaceForensics++\manipulated_sequences\Deepfakes\c23\frames\712_716\018.png,712_716,1,test
C:\Capstone\DeepfakeBench\datasets\rgb\FaceForensics++\manipulated_sequences\Deepfakes\c23\frames\712_716\019.png,712_716,1,test
C:\Capstone\DeepfakeBench\datasets\rgb\FaceForensics++\manipulated_sequences\Deepfakes\c23\frames\712_716\020.png,712_716,1,test
C:\Capstone\DeepfakeBench\datasets\rgb\FaceForensics++\manipulated_sequences\Deepfakes\c23\frames\712_716\021.png,712_716,1,test
C:\Capstone\DeepfakeBench\datasets\rgb\FaceForensics++\manipulated_sequences\Deepfakes\c23\frames\712_716\022.png,712_716,1,test
C:\Capstone\DeepfakeBench\datasets\rgb\FaceForensics++\manipulated_sequences\Deepfakes\c23\frames\712_716\023.png,712_716,1,test
C:\Capstone\DeepfakeBench\datasets\rgb\FaceForensics++\manipulated_sequences\Deepfakes\c23\frames\712_716\024.png,712_716,1,test
C:\Capstone\DeepfakeBench\datasets\rgb\FaceForensics++\manipulated_sequences\Deepfakes\c23\frames\712_716\025.png,712_716,1,test
C:\Capstone\DeepfakeBench\datasets\rgb\FaceForensics++\manipulated_sequences\Deepfakes\c23\frames\712_716\026.png,712_716,1,test
C:\Capstone\DeepfakeBench\datasets\rgb\FaceForensics++\manipulated_sequences\Deepfakes\c23\frames\712_716\027.png,712_716,1,test
C:\Capstone\DeepfakeBench\datasets\rgb\FaceForensics++\manipulated_sequences\Deepfakes\c23\frames\712_716\028.png,712_716,1,test
C:\Capstone\DeepfakeBench\datasets\rgb\FaceForensics++\manipulated_sequences\Deepfakes\c23\frames\712_716\029.png,712_716,1,test
C:\Capstone\DeepfakeBench\datasets\rgb\FaceForensics++\manipulated_sequences\Deepfakes\c23\frames\712_716\030.png,712_716,1,test
C:\Capstone\DeepfakeBench\datasets\rgb\FaceForensics++\manipulated_sequences\Deepfakes\c23\frames\712_716\031.png,712_716,1,test
C:\Capstone\DeepfakeBench\datasets\rgb\FaceForensics++\original_sequences\youtube\c23\frames\252\000.png,252,0,test
C:\Capstone\DeepfakeBench\datasets\rgb\FaceForensics++\original_sequences\youtube\c23\frames\252\001.png,252,0,test
C:\Capstone\DeepfakeBench\datasets\rgb\FaceForensics++\original_sequences\youtube\c23\frames\252\002.png,252,0,test
C:\Capstone\DeepfakeBench\datasets\rgb\FaceForensics++\original_sequences\youtube\c23\frames\252\003.png,252,0,test
C:\Capstone\DeepfakeBench\datasets\rgb\FaceForensics++\original_sequences\youtube\c23\frames\252\004.png,252,0,test
C:\Capstone\DeepfakeBench\datasets\rgb\FaceForensics++\original_sequences\youtube\c23\frames\252\005.png,252,0,test
C:\Capstone\DeepfakeBench\datasets\rgb\FaceForensics++\original_sequences\youtube\c23\frames\252\006.png,252,0,test
C:\Capstone\DeepfakeBench\datasets\rgb\FaceForensics++\original_sequences\youtube\c23\frames\252\007.png,252,0,test
C:\Capstone\DeepfakeBench\datasets\rgb\FaceForensics++\original_sequences\youtube\c23\frames\252\008.png,252,0,test
C:\Capstone\DeepfakeBench\datasets\rgb\FaceForensics++\original_sequences\youtube\c23\frames\252\009.png,252,0,test
C:\Capstone\DeepfakeBench\datasets\rgb\FaceForensics++\original_sequences\youtube\c23\frames\252\010.png,252,0,test
C:\Capstone\DeepfakeBench\datasets\rgb\FaceForensics++\original_sequences\youtube\c23\frames\252\011.png,252,0,test
C:\Capstone\DeepfakeBench\datasets\rgb\FaceForensics++\original_sequences\youtube\c23\frames\252\012.png,252,0,test
C:\Capstone\DeepfakeBench\datasets\rgb\FaceForensics++\original_sequences\youtube\c23\frames\252\013.png,252,0,test
C:\Capstone\DeepfakeBench\datasets\rgb\FaceForensics++\original_sequences\youtube\c23\frames\252\014.png,252,0,test
C:\Capstone\DeepfakeBench\datasets\rgb\FaceForensics++\original_sequences\youtube\c23\frames\252\015.png,252,0,test
C:\Capstone\DeepfakeBench\datasets\rgb\FaceForensics++\original_sequences\youtube\c23\frames\252\016.png,252,0,test
C:\Capstone\DeepfakeBench\datasets\rgb\FaceForensics++\original_sequences\youtube\c23\frames\252\017.png,252,0,test
C:\Capstone\DeepfakeBench\datasets\rgb\FaceForensics++\original_sequences\youtube\c23\frames\252\018.png,252,0,test
C:\Capstone\DeepfakeBench\datasets\rgb\FaceForensics++\original_sequences\youtube\c23\frames\252\019.png,252,0,test
C:\Capstone\DeepfakeBench\datasets\rgb\FaceForensics++\original_sequences\youtube\c23\frames\252\020.png,252,0,test
C:\Capstone\DeepfakeBench\datasets\rgb\FaceForensics++\original_sequences\youtube\c23\frames\252\021.png,252,0,test
C:\Capstone\DeepfakeBench\datasets\rgb\FaceForensics++\original_sequences\youtube\c23\frames\252\022.png,252,0,test
C:\Capstone\DeepfakeBench\datasets\rgb\FaceForensics++\original_sequences\youtube\c23\frames\252\023.png,252,0,test
C:\Capstone\DeepfakeBench\datasets\rgb\FaceForensics++\original_sequences\youtube\c23\frames\252\024.png,252,0,test
C:\Capstone\DeepfakeBench\datasets\rgb\FaceForensics++\original_sequences\youtube\c23\frames\252\025.png,252,0,test
C:\Capstone\DeepfakeBench\datasets\rgb\FaceForensics++\original_sequences\youtube\c23\frames\252\026.png,252,0,test
C:\Capstone\DeepfakeBench\datasets\rgb\FaceForensics++\original_sequences\youtube\c23\frames\252\027.png,252,0,test
C:\Capstone\DeepfakeBench\datasets\rgb\FaceForensics++\original_sequences\youtube\c23\frames\252\028.png,252,0,test
C:\Capstone\DeepfakeBench\datasets\rgb\FaceForensics++\original_sequences\youtube\c23\frames\252\029.png,252,0,test
C:\Capstone\DeepfakeBench\datasets\rgb\FaceForensics++\original_sequences\youtube\c23\frames\252\030.png,252,0,test
C:\Capstone\DeepfakeBench\datasets\rgb\FaceForensics++\original_sequences\youtube\c23\frames\252\031.png,252,0,test
C:\Capstone\DeepfakeBench\datasets\rgb\FaceForensics++\manipulated_sequences\Deepfakes\c23\frames\920_811\000.png,920_811,1,test
C:\Capstone\DeepfakeBench\datasets\rgb\FaceForensics++\manipulated_sequences\Deepfakes\c23\frames\920_811\001.png,920_811,1,test
C:\Capstone\DeepfakeBench\datasets\rgb\FaceForensics++\manipulated_sequences\Deepfakes\c23\frames\920_811\002.png,920_811,1,test
C:\Capstone\DeepfakeBench\datasets\rgb\FaceForensics++\manipulated_sequences\Deepfakes\c23\frames\920_811\003.png,920_811,1,test
C:\Capstone\DeepfakeBench\datasets\rgb\FaceForensics++\manipulated_sequences\Deepfakes\c23\frames\920_811\004.png,920_811,1,test
C:\Capstone\DeepfakeBench\datasets\rgb\FaceForensics++\manipulated_sequences\Deepfakes\c23\frames\920_811\005.png,920_811,1,test
C:\Capstone\DeepfakeBench\datasets\rgb\FaceForensics++\manipulated_sequences\Deepfakes\c23\frames\920_811\006.png,920_811,1,test
C:\Capstone\DeepfakeBench\datasets\rgb\FaceForensics++\manipulated_sequences\Deepfakes\c23\frames\920_811\007.png,920_811,1,test
C:\Capstone\DeepfakeBench\datasets\rgb\FaceForensics++\manipulated_sequences\Deepfakes\c23\frames\920_811\008.png,920_811,1,test
C:\Capstone\DeepfakeBench\datasets\rgb\FaceForensics++\manipulated_sequences\Deepfakes\c23\frames\920_811\009.png,920_811,1,test
C:\Capstone\DeepfakeBench\datasets\rgb\FaceForensics++\manipulated_sequences\Deepfakes\c23\frames\920_811\010.png,920_811,1,test
C:\Capstone\DeepfakeBench\datasets\rgb\FaceForensics++\manipulated_sequences\Deepfakes\c23\frames\920_811\011.png,920_811,1,test
C:\Capstone\DeepfakeBench\datasets\rgb\FaceForensics++\manipulated_sequences\Deepfakes\c23\frames\920_811\012.png,920_811,1,test
C:\Capstone\DeepfakeBench\datasets\rgb\FaceForensics++\manipulated_sequences\Deepfakes\c23\frames\920_811\013.png,920_811,1,test
C:\Capstone\DeepfakeBench\datasets\rgb\FaceForensics++\manipulated_sequences\Deepfakes\c23\frames\920_811\014.png,920_811,1,test
C:\Capstone\DeepfakeBench\datasets\rgb\FaceForensics++\manipulated_sequences\Deepfakes\c23\frames\920_811\015.png,920_811,1,test
C:\Capstone\DeepfakeBench\datasets\rgb\FaceForensics++\manipulated_sequences\Deepfakes\c23\frames\920_811\016.png,920_811,1,test
C:\Capstone\DeepfakeBench\datasets\rgb\FaceForensics++\manipulated_sequences\Deepfakes\c23\frames\920_811\017.png,920_811,1,test
C:\Capstone\DeepfakeBench\datasets\rgb\FaceForensics++\manipulated_sequences\Deepfakes\c23\frames\920_811\018.png,920_811,1,test
C:\Capstone\DeepfakeBench\datasets\rgb\FaceForensics++\manipulated_sequences\Deepfakes\c23\frames\920_811\019.png,920_811,1,test
C:\Capstone\DeepfakeBench\datasets\rgb\FaceForensics++\manipulated_sequences\Deepfakes\c23\frames\920_811\020.png,920_811,1,test
C:\Capstone\DeepfakeBench\datasets\rgb\FaceForensics++\manipulated_sequences\Deepfakes\c23\frames\920_811\021.png,920_811,1,test
C:\Capstone\DeepfakeBench\datasets\rgb\FaceForensics++\manipulated_sequences\Deepfakes\c23\frames\920_811\022.png,920_811,1,test
C:\Capstone\DeepfakeBench\datasets\rgb\FaceForensics++\manipulated_sequences\Deepfakes\c23\frames\920_811\023.png,920_811,1,test
C:\Capstone\DeepfakeBench\datasets\rgb\FaceForensics++\manipulated_sequences\Deepfakes\c23\frames\920_811\024.png,920_811,1,test
C:\Capstone\DeepfakeBench\datasets\rgb\FaceForensics++\manipulated_sequences\Deepfakes\c23\frames\920_811\025.png,920_811,1,test
C:\Capstone\DeepfakeBench\datasets\rgb\FaceForensics++\manipulated_sequences\Deepfakes\c23\frames\920_811\026.png,920_811,1,test
C:\Capstone\DeepfakeBench\datasets\rgb\FaceForensics++\manipulated_sequences\Deepfakes\c23\frames\920_811\027.png,920_811,1,test
C:\Capstone\DeepfakeBench\datasets\rgb\FaceForensics++\manipulated_sequences\Deepfakes\c23\frames\920_811\028.png,920_811,1,test
C:\Capstone\DeepfakeBench\datasets\rgb\FaceForensics++\manipulated_sequences\Deepfakes\c23\frames\920_811\029.png,920_811,1,test
C:\Capstone\DeepfakeBench\datasets\rgb\FaceForensics++\manipulated_sequences\Deepfakes\c23\frames\920_811\030.png,920_811,1,test
C:\Capstone\DeepfakeBench\datasets\rgb\FaceForensics++\manipulated_sequences\Deepfakes\c23\frames\920_811\031.png,920_811,1,test
C:\Capstone\DeepfakeBench\datasets\rgb\FaceForensics++\original_sequences\youtube\c23\frames\288\000.png,288,0,test
C:\Capstone\DeepfakeBench\datasets\rgb\FaceForensics++\original_sequences\youtube\c23\frames\288\001.png,288,0,test
C:\Capstone\DeepfakeBench\datasets\rgb\FaceForensics++\original_sequences\youtube\c23\frames\288\002.png,288,0,test
C:\Capstone\DeepfakeBench\datasets\rgb\FaceForensics++\original_sequences\youtube\c23\frames\288\003.png,288,0,test
C:\Capstone\DeepfakeBench\datasets\rgb\FaceForensics++\original_sequences\youtube\c23\frames\288\004.png,288,0,test
C:\Capstone\DeepfakeBench\datasets\rgb\FaceForensics++\original_sequences\youtube\c23\frames\288\005.png,288,0,test
C:\Capstone\DeepfakeBench\datasets\rgb\FaceForensics++\original_sequences\youtube\c23\frames\288\006.png,288,0,test
C:\Capstone\DeepfakeBench\datasets\rgb\FaceForensics++\original_sequences\youtube\c23\frames\288\007.png,288,0,test
C:\Capstone\DeepfakeBench\datasets\rgb\FaceForensics++\original_sequences\youtube\c23\frames\288\008.png,288,0,test
C:\Capstone\DeepfakeBench\datasets\rgb\FaceForensics++\original_sequences\youtube\c23\frames\288\009.png,288,0,test
C:\Capstone\DeepfakeBench\datasets\rgb\FaceForensics++\original_sequences\youtube\c23\frames\288\010.png,288,0,test
C:\Capstone\DeepfakeBench\datasets\rgb\FaceForensics++\original_sequences\youtube\c23\frames\288\011.png,288,0,test
C:\Capstone\DeepfakeBench\datasets\rgb\FaceForensics++\original_sequences\youtube\c23\frames\288\012.png,288,0,test
C:\Capstone\DeepfakeBench\datasets\rgb\FaceForensics++\original_sequences\youtube\c23\frames\288\013.png,288,0,test
C:\Capstone\DeepfakeBench\datasets\rgb\FaceForensics++\original_sequences\youtube\c23\frames\288\014.png,288,0,test
C:\Capstone\DeepfakeBench\datasets\rgb\FaceForensics++\original_sequences\youtube\c23\frames\288\015.png,288,0,test
C:\Capstone\DeepfakeBench\datasets\rgb\FaceForensics++\original_sequences\youtube\c23\frames\288\016.png,288,0,test
C:\Capstone\DeepfakeBench\datasets\rgb\FaceForensics++\original_sequences\youtube\c23\frames\288\017.png,288,0,test
C:\Capstone\DeepfakeBench\datasets\rgb\FaceForensics++\original_sequences\youtube\c23\frames\288\018.png,288,0,test
C:\Capstone\DeepfakeBench\datasets\rgb\FaceForensics++\original_sequences\youtube\c23\frames\288\019.png,288,0,test
C:\Capstone\DeepfakeBench\datasets\rgb\FaceForensics++\original_sequences\youtube\c23\frames\288\020.png,288,0,test
C:\Capstone\DeepfakeBench\datasets\rgb\FaceForensics++\original_sequences\youtube\c23\frames\288\021.png,288,0,test
C:\Capstone\DeepfakeBench\datasets\rgb\FaceForensics++\original_sequences\youtube\c23\frames\288\022.png,288,0,test
C:\Capstone\DeepfakeBench\datasets\rgb\FaceForensics++\original_sequences\youtube\c23\frames\288\023.png,288,0,test
C:\Capstone\DeepfakeBench\datasets\rgb\FaceForensics++\original_sequences\youtube\c23\frames\288\024.png,288,0,test
C:\Capstone\DeepfakeBench\datasets\rgb\FaceForensics++\original_sequences\youtube\c23\frames\288\025.png,288,0,test
C:\Capstone\DeepfakeBench\datasets\rgb\FaceForensics++\original_sequences\youtube\c23\frames\288\026.png,288,0,test
C:\Capstone\DeepfakeBench\datasets\rgb\FaceForensics++\original_sequences\youtube\c23\frames\288\027.png,288,0,test
C:\Capstone\DeepfakeBench\datasets\rgb\FaceForensics++\original_sequences\youtube\c23\frames\288\028.png,288,0,test
C:\Capstone\DeepfakeBench\datasets\rgb\FaceForensics++\original_sequences\youtube\c23\frames\288\029.png,288,0,test
C:\Capstone\DeepfakeBench\datasets\rgb\FaceForensics++\original_sequences\youtube\c23\frames\288\030.png,288,0,test
C:\Capstone\DeepfakeBench\datasets\rgb\FaceForensics++\original_sequences\youtube\c23\frames\288\031.png,288,0,test
C:\Capstone\DeepfakeBench\datasets\rgb\FaceForensics++\original_sequences\youtube\c23\frames\572\000.png,572,0,test
C:\Capstone\DeepfakeBench\datasets\rgb\FaceForensics++\original_sequences\youtube\c23\frames\572\001.png,572,0,test
C:\Capstone\DeepfakeBench\datasets\rgb\FaceForensics++\original_sequences\youtube\c23\frames\572\002.png,572,0,test
C:\Capstone\DeepfakeBench\datasets\rgb\FaceForensics++\original_sequences\youtube\c23\frames\572\003.png,572,0,test
C:\Capstone\DeepfakeBench\datasets\rgb\FaceForensics++\original_sequences\youtube\c23\frames\572\004.png,572,0,test
C:\Capstone\DeepfakeBench\datasets\rgb\FaceForensics++\original_sequences\youtube\c23\frames\572\005.png,572,0,test
C:\Capstone\DeepfakeBench\datasets\rgb\FaceForensics++\original_sequences\youtube\c23\frames\572\006.png,572,0,test
C:\Capstone\DeepfakeBench\datasets\rgb\FaceForensics++\original_sequences\youtube\c23\frames\572\007.png,572,0,test
C:\Capstone\DeepfakeBench\datasets\rgb\FaceForensics++\original_sequences\youtube\c23\frames\572\008.png,572,0,test
C:\Capstone\DeepfakeBench\datasets\rgb\FaceForensics++\original_sequences\youtube\c23\frames\572\009.png,572,0,test
C:\Capstone\DeepfakeBench\datasets\rgb\FaceForensics++\original_sequences\youtube\c23\frames\572\010.png,572,0,test
C:\Capstone\DeepfakeBench\datasets\rgb\FaceForensics++\original_sequences\youtube\c23\frames\572\011.png,572,0,test
C:\Capstone\DeepfakeBench\datasets\rgb\FaceForensics++\original_sequences\youtube\c23\frames\572\012.png,572,0,test
C:\Capstone\DeepfakeBench\datasets\rgb\FaceForensics++\original_sequences\youtube\c23\frames\572\013.png,572,0,test
C:\Capstone\DeepfakeBench\datasets\rgb\FaceForensics++\original_sequences\youtube\c23\frames\572\014.png,572,0,test
C:\Capstone\DeepfakeBench\datasets\rgb\FaceForensics++\original_sequences\youtube\c23\frames\572\015.png,572,0,test
C:\Capstone\DeepfakeBench\datasets\rgb\FaceForensics++\original_sequences\youtube\c23\frames\572\016.png,572,0,test
C:\Capstone\DeepfakeBench\datasets\rgb\FaceForensics++\original_sequences\youtube\c23\frames\572\017.png,572,0,test
C:\Capstone\DeepfakeBench\datasets\rgb\FaceForensics++\original_sequences\youtube\c23\frames\572\018.png,572,0,test
C:\Capstone\DeepfakeBench\datasets\rgb\FaceForensics++\original_sequences\youtube\c23\frames\572\019.png,572,0,test
C:\Capstone\DeepfakeBench\datasets\rgb\FaceForensics++\original_sequences\youtube\c23\frames\572\020.png,572,0,test
C:\Capstone\DeepfakeBench\datasets\rgb\FaceForensics++\original_sequences\youtube\c23\frames\572\021.png,572,0,test
C:\Capstone\DeepfakeBench\datasets\rgb\FaceForensics++\original_sequences\youtube\c23\frames\572\022.png,572,0,test
C:\Capstone\DeepfakeBench\datasets\rgb\FaceForensics++\original_sequences\youtube\c23\frames\572\023.png,572,0,test
C:\Capstone\DeepfakeBench\datasets\rgb\FaceForensics++\original_sequences\youtube\c23\frames\572\024.png,572,0,test
C:\Capstone\DeepfakeBench\datasets\rgb\FaceForensics++\original_sequences\youtube\c23\frames\572\025.png,572,0,test
C:\Capstone\DeepfakeBench\datasets\rgb\FaceForensics++\original_sequences\youtube\c23\frames\572\026.png,572,0,test
C:\Capstone\DeepfakeBench\datasets\rgb\FaceForensics++\original_sequences\youtube\c23\frames\572\027.png,572,0,test
C:\Capstone\DeepfakeBench\datasets\rgb\FaceForensics++\original_sequences\youtube\c23\frames\572\028.png,572,0,test
C:\Capstone\DeepfakeBench\datasets\rgb\FaceForensics++\original_sequences\youtube\c23\frames\572\029.png,572,0,test
C:\Capstone\DeepfakeBench\datasets\rgb\FaceForensics++\original_sequences\youtube\c23\frames\572\030.png,572,0,test
C:\Capstone\DeepfakeBench\datasets\rgb\FaceForensics++\original_sequences\youtube\c23\frames\572\031.png,572,0,test
C:\Capstone\DeepfakeBench\datasets\rgb\FaceForensics++\original_sequences\youtube\c23\frames\607\000.png,607,0,test
C:\Capstone\DeepfakeBench\datasets\rgb\FaceForensics++\original_sequences\youtube\c23\frames\607\001.png,607,0,test
C:\Capstone\DeepfakeBench\datasets\rgb\FaceForensics++\original_sequences\youtube\c23\frames\607\002.png,607,0,test
C:\Capstone\DeepfakeBench\datasets\rgb\FaceForensics++\original_sequences\youtube\c23\frames\607\003.png,607,0,test
C:\Capstone\DeepfakeBench\datasets\rgb\FaceForensics++\original_sequences\youtube\c23\frames\607\004.png,607,0,test
C:\Capstone\DeepfakeBench\datasets\rgb\FaceForensics++\original_sequences\youtube\c23\frames\607\005.png,607,0,test
C:\Capstone\DeepfakeBench\datasets\rgb\FaceForensics++\original_sequences\youtube\c23\frames\607\006.png,607,0,test
C:\Capstone\DeepfakeBench\datasets\rgb\FaceForensics++\original_sequences\youtube\c23\frames\607\007.png,607,0,test
C:\Capstone\DeepfakeBench\datasets\rgb\FaceForensics++\original_sequences\youtube\c23\frames\607\008.png,607,0,test
C:\Capstone\DeepfakeBench\datasets\rgb\FaceForensics++\original_sequences\youtube\c23\frames\607\009.png,607,0,test
C:\Capstone\DeepfakeBench\datasets\rgb\FaceForensics++\original_sequences\youtube\c23\frames\607\010.png,607,0,test
C:\Capstone\DeepfakeBench\datasets\rgb\FaceForensics++\original_sequences\youtube\c23\frames\607\011.png,607,0,test
C:\Capstone\DeepfakeBench\datasets\rgb\FaceForensics++\original_sequences\youtube\c23\frames\607\012.png,607,0,test
C:\Capstone\DeepfakeBench\datasets\rgb\FaceForensics++\original_sequences\youtube\c23\frames\607\013.png,607,0,test
C:\Capstone\DeepfakeBench\datasets\rgb\FaceForensics++\original_sequences\youtube\c23\frames\607\014.png,607,0,test
C:\Capstone\DeepfakeBench\datasets\rgb\FaceForensics++\original_sequences\youtube\c23\frames\607\015.png,607,0,test
C:\Capstone\DeepfakeBench\datasets\rgb\FaceForensics++\original_sequences\youtube\c23\frames\607\016.png,607,0,test
C:\Capstone\DeepfakeBench\datasets\rgb\FaceForensics++\original_sequences\youtube\c23\frames\607\017.png,607,0,test
C:\Capstone\DeepfakeBench\datasets\rgb\FaceForensics++\original_sequences\youtube\c23\frames\607\018.png,607,0,test
C:\Capstone\DeepfakeBench\datasets\rgb\FaceForensics++\original_sequences\youtube\c23\frames\607\019.png,607,0,test
C:\Capstone\DeepfakeBench\datasets\rgb\FaceForensics++\original_sequences\youtube\c23\frames\607\020.png,607,0,test
C:\Capstone\DeepfakeBench\datasets\rgb\FaceForensics++\original_sequences\youtube\c23\frames\607\021.png,607,0,test
C:\Capstone\DeepfakeBench\datasets\rgb\FaceForensics++\original_sequences\youtube\c23\frames\607\022.png,607,0,test
C:\Capstone\DeepfakeBench\datasets\rgb\FaceForensics++\original_sequences\youtube\c23\frames\607\023.png,607,0,test
C:\Capstone\DeepfakeBench\datasets\rgb\FaceForensics++\original_sequences\youtube\c23\frames\607\024.png,607,0,test
C:\Capstone\DeepfakeBench\datasets\rgb\FaceForensics++\original_sequences\youtube\c23\frames\607\025.png,607,0,test
C:\Capstone\DeepfakeBench\datasets\rgb\FaceForensics++\original_sequences\youtube\c23\frames\607\026.png,607,0,test
C:\Capstone\DeepfakeBench\datasets\rgb\FaceForensics++\original_sequences\youtube\c23\frames\607\027.png,607,0,test
C:\Capstone\DeepfakeBench\datasets\rgb\FaceForensics++\original_sequences\youtube\c23\frames\607\028.png,607,0,test
C:\Capstone\DeepfakeBench\datasets\rgb\FaceForensics++\original_sequences\youtube\c23\frames\607\029.png,607,0,test
C:\Capstone\DeepfakeBench\datasets\rgb\FaceForensics++\original_sequences\youtube\c23\frames\607\030.png,607,0,test
C:\Capstone\DeepfakeBench\datasets\rgb\FaceForensics++\original_sequences\youtube\c23\frames\607\031.png,607,0,test
C:\Capstone\DeepfakeBench\datasets\rgb\FaceForensics++\original_sequences\youtube\c23\frames\672\000.png,672,0,test
C:\Capstone\DeepfakeBench\datasets\rgb\FaceForensics++\original_sequences\youtube\c23\frames\672\001.png,672,0,test
C:\Capstone\DeepfakeBench\datasets\rgb\FaceForensics++\original_sequences\youtube\c23\frames\672\002.png,672,0,test
C:\Capstone\DeepfakeBench\datasets\rgb\FaceForensics++\original_sequences\youtube\c23\frames\672\003.png,672,0,test
C:\Capstone\DeepfakeBench\datasets\rgb\FaceForensics++\original_sequences\youtube\c23\frames\672\004.png,672,0,test
C:\Capstone\DeepfakeBench\datasets\rgb\FaceForensics++\original_sequences\youtube\c23\frames\672\005.png,672,0,test
C:\Capstone\DeepfakeBench\datasets\rgb\FaceForensics++\original_sequences\youtube\c23\frames\672\006.png,672,0,test
C:\Capstone\DeepfakeBench\datasets\rgb\FaceForensics++\original_sequences\youtube\c23\frames\672\007.png,672,0,test
C:\Capstone\DeepfakeBench\datasets\rgb\FaceForensics++\original_sequences\youtube\c23\frames\672\008.png,672,0,test
C:\Capstone\DeepfakeBench\datasets\rgb\FaceForensics++\original_sequences\youtube\c23\frames\672\009.png,672,0,test
C:\Capstone\DeepfakeBench\datasets\rgb\FaceForensics++\original_sequences\youtube\c23\frames\672\010.png,672,0,test
C:\Capstone\DeepfakeBench\datasets\rgb\FaceForensics++\original_sequences\youtube\c23\frames\672\011.png,672,0,test
C:\Capstone\DeepfakeBench\datasets\rgb\FaceForensics++\original_sequences\youtube\c23\frames\672\012.png,672,0,test
C:\Capstone\DeepfakeBench\datasets\rgb\FaceForensics++\original_sequences\youtube\c23\frames\672\013.png,672,0,test
C:\Capstone\DeepfakeBench\datasets\rgb\FaceForensics++\original_sequences\youtube\c23\frames\672\014.png,672,0,test
C:\Capstone\DeepfakeBench\datasets\rgb\FaceForensics++\original_sequences\youtube\c23\frames\672\015.png,672,0,test
C:\Capstone\DeepfakeBench\datasets\rgb\FaceForensics++\original_sequences\youtube\c23\frames\672\016.png,672,0,test
C:\Capstone\DeepfakeBench\datasets\rgb\FaceForensics++\original_sequences\youtube\c23\frames\672\017.png,672,0,test
C:\Capstone\DeepfakeBench\datasets\rgb\FaceForensics++\original_sequences\youtube\c23\frames\672\018.png,672,0,test
C:\Capstone\DeepfakeBench\datasets\rgb\FaceForensics++\original_sequences\youtube\c23\frames\672\019.png,672,0,test
C:\Capstone\DeepfakeBench\datasets\rgb\FaceForensics++\original_sequences\youtube\c23\frames\672\020.png,672,0,test
C:\Capstone\DeepfakeBench\datasets\rgb\FaceForensics++\original_sequences\youtube\c23\frames\672\021.png,672,0,test
C:\Capstone\DeepfakeBench\datasets\rgb\FaceForensics++\original_sequences\youtube\c23\frames\672\022.png,672,0,test
C:\Capstone\DeepfakeBench\datasets\rgb\FaceForensics++\original_sequences\youtube\c23\frames\672\023.png,672,0,test
C:\Capstone\DeepfakeBench\datasets\rgb\FaceForensics++\original_sequences\youtube\c23\frames\672\024.png,672,0,test
C:\Capstone\DeepfakeBench\datasets\rgb\FaceForensics++\original_sequences\youtube\c23\frames\672\025.png,672,0,test
C:\Capstone\DeepfakeBench\datasets\rgb\FaceForensics++\original_sequences\youtube\c23\frames\672\026.png,672,0,test
C:\Capstone\DeepfakeBench\datasets\rgb\FaceForensics++\original_sequences\youtube\c23\frames\672\027.png,672,0,test
C:\Capstone\DeepfakeBench\datasets\rgb\FaceForensics++\original_sequences\youtube\c23\frames\672\028.png,672,0,test
C:\Capstone\DeepfakeBench\datasets\rgb\FaceForensics++\original_sequences\youtube\c23\frames\672\029.png,672,0,test
C:\Capstone\DeepfakeBench\datasets\rgb\FaceForensics++\original_sequences\youtube\c23\frames\672\030.png,672,0,test
C:\Capstone\DeepfakeBench\datasets\rgb\FaceForensics++\original_sequences\youtube\c23\frames\672\031.png,672,0,test
C:\Capstone\DeepfakeBench\datasets\rgb\FaceForensics++\manipulated_sequences\Deepfakes\c23\frames\924_917\000.png,924_917,1,test
C:\Capstone\DeepfakeBench\datasets\rgb\FaceForensics++\manipulated_sequences\Deepfakes\c23\frames\924_917\001.png,924_917,1,test
C:\Capstone\DeepfakeBench\datasets\rgb\FaceForensics++\manipulated_sequences\Deepfakes\c23\frames\924_917\002.png,924_917,1,test
C:\Capstone\DeepfakeBench\datasets\rgb\FaceForensics++\manipulated_sequences\Deepfakes\c23\frames\924_917\003.png,924_917,1,test
C:\Capstone\DeepfakeBench\datasets\rgb\FaceForensics++\manipulated_sequences\Deepfakes\c23\frames\924_917\004.png,924_917,1,test
C:\Capstone\DeepfakeBench\datasets\rgb\FaceForensics++\manipulated_sequences\Deepfakes\c23\frames\924_917\005.png,924_917,1,test
C:\Capstone\DeepfakeBench\datasets\rgb\FaceForensics++\manipulated_sequences\Deepfakes\c23\frames\924_917\006.png,924_917,1,test
C:\Capstone\DeepfakeBench\datasets\rgb\FaceForensics++\manipulated_sequences\Deepfakes\c23\frames\924_917\007.png,924_917,1,test
C:\Capstone\DeepfakeBench\datasets\rgb\FaceForensics++\manipulated_sequences\Deepfakes\c23\frames\924_917\008.png,924_917,1,test
C:\Capstone\DeepfakeBench\datasets\rgb\FaceForensics++\manipulated_sequences\Deepfakes\c23\frames\924_917\009.png,924_917,1,test
C:\Capstone\DeepfakeBench\datasets\rgb\FaceForensics++\manipulated_sequences\Deepfakes\c23\frames\924_917\010.png,924_917,1,test
C:\Capstone\DeepfakeBench\datasets\rgb\FaceForensics++\manipulated_sequences\Deepfakes\c23\frames\924_917\011.png,924_917,1,test
C:\Capstone\DeepfakeBench\datasets\rgb\FaceForensics++\manipulated_sequences\Deepfakes\c23\frames\924_917\012.png,924_917,1,test
C:\Capstone\DeepfakeBench\datasets\rgb\FaceForensics++\manipulated_sequences\Deepfakes\c23\frames\924_917\013.png,924_917,1,test
C:\Capstone\DeepfakeBench\datasets\rgb\FaceForensics++\manipulated_sequences\Deepfakes\c23\frames\924_917\014.png,924_917,1,test
C:\Capstone\DeepfakeBench\datasets\rgb\FaceForensics++\manipulated_sequences\Deepfakes\c23\frames\924_917\015.png,924_917,1,test
C:\Capstone\DeepfakeBench\datasets\rgb\FaceForensics++\manipulated_sequences\Deepfakes\c23\frames\924_917\016.png,924_917,1,test
C:\Capstone\DeepfakeBench\datasets\rgb\FaceForensics++\manipulated_sequences\Deepfakes\c23\frames\924_917\017.png,924_917,1,test
C:\Capstone\DeepfakeBench\datasets\rgb\FaceForensics++\manipulated_sequences\Deepfakes\c23\frames\924_917\018.png,924_917,1,test
C:\Capstone\DeepfakeBench\datasets\rgb\FaceForensics++\manipulated_sequences\Deepfakes\c23\frames\924_917\019.png,924_917,1,test
C:\Capstone\DeepfakeBench\datasets\rgb\FaceForensics++\manipulated_sequences\Deepfakes\c23\frames\924_917\020.png,924_917,1,test
C:\Capstone\DeepfakeBench\datasets\rgb\FaceForensics++\manipulated_sequences\Deepfakes\c23\frames\924_917\021.png,924_917,1,test
C:\Capstone\DeepfakeBench\datasets\rgb\FaceForensics++\manipulated_sequences\Deepfakes\c23\frames\924_917\022.png,924_917,1,test
C:\Capstone\DeepfakeBench\datasets\rgb\FaceForensics++\manipulated_sequences\Deepfakes\c23\frames\924_917\023.png,924_917,1,test
C:\Capstone\DeepfakeBench\datasets\rgb\FaceForensics++\manipulated_sequences\Deepfakes\c23\frames\924_917\024.png,924_917,1,test
C:\Capstone\DeepfakeBench\datasets\rgb\FaceForensics++\manipulated_sequences\Deepfakes\c23\frames\924_917\025.png,924_917,1,test
C:\Capstone\DeepfakeBench\datasets\rgb\FaceForensics++\manipulated_sequences\Deepfakes\c23\frames\924_917\026.png,924_917,1,test
C:\Capstone\DeepfakeBench\datasets\rgb\FaceForensics++\manipulated_sequences\Deepfakes\c23\frames\924_917\027.png,924_917,1,test
C:\Capstone\DeepfakeBench\datasets\rgb\FaceForensics++\manipulated_sequences\Deepfakes\c23\frames\924_917\028.png,924_917,1,test
C:\Capstone\DeepfakeBench\datasets\rgb\FaceForensics++\manipulated_sequences\Deepfakes\c23\frames\924_917\029.png,924_917,1,test
C:\Capstone\DeepfakeBench\datasets\rgb\FaceForensics++\manipulated_sequences\Deepfakes\c23\frames\924_917\030.png,924_917,1,test
C:\Capstone\DeepfakeBench\datasets\rgb\FaceForensics++\manipulated_sequences\Deepfakes\c23\frames\924_917\031.png,924_917,1,test
C:\Capstone\DeepfakeBench\datasets\rgb\FaceForensics++\original_sequences\youtube\c23\frames\062\000.png,062,0,test
C:\Capstone\DeepfakeBench\datasets\rgb\FaceForensics++\original_sequences\youtube\c23\frames\062\001.png,062,0,test
C:\Capstone\DeepfakeBench\datasets\rgb\FaceForensics++\original_sequences\youtube\c23\frames\062\002.png,062,0,test
C:\Capstone\DeepfakeBench\datasets\rgb\FaceForensics++\original_sequences\youtube\c23\frames\062\003.png,062,0,test
C:\Capstone\DeepfakeBench\datasets\rgb\FaceForensics++\original_sequences\youtube\c23\frames\062\004.png,062,0,test
C:\Capstone\DeepfakeBench\datasets\rgb\FaceForensics++\original_sequences\youtube\c23\frames\062\005.png,062,0,test
C:\Capstone\DeepfakeBench\datasets\rgb\FaceForensics++\original_sequences\youtube\c23\frames\062\006.png,062,0,test
C:\Capstone\DeepfakeBench\datasets\rgb\FaceForensics++\original_sequences\youtube\c23\frames\062\007.png,062,0,test
C:\Capstone\DeepfakeBench\datasets\rgb\FaceForensics++\original_sequences\youtube\c23\frames\062\008.png,062,0,test
C:\Capstone\DeepfakeBench\datasets\rgb\FaceForensics++\original_sequences\youtube\c23\frames\062\009.png,062,0,test
C:\Capstone\DeepfakeBench\datasets\rgb\FaceForensics++\original_sequences\youtube\c23\frames\062\010.png,062,0,test
C:\Capstone\DeepfakeBench\datasets\rgb\FaceForensics++\original_sequences\youtube\c23\frames\062\011.png,062,0,test
C:\Capstone\DeepfakeBench\datasets\rgb\FaceForensics++\original_sequences\youtube\c23\frames\062\012.png,062,0,test
C:\Capstone\DeepfakeBench\datasets\rgb\FaceForensics++\original_sequences\youtube\c23\frames\062\013.png,062,0,test
C:\Capstone\DeepfakeBench\datasets\rgb\FaceForensics++\original_sequences\youtube\c23\frames\062\014.png,062,0,test
C:\Capstone\DeepfakeBench\datasets\rgb\FaceForensics++\original_sequences\youtube\c23\frames\062\015.png,062,0,test
C:\Capstone\DeepfakeBench\datasets\rgb\FaceForensics++\original_sequences\youtube\c23\frames\062\016.png,062,0,test
C:\Capstone\DeepfakeBench\datasets\rgb\FaceForensics++\original_sequences\youtube\c23\frames\062\017.png,062,0,test
C:\Capstone\DeepfakeBench\datasets\rgb\FaceForensics++\original_sequences\youtube\c23\frames\062\018.png,062,0,test
C:\Capstone\DeepfakeBench\datasets\rgb\FaceForensics++\original_sequences\youtube\c23\frames\062\019.png,062,0,test
C:\Capstone\DeepfakeBench\datasets\rgb\FaceForensics++\original_sequences\youtube\c23\frames\062\020.png,062,0,test
C:\Capstone\DeepfakeBench\datasets\rgb\FaceForensics++\original_sequences\youtube\c23\frames\062\021.png,062,0,test
C:\Capstone\DeepfakeBench\datasets\rgb\FaceForensics++\original_sequences\youtube\c23\frames\062\022.png,062,0,test
C:\Capstone\DeepfakeBench\datasets\rgb\FaceForensics++\original_sequences\youtube\c23\frames\062\023.png,062,0,test
C:\Capstone\DeepfakeBench\datasets\rgb\FaceForensics++\original_sequences\youtube\c23\frames\062\024.png,062,0,test
C:\Capstone\DeepfakeBench\datasets\rgb\FaceForensics++\original_sequences\youtube\c23\frames\062\025.png,062,0,test
C:\Capstone\DeepfakeBench\datasets\rgb\FaceForensics++\original_sequences\youtube\c23\frames\062\026.png,062,0,test
C:\Capstone\DeepfakeBench\datasets\rgb\FaceForensics++\original_sequences\youtube\c23\frames\062\027.png,062,0,test
C:\Capstone\DeepfakeBench\datasets\rgb\FaceForensics++\original_sequences\youtube\c23\frames\062\028.png,062,0,test
C:\Capstone\DeepfakeBench\datasets\rgb\FaceForensics++\original_sequences\youtube\c23\frames\062\029.png,062,0,test
C:\Capstone\DeepfakeBench\datasets\rgb\FaceForensics++\original_sequences\youtube\c23\frames\062\030.png,062,0,test
C:\Capstone\DeepfakeBench\datasets\rgb\FaceForensics++\original_sequences\youtube\c23\frames\062\031.png,062,0,test
C:\Capstone\DeepfakeBench\datasets\rgb\FaceForensics++\original_sequences\youtube\c23\frames\254\000.png,254,0,test
C:\Capstone\DeepfakeBench\datasets\rgb\FaceForensics++\original_sequences\youtube\c23\frames\254\001.png,254,0,test
C:\Capstone\DeepfakeBench\datasets\rgb\FaceForensics++\original_sequences\youtube\c23\frames\254\002.png,254,0,test
C:\Capstone\DeepfakeBench\datasets\rgb\FaceForensics++\original_sequences\youtube\c23\frames\254\003.png,254,0,test
C:\Capstone\DeepfakeBench\datasets\rgb\FaceForensics++\original_sequences\youtube\c23\frames\254\004.png,254,0,test
C:\Capstone\DeepfakeBench\datasets\rgb\FaceForensics++\original_sequences\youtube\c23\frames\254\005.png,254,0,test
C:\Capstone\DeepfakeBench\datasets\rgb\FaceForensics++\original_sequences\youtube\c23\frames\254\006.png,254,0,test
C:\Capstone\DeepfakeBench\datasets\rgb\FaceForensics++\original_sequences\youtube\c23\frames\254\007.png,254,0,test
C:\Capstone\DeepfakeBench\datasets\rgb\FaceForensics++\original_sequences\youtube\c23\frames\254\008.png,254,0,test
C:\Capstone\DeepfakeBench\datasets\rgb\FaceForensics++\original_sequences\youtube\c23\frames\254\009.png,254,0,test
C:\Capstone\DeepfakeBench\datasets\rgb\FaceForensics++\original_sequences\youtube\c23\frames\254\010.png,254,0,test
C:\Capstone\DeepfakeBench\datasets\rgb\FaceForensics++\original_sequences\youtube\c23\frames\254\011.png,254,0,test
C:\Capstone\DeepfakeBench\datasets\rgb\FaceForensics++\original_sequences\youtube\c23\frames\254\012.png,254,0,test
C:\Capstone\DeepfakeBench\datasets\rgb\FaceForensics++\original_sequences\youtube\c23\frames\254\013.png,254,0,test
C:\Capstone\DeepfakeBench\datasets\rgb\FaceForensics++\original_sequences\youtube\c23\frames\254\014.png,254,0,test
C:\Capstone\DeepfakeBench\datasets\rgb\FaceForensics++\original_sequences\youtube\c23\frames\254\015.png,254,0,test
C:\Capstone\DeepfakeBench\datasets\rgb\FaceForensics++\original_sequences\youtube\c23\frames\254\016.png,254,0,test
C:\Capstone\DeepfakeBench\datasets\rgb\FaceForensics++\original_sequences\youtube\c23\frames\254\017.png,254,0,test
C:\Capstone\DeepfakeBench\datasets\rgb\FaceForensics++\original_sequences\youtube\c23\frames\254\018.png,254,0,test
C:\Capstone\DeepfakeBench\datasets\rgb\FaceForensics++\original_sequences\youtube\c23\frames\254\019.png,254,0,test
C:\Capstone\DeepfakeBench\datasets\rgb\FaceForensics++\original_sequences\youtube\c23\frames\254\020.png,254,0,test
C:\Capstone\DeepfakeBench\datasets\rgb\FaceForensics++\original_sequences\youtube\c23\frames\254\021.png,254,0,test
C:\Capstone\DeepfakeBench\datasets\rgb\FaceForensics++\original_sequences\youtube\c23\frames\254\022.png,254,0,test
C:\Capstone\DeepfakeBench\datasets\rgb\FaceForensics++\original_sequences\youtube\c23\frames\254\023.png,254,0,test
C:\Capstone\DeepfakeBench\datasets\rgb\FaceForensics++\original_sequences\youtube\c23\frames\254\024.png,254,0,test
C:\Capstone\DeepfakeBench\datasets\rgb\FaceForensics++\original_sequences\youtube\c23\frames\254\025.png,254,0,test
C:\Capstone\DeepfakeBench\datasets\rgb\FaceForensics++\original_sequences\youtube\c23\frames\254\026.png,254,0,test
C:\Capstone\DeepfakeBench\datasets\rgb\FaceForensics++\original_sequences\youtube\c23\frames\254\027.png,254,0,test
C:\Capstone\DeepfakeBench\datasets\rgb\FaceForensics++\original_sequences\youtube\c23\frames\254\028.png,254,0,test
C:\Capstone\DeepfakeBench\datasets\rgb\FaceForensics++\original_sequences\youtube\c23\frames\254\029.png,254,0,test
C:\Capstone\DeepfakeBench\datasets\rgb\FaceForensics++\original_sequences\youtube\c23\frames\254\030.png,254,0,test
C:\Capstone\DeepfakeBench\datasets\rgb\FaceForensics++\original_sequences\youtube\c23\frames\254\031.png,254,0,test
C:\Capstone\DeepfakeBench\datasets\rgb\FaceForensics++\manipulated_sequences\Deepfakes\c23\frames\633_529\000.png,633_529,1,test
C:\Capstone\DeepfakeBench\datasets\rgb\FaceForensics++\manipulated_sequences\Deepfakes\c23\frames\633_529\001.png,633_529,1,test
C:\Capstone\DeepfakeBench\datasets\rgb\FaceForensics++\manipulated_sequences\Deepfakes\c23\frames\633_529\002.png,633_529,1,test
C:\Capstone\DeepfakeBench\datasets\rgb\FaceForensics++\manipulated_sequences\Deepfakes\c23\frames\633_529\003.png,633_529,1,test
C:\Capstone\DeepfakeBench\datasets\rgb\FaceForensics++\manipulated_sequences\Deepfakes\c23\frames\633_529\004.png,633_529,1,test
C:\Capstone\DeepfakeBench\datasets\rgb\FaceForensics++\manipulated_sequences\Deepfakes\c23\frames\633_529\005.png,633_529,1,test
C:\Capstone\DeepfakeBench\datasets\rgb\FaceForensics++\manipulated_sequences\Deepfakes\c23\frames\633_529\006.png,633_529,1,test
C:\Capstone\DeepfakeBench\datasets\rgb\FaceForensics++\manipulated_sequences\Deepfakes\c23\frames\633_529\007.png,633_529,1,test
C:\Capstone\DeepfakeBench\datasets\rgb\FaceForensics++\manipulated_sequences\Deepfakes\c23\frames\633_529\008.png,633_529,1,test
C:\Capstone\DeepfakeBench\datasets\rgb\FaceForensics++\manipulated_sequences\Deepfakes\c23\frames\633_529\009.png,633_529,1,test
C:\Capstone\DeepfakeBench\datasets\rgb\FaceForensics++\manipulated_sequences\Deepfakes\c23\frames\633_529\010.png,633_529,1,test
C:\Capstone\DeepfakeBench\datasets\rgb\FaceForensics++\manipulated_sequences\Deepfakes\c23\frames\633_529\011.png,633_529,1,test
C:\Capstone\DeepfakeBench\datasets\rgb\FaceForensics++\manipulated_sequences\Deepfakes\c23\frames\633_529\012.png,633_529,1,test
C:\Capstone\DeepfakeBench\datasets\rgb\FaceForensics++\manipulated_sequences\Deepfakes\c23\frames\633_529\013.png,633_529,1,test
C:\Capstone\DeepfakeBench\datasets\rgb\FaceForensics++\manipulated_sequences\Deepfakes\c23\frames\633_529\014.png,633_529,1,test
C:\Capstone\DeepfakeBench\datasets\rgb\FaceForensics++\manipulated_sequences\Deepfakes\c23\frames\633_529\015.png,633_529,1,test
C:\Capstone\DeepfakeBench\datasets\rgb\FaceForensics++\manipulated_sequences\Deepfakes\c23\frames\633_529\016.png,633_529,1,test
C:\Capstone\DeepfakeBench\datasets\rgb\FaceForensics++\manipulated_sequences\Deepfakes\c23\frames\633_529\017.png,633_529,1,test
C:\Capstone\DeepfakeBench\datasets\rgb\FaceForensics++\manipulated_sequences\Deepfakes\c23\frames\633_529\018.png,633_529,1,test
C:\Capstone\DeepfakeBench\datasets\rgb\FaceForensics++\manipulated_sequences\Deepfakes\c23\frames\633_529\019.png,633_529,1,test
C:\Capstone\DeepfakeBench\datasets\rgb\FaceForensics++\manipulated_sequences\Deepfakes\c23\frames\633_529\020.png,633_529,1,test
C:\Capstone\DeepfakeBench\datasets\rgb\FaceForensics++\manipulated_sequences\Deepfakes\c23\frames\633_529\021.png,633_529,1,test
C:\Capstone\DeepfakeBench\datasets\rgb\FaceForensics++\manipulated_sequences\Deepfakes\c23\frames\633_529\022.png,633_529,1,test
C:\Capstone\DeepfakeBench\datasets\rgb\FaceForensics++\manipulated_sequences\Deepfakes\c23\frames\633_529\023.png,633_529,1,test
C:\Capstone\DeepfakeBench\datasets\rgb\FaceForensics++\manipulated_sequences\Deepfakes\c23\frames\633_529\024.png,633_529,1,test
C:\Capstone\DeepfakeBench\datasets\rgb\FaceForensics++\manipulated_sequences\Deepfakes\c23\frames\633_529\025.png,633_529,1,test
C:\Capstone\DeepfakeBench\datasets\rgb\FaceForensics++\manipulated_sequences\Deepfakes\c23\frames\633_529\026.png,633_529,1,test
C:\Capstone\DeepfakeBench\datasets\rgb\FaceForensics++\manipulated_sequences\Deepfakes\c23\frames\633_529\027.png,633_529,1,test
C:\Capstone\DeepfakeBench\datasets\rgb\FaceForensics++\manipulated_sequences\Deepfakes\c23\frames\633_529\028.png,633_529,1,test
C:\Capstone\DeepfakeBench\datasets\rgb\FaceForensics++\manipulated_sequences\Deepfakes\c23\frames\633_529\029.png,633_529,1,test
C:\Capstone\DeepfakeBench\datasets\rgb\FaceForensics++\manipulated_sequences\Deepfakes\c23\frames\633_529\030.png,633_529,1,test
C:\Capstone\DeepfakeBench\datasets\rgb\FaceForensics++\manipulated_sequences\Deepfakes\c23\frames\633_529\031.png,633_529,1,test
